ら戳,Θユ计,Θユ肂,秨絃基,程蔼基,程基,Μ絃基,害禴基畉,Θユ掸计
2015-01-05,25369082,2210737580,87.8,87.8,86.9,87.2,-0.7,12695
2015-01-06,65967122,5611395850,86.0,86.0,84.5,84.5,-2.7,33773
2015-01-07,33872596,2884075500,84.3,85.8,84.3,85.2,0.7,15794
2015-01-08,31001877,2683506287,85.9,87.0,85.7,86.9,1.7,14395
2015-01-09,22801642,1984878503,87.3,87.8,86.5,86.5,-0.4,11266
2015-01-12,23027874,1986395964,86.5,87.2,85.7,85.7,-0.8,13167
2015-01-13,26434792,2268498342,85.0,86.3,85.0,86.3,0.6,11160
2015-01-14,22512063,1927952125,86.5,86.5,85.2,85.3,-1.0,10834
2015-01-15,32395438,2755105791,85.3,85.7,84.7,84.8,-0.5,14919
2015-01-16,41931979,3535425223,84.8,84.9,84.0,84.1,-0.7,20439
2015-01-19,30077553,2526370052,84.2,84.9,83.0,83.7,-0.4,16469
2015-01-20,27837373,2350704232,83.7,85.0,83.3,84.7,1.0,13963
2015-01-21,31835104,2708110544,85.2,85.5,84.7,85.3,0.6,12531
2015-01-22,25901616,2209612955,85.6,85.7,84.8,85.5,0.2,11654
2015-01-23,71838263,6246004009,85.8,87.8,85.7,87.8,2.3,33643
2015-01-26,64344295,5686685672,87.8,89.1,87.2,88.8,1.0,28034
2015-01-27,39764117,3527873796,89.4,89.4,87.8,88.8,0.0,17731
2015-01-28,27746871,2447348983,88.5,88.6,87.9,87.9,-0.9,12526
2015-01-29,32918275,2863320954,87.8,87.8,86.5,86.7,-1.2,15445
2015-01-30,26007903,2264270652,87.7,87.7,86.7,86.7,0.0,10300
2015-02-02,30256207,2609671818,87.2,87.3,85.8,86.5,-0.2,11629
2015-02-03,24087792,2102157395,86.5,87.8,86.3,87.4,0.9,10478
2015-02-04,36083976,3168896579,87.7,88.4,87.5,87.5,0.1,12739
2015-02-05,20542159,1789046541,87.6,87.6,86.8,87.3,-0.2,7868
2015-02-06,17169148,1498692494,87.7,87.7,86.8,87.3,0.0,7612
2015-02-09,16533126,1440316062,87.4,87.4,86.9,87.0,-0.3,7246
2015-02-10,37200123,3196282013,86.5,86.7,85.5,85.5,-1.5,17647
2015-02-11,42617033,3621198415,85.0,85.5,84.7,84.8,-0.7,19735
2015-02-12,40774161,3485381753,85.2,86.4,84.5,86.2,1.4,17786
2015-02-13,28335354,2439563444,86.0,86.4,85.7,85.8,-0.4,12461
2015-02-24,58555340,5046339202,86.1,86.8,85.8,85.8,0.0,19668
2015-02-25,27641993,2378511938,85.8,86.5,85.5,86.3,0.5,12469
2015-02-26,45547240,3964463308,86.5,87.7,86.1,87.1,0.8,17708
2015-03-02,31916394,2792956361,87.7,88.4,87.0,87.1,0.0,12794
2015-03-03,21771139,1884209619,87.1,87.5,86.2,86.3,-0.8,10224
2015-03-04,61434770,5404832606,87.0,88.8,86.7,88.3,2.0,26031
2015-03-05,57112246,5067475602,88.6,89.4,87.7,88.5,0.2,24391
2015-03-06,36627012,3249549809,88.5,89.1,88.0,88.8,0.3,13044
2015-03-09,25278243,2226371904,88.4,88.6,87.8,87.8,-1.0,10131
2015-03-10,23789022,2081514048,87.9,88.2,87.1,87.1,-0.7,10654
2015-03-11,31224145,2728117774,86.5,88.0,86.4,87.3,0.2,13105
2015-03-12,38288531,3346703565,87.0,87.8,87.0,87.1,-0.2,14068
2015-03-13,36023695,3176148460,87.3,88.6,87.3,88.0,0.9,13874
2015-03-16,36470716,3203439385,88.0,88.4,87.3,87.3,-0.7,12701
2015-03-17,31124409,2728409594,87.3,88.2,87.3,87.3,0.0,9851
2015-03-18,41411280,3639266445,87.3,88.3,87.3,87.9,0.6,13386
2015-03-19,131562136,11865473696,88.3,91.2,88.3,91.1,3.2,53957
2015-03-20,117568471,10859059949,91.4,93.5,91.0,93.0,1.9,43239
2015-03-23,78554963,7371146715,93.5,94.7,93.1,93.5,0.5,29370
2015-03-24,49488731,4635114209,93.7,94.4,93.0,93.3,-0.2,18976
2015-03-25,47407471,4460908574,94.0,94.8,93.4,94.4,1.1,19080
2015-03-26,48764540,4577960527,93.9,94.4,93.0,94.4,0.0,17343
2015-03-27,52851496,4935494321,94.4,94.4,92.4,93.0,-1.4,21361
2015-03-30,42747703,4015352182,94.0,94.6,93.5,94.0,1.0,16262
2015-03-31,109910350,10178082035,94.5,94.9,91.0,91.6,-2.4,42896
2015-04-01,41384665,3794649871,91.6,92.5,90.5,91.7,0.1,16633
2015-04-02,42164583,3925799275,92.9,93.5,92.5,93.2,1.5,15636
2015-04-07,24248033,2266576663,93.8,93.9,92.8,93.6,0.4,10139
2015-04-08,32273432,3009912793,94.0,94.0,92.6,93.7,0.1,11688
2015-04-09,34454520,3206526660,93.7,93.8,92.6,93.0,-0.7,13128
2015-04-10,34247623,3184761363,93.8,93.8,92.6,93.1,0.1,11064
2015-04-13,19526574,1816390152,93.2,93.5,92.6,92.9,-0.2,8377
2015-04-14,30250174,2827521730,93.0,93.8,92.6,93.8,0.9,11120
2015-04-15,48176615,4455823474,93.5,93.9,91.8,92.1,-1.7,20460
2015-04-16,24770019,2304883867,92.9,93.4,92.6,93.3,1.2,10862
2015-04-17,25190821,2332572334,93.3,93.3,92.2,92.3,-1.0,9655
2015-04-20,25700374,2371914613,91.4,93.2,91.4,92.8,0.5,10521
2015-04-21,22696541,2098024094,92.8,93.2,92.0,92.1,-0.7,9586
2015-04-22,28665821,2643434032,91.8,93.0,91.8,92.0,-0.1,9329
2015-04-23,57193159,5330988269,92.5,94.0,92.5,93.3,1.3,21218
2015-04-24,88319965,8355807785,94.0,95.3,93.8,94.6,1.3,35695
2015-04-27,44909930,4263924318,95.1,95.4,94.6,94.7,0.1,17184
2015-04-28,50459311,4746356876,95.0,95.4,93.3,93.6,-1.1,20357
2015-04-29,42706392,3957466187,93.6,93.8,92.0,92.1,-1.5,17345
2015-04-30,32071388,2961576643,92.1,93.1,91.9,92.0,-0.1,9862
2015-05-04,23192381,2152484224,93.0,93.2,92.3,93.1,1.1,8620
2015-05-05,19623488,1825886684,93.5,93.8,92.4,93.1,0.0,7378
2015-05-06,22388121,2081147091,92.8,93.4,92.4,93.0,-0.1,8050
2015-05-07,24164603,2233090068,93.0,93.0,92.1,92.1,-0.9,9298
2015-05-08,28439590,2636425463,92.3,93.3,92.2,92.7,0.6,10466
2015-05-11,29376541,2738926713,93.8,93.9,92.3,93.2,0.5,13076
2015-05-12,15402291,1430331428,92.8,93.4,92.5,92.7,-0.5,7284
2015-05-13,41774462,3925118039,93.5,94.5,93.1,94.5,1.8,17347
2015-05-14,26024909,2440722203,94.5,94.5,93.4,93.7,-0.8,10200
2015-05-15,21583619,2013745665,93.7,93.9,92.9,93.1,-0.6,8171
2015-05-18,126258696,12114539089,95.2,96.8,95.1,96.8,3.7,44858
2015-05-19,99833299,9826694855,97.8,98.9,97.8,98.4,1.6,33757
2015-05-20,44669267,4359377590,98.5,98.5,97.0,97.5,-0.9,21255
2015-05-21,43700933,4234665601,97.0,97.4,96.5,97.0,-0.5,16831
2015-05-22,34022208,3302606771,97.2,97.9,96.3,96.5,-0.5,15005
2015-05-25,29599679,2875561167,97.5,97.7,96.6,96.9,0.4,12340
2015-05-26,22883036,2233971534,97.8,98.3,97.3,97.4,0.5,10500
2015-05-27,30319017,2956525360,97.8,98.0,97.0,97.4,0.0,10669
2015-05-28,55443809,5453226906,98.3,98.9,98.0,98.3,0.9,18925
2015-05-29,86602128,8568091928,98.7,99.3,98.3,99.1,0.8,18226
2015-06-01,36037128,3525752478,99.1,99.1,97.3,97.3,-1.8,14942
2015-06-02,35901307,3510162846,97.0,98.3,96.7,97.8,0.5,12391
2015-06-03,24318557,2365790919,97.5,98.0,96.8,97.0,-0.8,10290
2015-06-04,58763661,5614439163,97.0,97.1,94.4,94.5,-2.5,22209
2015-06-05,42210183,3981756910,94.0,95.4,93.5,94.3,-0.2,15613
2015-06-08,30900192,2926560889,94.7,95.4,93.8,94.9,0.6,12744
2015-06-09,28293611,2657562632,94.9,95.0,93.1,93.2,-1.7,12540
2015-06-10,36906458,3512862247,95.0,95.6,94.5,95.6,2.4,12595
2015-06-11,37788739,3602137890,96.3,96.7,94.5,95.8,0.2,13961
2015-06-12,15514321,1477377095,95.8,95.8,94.9,95.0,-0.8,6454
2015-06-15,19062384,1799179136,94.5,95.1,94.0,94.0,-1.0,9241
2015-06-16,23270696,2192647188,94.9,94.9,93.6,94.8,0.8,8559
2015-06-17,26416295,2493995347,95.0,95.0,93.9,94.4,-0.4,9822
2015-06-18,25733930,2433827978,94.6,95.0,94.0,94.6,0.2,8447
2015-06-22,39619718,3831081444,95.5,97.3,95.5,97.2,2.6,16259
2015-06-23,31625072,3087370084,97.7,98.3,97.0,97.1,-0.1,12205
2015-06-24,23036996,2244628166,96.9,97.7,96.9,97.6,0.5,8091
2015-06-25,77040097,7635548061,98.8,99.7,98.4,99.0,1.4,29996
2015-06-26,44332101,4384863495,99.3,99.3,98.5,99.2,0.2,13278
2015-06-29,36806190,3585039948,98.1,98.1,96.6,96.9,-2.3,14513
2015-06-30,26938820,2610964540,96.9,97.4,96.5,97.0,0.1,9456
2015-07-01,25391975,2484753850,97.4,98.3,97.0,98.0,1.0,10089
2015-07-02,20746163,2033316903,97.9,98.3,97.6,98.0,0.0,6645
2015-07-03,12800721,1246066258,97.7,97.7,97.0,97.3,-0.7,6327
2015-07-06,23085985,2225851983,96.3,97.3,95.9,96.3,-1.0,8648
2015-07-07,16724595,1628259115,97.5,97.8,96.9,97.3,1.0,6289
2015-07-08,50886713,4850678809,97.3,97.4,94.0,94.5,-2.8,19227
2015-07-09,42804900,3977903672,91.5,94.3,91.5,93.4,-1.1,19170
2015-07-13,31128407,2965898730,94.5,96.2,94.4,96.2,2.8,13377
2015-07-14,36958710,3535155650,96.8,97.2,94.7,94.7,-1.5,14932
2015-07-15,23337769,2221229951,95.9,96.0,94.6,95.7,1.0,10106
2015-07-16,17443384,1673028310,96.5,96.5,95.3,96.0,0.3,7386
2015-07-17,19974668,1908646515,96.0,96.1,95.1,95.1,-0.9,8149
2015-07-20,15708003,1499989072,95.9,96.1,94.9,95.1,0.0,6875
2015-07-21,15810908,1513555268,95.8,96.3,95.1,96.3,1.2,7637
2015-07-22,28949465,2750387594,95.0,95.8,94.7,94.8,-1.5,11907
2015-07-23,82507789,7600563520,93.5,94.3,90.5,90.5,-4.3,34916
2015-07-24,42402401,3833691082,90.7,91.5,89.5,90.5,0.0,15928
2015-07-27,26314107,2377556457,90.4,91.1,90.0,90.1,-0.4,10562
2015-07-28,27776104,2508598179,90.1,91.0,90.0,90.0,-0.1,11953
2015-07-29,50764049,4535532089,90.0,91.5,87.5,91.5,1.5,22001
2015-07-30,29245290,2667853099,91.5,92.1,90.5,90.9,-0.6,9739
2015-07-31,27876955,2529515615,91.1,91.3,90.3,90.7,-0.2,9692
2015-08-03,35313856,3153226088,91.0,91.0,88.3,89.2,-1.5,13580
2015-08-04,32607334,2908040828,89.2,90.3,88.1,89.5,0.3,14198
2015-08-05,30252453,2692998724,88.6,89.5,88.6,89.0,-0.5,9980
2015-08-06,31805977,2817623284,89.0,89.6,88.1,88.5,-0.5,12057
2015-08-07,21997753,1944425995,88.2,88.9,87.6,88.5,0.0,8242
2015-08-10,22352101,1975040389,88.5,89.2,87.8,88.5,0.0,9145
2015-08-11,37973943,3386727039,90.0,90.5,88.4,88.5,0.0,14797
2015-08-12,42743907,3719183409,87.5,88.2,86.5,86.5,-2.0,18064
2015-08-13,29946660,2601705982,86.5,87.5,86.4,87.4,0.9,13043
2015-08-14,37359791,3315900319,88.1,89.4,88.1,88.7,1.3,17604
2015-08-17,18499544,1635590700,89.0,89.0,88.0,88.2,-0.5,8098
2015-08-18,18300636,1622453875,89.0,89.3,88.2,88.3,0.1,7490
2015-08-19,30057401,2648943478,88.3,88.8,87.6,88.1,-0.2,11903
2015-08-20,27616200,2419306775,87.7,88.4,87.1,87.4,-0.7,12642
2015-08-21,46004256,3963365613,86.3,87.2,85.5,85.5,-1.9,18783
2015-08-24,88531178,7213060618,83.0,84.9,77.9,81.6,-3.9,37966
2015-08-25,60830475,5087320875,81.0,85.0,81.0,85.0,3.4,24890
2015-08-26,58576915,4911008860,84.0,84.7,83.1,83.5,-1.5,20834
2015-08-27,68806376,5813258360,84.0,85.3,84.0,84.6,1.1,22370
2015-08-28,65098024,5730492576,86.9,89.2,86.2,88.6,4.0,27229
2015-08-31,62543286,5657867812,89.5,92.5,88.8,92.5,3.9,19711
2015-09-01,60905215,5493452850,91.5,91.5,89.4,89.8,-2.7,24010
2015-09-02,105710813,9552235467,89.4,91.2,89.1,90.6,0.8,36008
2015-09-03,103079812,8666817257,84.0,84.7,83.5,83.9,0.0,37961
2015-09-04,43336825,3618908584,84.0,84.3,83.0,83.0,-0.9,19685
2015-09-07,18975858,1575915960,82.9,83.7,82.6,82.9,-0.1,9153
2015-09-08,14478807,1201540368,82.9,83.4,82.7,82.8,-0.1,7264
2015-09-09,42327296,3592520886,83.7,85.5,83.7,85.5,2.7,19784
2015-09-10,30898871,2614101735,85.0,85.0,84.3,84.6,-0.9,12917
2015-09-11,27669388,2340522880,84.6,84.9,84.2,84.7,0.1,10888
2015-09-14,20557577,1743527313,85.0,85.4,84.3,85.1,0.4,8965
2015-09-15,23573954,1996180443,85.3,85.4,84.3,84.7,-0.4,8986
2015-09-16,24894526,2112506820,85.2,85.2,84.5,85.0,0.3,10137
2015-09-17,33680144,2886245192,85.7,86.4,85.3,85.5,0.5,12134
2015-09-18,37019682,3166371052,85.5,85.9,85.0,85.5,0.0,8624
2015-09-21,29324451,2470567196,84.7,84.9,84.0,84.2,-1.3,10188
2015-09-22,18616167,1580477473,84.5,85.1,84.5,85.1,0.9,9043
2015-09-23,29795360,2505805328,84.4,84.6,83.9,84.1,-1.0,9756
2015-09-24,21977183,1837981063,84.4,84.6,82.7,83.6,-0.5,9701
2015-09-25,19030530,1599940034,84.0,84.7,83.5,84.3,0.7,8269
2015-09-30,49123446,4167102069,83.9,85.6,83.6,85.6,1.3,12721
2015-10-01,27903815,2387878433,84.9,86.0,84.7,85.9,0.3,11699
2015-10-02,23535372,2021793242,86.2,86.3,85.1,85.7,-0.2,9129
2015-10-05,21821642,1871427412,86.2,86.2,84.9,86.0,0.3,8816
2015-10-06,25192013,2176956808,86.5,86.9,86.1,86.4,0.4,9852
2015-10-07,27500089,2379117043,86.2,86.9,86.0,86.9,0.5,10749
2015-10-08,21720497,1885962339,87.4,87.5,86.4,86.7,-0.2,8229
2015-10-12,46199571,4067572211,87.8,88.5,87.6,88.1,1.4,17972
2015-10-13,29718357,2599505768,88.2,88.3,87.0,87.5,-0.6,11739
2015-10-14,30642535,2647842176,87.5,87.5,86.0,86.1,-1.4,16384
2015-10-15,41667161,3642002507,87.3,88.0,86.7,86.7,0.6,15118
2015-10-16,23105919,2022519327,87.6,87.8,87.2,87.8,1.1,9568
2015-10-19,26008511,2271699800,88.2,88.2,86.9,87.7,-0.1,9885
2015-10-20,21951718,1915072574,87.9,88.0,86.9,87.1,-0.6,6958
2015-10-21,18577477,1611727259,87.5,87.8,86.3,86.4,-0.7,8581
2015-10-22,23161530,1996815157,86.2,86.6,85.9,86.6,0.2,9285
2015-10-23,26950209,2356346543,87.8,87.8,87.0,87.4,0.8,12222
2015-10-26,36416731,3221857316,88.6,88.7,88.2,88.7,1.3,16348
2015-10-27,36848013,3253418621,89.0,89.0,87.5,88.6,-0.1,12211
2015-10-28,20203941,1774946308,88.3,88.5,87.5,88.0,-0.6,9525
2015-10-29,29809501,2598306587,88.0,88.3,86.6,86.8,-1.2,11766
2015-10-30,25674963,2224536565,87.0,87.4,86.0,86.6,-0.2,9787
2015-11-02,16294994,1416776084,87.2,87.4,86.2,87.4,0.8,6960
2015-11-03,25996506,2277591757,87.6,88.0,86.8,87.8,0.4,13545
2015-11-04,42234301,3741702432,88.2,89.0,87.8,88.7,0.9,19101
2015-11-05,20265895,1790940919,88.7,88.7,88.2,88.2,-0.5,13262
2015-11-06,36227081,3153063823,87.9,88.5,86.5,86.6,-1.6,15412
2015-11-09,22494042,1938429559,86.5,86.9,85.8,86.0,-0.6,11781
2015-11-10,39128428,3319752285,85.1,85.4,84.5,84.5,-1.5,18400
2015-11-11,47016010,3939712288,84.0,85.0,83.0,83.4,-1.1,20716
2015-11-12,22272337,1864353620,83.5,84.3,83.4,83.9,0.5,10651
2015-11-13,27333176,2286155384,83.5,84.7,83.2,83.6,-0.3,11334
2015-11-16,35694405,2957283774,82.7,83.5,82.6,82.8,-0.8,15014
2015-11-17,37553065,3191648825,84.5,85.4,84.2,85.0,2.2,18056
2015-11-18,26482727,2247669282,85.5,85.5,84.2,84.8,-0.2,12023
2015-11-19,18369447,1564077333,85.5,85.6,84.6,85.5,0.7,9477
2015-11-20,26810518,2305776448,86.3,86.3,85.6,86.0,0.5,11731
2015-11-23,17479587,1497502967,86.1,86.3,85.2,85.5,-0.5,7144
2015-11-24,18971412,1608369240,85.2,85.5,84.3,84.3,-1.2,9086
2015-11-25,17383169,1459511967,84.0,84.6,83.7,84.3,0.0,9261
2015-11-26,18798540,1604888039,85.0,86.0,84.8,85.4,1.1,8419
2015-11-27,14448433,1224717105,85.1,85.4,84.3,85.0,-0.4,5479
2015-11-30,71528936,6001811342,83.3,84.8,83.0,84.0,-1.0,16422
2015-12-01,38201571,3259679297,85.1,86.0,84.5,86.0,2.0,13875
2015-12-02,20895883,1788756127,86.1,86.2,85.1,85.7,-0.3,9530
2015-12-03,14450070,1226437450,84.6,85.3,84.6,84.7,-1.0,7620
2015-12-04,20520063,1725826810,84.2,84.4,83.8,84.2,-0.5,8460
2015-12-07,19528912,1662521802,84.6,85.8,84.6,84.7,0.5,8446
2015-12-08,24909273,2094142510,84.9,84.9,83.9,83.9,-0.8,9893
2015-12-09,20179456,1685331013,83.9,84.3,83.2,83.3,-0.6,8699
2015-12-10,29670293,2456073460,83.0,83.3,82.5,82.9,-0.4,12323
2015-12-11,37343349,3109952200,83.9,84.0,82.8,83.1,0.2,12488
2015-12-14,41451457,3352411411,81.0,81.3,80.2,80.8,-2.3,18929
2015-12-15,51309424,4110217407,80.9,81.3,79.6,80.0,-0.8,23177
2015-12-16,30970728,2485320206,81.5,81.5,79.8,80.2,0.2,14228
2015-12-17,27078038,2202248163,80.5,82.4,80.2,82.4,2.2,12418
2015-12-18,29887332,2427897690,81.4,81.7,80.9,81.2,-1.2,9592
2015-12-21,17792188,1441538823,80.5,82.0,80.3,81.4,0.2,7334
2015-12-22,18412580,1488918285,81.4,81.7,80.5,80.7,-0.7,8015
2015-12-23,18028243,1466742122,81.0,81.7,80.8,81.3,0.6,7304
2015-12-24,11630742,949895215,81.7,81.9,81.4,81.6,0.3,5579
2015-12-25,7989881,650326356,81.5,81.8,81.1,81.6,0.0,4063
2015-12-28,12508611,1017461666,81.5,81.8,81.0,81.0,-0.6,5826
2015-12-29,18037137,1457934197,81.0,81.2,80.6,80.7,-0.3,6638
2015-12-30,14245596,1152238876,81.1,81.2,80.6,80.9,0.2,5427
2015-12-31,13764229,1112123549,80.9,81.2,80.4,80.8,-0.1,4554
2016-01-04,35223237,2804319760,81.2,81.2,78.6,79.0,-1.8,16770
2016-01-05,30125219,2386189217,79.0,80.3,78.8,79.1,0.1,14528
2016-01-06,42557972,3325714092,78.3,79.1,77.3,79.0,-0.1,18197
2016-01-07,40523284,3145237135,77.5,78.5,77.0,78.3,-0.7,19184
2016-01-08,27621439,2150126885,77.2,78.3,77.2,78.0,-0.3,11120
2016-01-11,52037798,3941548966,77.1,77.2,75.3,75.4,-2.6,21521
2016-01-12,31183903,2366446781,76.0,76.5,75.4,76.3,0.9,12094
2016-01-13,22765911,1746518147,77.0,77.3,76.3,76.6,0.3,10691
2016-01-14,23289710,1754900905,75.3,76.0,74.6,76.0,-0.6,10649
2016-01-15,39925385,3005386728,76.3,76.6,74.3,75.3,-0.7,17573
2016-01-18,26696429,1986068436,73.3,75.3,73.1,74.9,-0.4,12714
2016-01-19,21056220,1583829584,75.5,75.7,74.7,75.3,0.4,9492
2016-01-20,38245743,2815100260,74.9,74.9,73.1,73.1,-2.2,17447
2016-01-21,31464728,2306793552,73.3,74.1,72.7,72.7,-0.4,12270
2016-01-22,33147265,2452723986,73.5,74.8,73.4,74.8,2.1,13520
2016-01-25,27076870,2057032785,76.2,76.2,75.5,76.0,1.2,11469
2016-01-26,16786673,1265015391,75.3,75.8,75.0,75.5,-0.5,7579
2016-01-27,18326129,1382569696,76.0,76.0,75.1,75.3,-0.2,7241
2016-01-28,29878020,2235488669,73.7,75.4,73.7,75.1,-0.2,10717
2016-01-29,47980886,3688681070,74.5,77.8,74.5,77.8,2.7,17725
2016-01-30,12962678,1016178365,78.1,78.7,78.1,78.2,0.4,6619
2016-02-01,30157185,2380536596,79.1,79.5,78.2,79.5,1.3,12679
2016-02-02,20296804,1602270378,79.8,79.9,78.4,78.4,-1.1,8980
2016-02-03,37096455,2851281820,78.0,78.1,76.3,76.6,-1.8,14846
2016-02-15,62766696,4687062431,73.9,75.5,73.8,74.7,-1.9,20856
2016-02-16,31952108,2425632902,74.8,77.0,74.8,76.6,1.9,12693
2016-02-17,30568970,2337961277,77.0,77.0,75.6,76.7,0.1,11897
2016-02-18,37357500,2896594654,77.0,77.8,76.8,77.7,1.0,11124
2016-02-19,26453471,2031965637,77.7,77.7,76.2,76.7,-1.0,10326
2016-02-22,19170876,1475401352,76.2,77.7,76.1,76.7,0.0,9178
2016-02-23,12491217,960989945,76.6,77.2,76.6,77.0,0.3,6326
2016-02-24,21319849,1639110073,77.0,78.0,76.2,76.5,-0.5,10774
2016-02-25,57174826,4484549498,76.5,80.0,76.3,78.5,2.0,28586
2016-02-26,40829071,3159358738,77.5,78.0,76.5,78.0,-0.5,16485
2016-03-01,33626757,2601641695,76.8,77.9,76.8,77.7,-0.3,12871
2016-03-02,37017482,2921496584,78.7,79.5,78.2,79.5,1.8,15917
2016-03-03,47911415,3840195571,80.5,80.5,79.5,80.5,1.0,20145
2016-03-04,64064567,5250696683,81.0,83.0,80.5,82.9,2.4,27940
2016-03-07,41415199,3415968111,83.1,83.8,81.5,81.6,-1.3,17870
2016-03-08,35495757,2915963731,81.6,83.0,81.1,83.0,1.4,15314
2016-03-09,22545828,1861757709,82.7,83.3,82.2,82.8,-0.2,9325
2016-03-10,22369892,1859499046,83.3,83.5,82.8,83.0,0.2,9615
2016-03-11,21411465,1775875095,83.0,83.2,82.3,83.2,0.2,8430
2016-03-14,25702309,2154167224,83.8,84.0,83.4,84.0,0.8,11355
2016-03-15,34133063,2830915164,84.0,84.2,82.0,82.3,-1.7,14432
2016-03-16,26268551,2186537133,82.6,84.0,82.6,83.0,0.7,10950
2016-03-17,25510531,2127337546,83.9,84.1,82.5,82.5,-0.5,10505
2016-03-18,61108150,5122968377,83.0,84.0,82.9,84.0,1.5,15464
2016-03-21,26058738,2195214172,84.4,84.6,83.5,84.5,0.5,10890
2016-03-22,23500975,1973276015,84.5,84.5,83.5,84.3,-0.2,7129
2016-03-23,21765794,1829663476,84.0,84.5,83.6,84.2,-0.1,6753
2016-03-24,22310548,1878607519,84.1,84.9,83.5,84.5,0.3,8787
2016-03-25,9545967,802554299,84.8,84.8,83.8,83.8,-0.7,4658
2016-03-28,25892636,2193102455,84.7,85.0,84.3,84.5,0.7,10311
2016-03-29,25066364,2105335416,85.0,85.0,83.2,83.7,-0.8,10466
2016-03-31,82367366,7027003188,86.1,86.8,84.0,84.8,0.0,29575
2016-04-01,32984173,2754116470,84.1,84.6,83.0,83.0,-1.8,13665
2016-04-06,42845227,3499983755,83.2,83.2,81.2,81.2,-1.8,17634
2016-04-07,27719716,2248151825,81.0,81.9,80.3,81.5,0.3,11752
2016-04-08,19158544,1560952644,81.1,81.9,80.9,81.9,0.4,6839
2016-04-11,11172615,908969169,81.8,81.9,80.7,81.2,-0.7,5228
2016-04-12,15336442,1257932644,81.8,82.6,81.2,82.0,0.8,8689
2016-04-13,34118996,2844118702,82.3,83.8,82.3,83.7,1.7,12866
2016-04-14,23561652,1952127136,83.0,83.8,82.4,82.4,-1.3,9315
2016-04-15,18495433,1528138072,82.2,83.2,81.7,82.9,0.5,7862
2016-04-18,14088317,1167142576,83.2,83.2,82.5,82.6,-0.3,6180
2016-04-19,18744362,1537015121,82.8,83.3,81.2,81.5,-1.1,8284
2016-04-20,51459224,4124103890,81.1,82.4,79.2,79.2,-2.3,24792
2016-04-21,20871346,1671359076,79.8,80.5,79.5,80.3,1.1,10099
2016-04-22,17410609,1407072129,81.1,81.1,80.3,81.0,0.7,7229
2016-04-25,14003524,1128851414,81.1,81.4,80.2,80.3,-0.7,5789
2016-04-26,18296084,1473987563,80.0,81.2,80.0,80.2,-0.1,6294
2016-04-27,25054153,1996661601,79.9,80.2,79.3,79.5,-0.7,8560
2016-04-28,30085745,2383149655,80.0,80.2,78.6,78.6,-0.9,11396
2016-04-29,38516302,2976891928,77.1,77.7,77.1,77.1,-1.5,16551
2016-05-03,31440331,2390836097,77.0,77.1,75.6,75.6,-1.5,15383
2016-05-04,33607879,2536035474,75.6,76.4,74.9,75.7,0.1,15249
2016-05-05,24899964,1877594635,75.7,76.1,75.0,75.4,-0.3,10543
2016-05-06,46281315,3427558390,75.4,75.5,73.6,73.8,-1.6,19248
2016-05-09,38311047,2795465081,74.0,74.2,72.5,72.6,-1.2,17832
2016-05-10,29746734,2199602350,72.6,74.8,72.5,74.8,2.2,13395
2016-05-11,27889767,2067590923,74.8,75.5,73.4,74.0,-0.8,11971
2016-05-12,26316063,1930895356,73.9,74.1,73.0,73.3,-0.7,9697
2016-05-13,63339780,4706304000,75.0,75.4,73.5,74.4,1.1,27592
2016-05-16,26475300,1959623182,74.1,74.4,73.5,74.0,-0.4,13009
2016-05-17,29030680,2156356027,74.2,74.7,74.0,74.3,0.3,11869
2016-05-18,28906865,2142547277,74.3,74.5,73.5,74.4,0.1,10524
2016-05-19,25348906,1879143796,74.4,74.7,73.8,74.2,-0.2,9898
2016-05-20,24261731,1802007602,74.3,74.8,74.0,74.0,-0.2,8448
2016-05-23,52975328,4053551780,74.4,77.7,74.2,77.4,3.4,21593
2016-05-24,26754761,2053542542,77.3,77.4,76.4,76.4,-1.0,13366
2016-05-25,46903474,3687122354,77.5,79.7,77.4,78.4,2.0,20032
2016-05-26,18307909,1433864127,78.5,79.0,78.0,78.1,-0.3,8594
2016-05-27,20091932,1575252705,78.6,78.9,78.1,78.4,0.3,8528
2016-05-30,25266400,2003392511,79.0,79.9,78.5,79.5,1.1,11798
2016-05-31,66579085,5316736778,79.5,80.1,79.1,80.1,0.6,11613
2016-06-01,28491260,2294863500,79.6,81.0,79.6,80.6,0.5,13259
2016-06-02,29009876,2319181117,80.7,80.8,79.2,79.3,-1.3,11505
2016-06-03,17414792,1391439460,79.5,80.2,79.5,80.0,0.7,7527
2016-06-04,5532986,443138306,79.9,80.3,79.7,80.2,0.2,3447
2016-06-06,21625003,1738847529,79.8,81.4,79.6,80.2,0.0,9765
2016-06-07,31493323,2550209533,80.8,81.2,80.6,81.1,0.9,11809
2016-06-08,37351639,3045717487,81.5,82.0,81.1,81.3,0.2,15060
2016-06-13,48285489,3819961931,79.9,80.0,78.6,78.6,-2.7,20366
2016-06-14,26410813,2095778325,78.0,79.9,78.0,79.9,1.3,10761
2016-06-15,21566955,1724184457,79.3,80.3,79.2,80.2,0.3,8973
2016-06-16,28763098,2274529587,79.5,79.6,78.6,78.8,-1.4,10720
2016-06-17,33517439,2663154297,79.2,80.1,79.0,79.3,0.5,10665
2016-06-20,25729544,2069313707,80.4,80.8,80.1,80.5,1.2,10938
2016-06-21,24933754,2010220811,80.3,81.0,80.1,80.7,0.2,9037
2016-06-22,27195855,2207554868,80.7,81.5,80.7,81.5,0.8,12309
2016-06-23,49044179,4055603657,82.0,83.0,82.0,82.9,1.4,22574
2016-06-24,64170772,5223362936,83.2,83.2,80.6,81.5,-1.4,27147
2016-06-27,20747307,1693251174,81.0,82.1,80.8,82.0,0.5,9536
2016-06-28,26680486,2182222829,81.2,82.5,80.8,82.5,0.5,12311
2016-06-29,20873510,1721836009,82.0,82.9,82.0,82.5,0.0,9097
2016-06-30,27817765,2295824152,82.7,82.9,82.2,82.5,0.0,9310
2016-07-01,25594003,2124301204,82.5,83.4,82.5,82.7,0.2,10582
2016-07-04,25249085,2103320923,83.3,83.5,83.0,83.3,0.6,9239
2016-07-05,17271233,1432788939,83.0,83.3,82.6,83.0,-0.3,8125
2016-07-06,26713814,2184621848,82.5,82.5,81.5,81.5,-1.5,13324
2016-07-07,16964851,1392004645,82.0,82.3,81.7,82.1,0.6,7524
2016-07-11,33141165,2739572933,82.2,83.0,82.2,82.5,0.4,12213
2016-07-12,32630740,2714824955,82.6,83.5,82.6,83.3,0.8,12270
2016-07-13,30235188,2522782201,83.9,83.9,83.0,83.5,0.2,13025
2016-07-14,19334919,1612947255,83.5,83.6,83.0,83.5,0.0,8638
2016-07-15,34163621,2881651526,83.7,84.8,83.7,84.5,1.0,16344
2016-07-18,42513816,3635626835,85.4,86.0,85.0,86.0,1.5,18173
2016-07-19,34955345,3008122370,86.4,86.4,85.6,86.2,0.2,13629
2016-07-20,28845013,2479299242,85.8,86.3,85.6,86.0,-0.2,11126
2016-07-21,51008107,4457788801,86.3,88.0,86.2,87.4,1.4,20719
2016-07-22,34959682,3062504326,87.7,87.9,87.2,87.6,0.2,14271
2016-07-25,34004543,2958132698,87.4,88.0,85.6,87.6,0.0,15649
2016-07-26,28924264,2533326471,87.5,87.9,86.7,87.8,0.2,11482
2016-07-27,47025401,4182416861,88.4,89.5,88.3,89.0,1.2,19313
2016-07-28,28783791,2561266614,89.4,89.4,88.5,89.0,0.0,11689
2016-07-29,29462507,2600290616,89.0,89.0,87.9,87.9,-1.1,13436
2016-08-01,35252603,3128322065,87.8,89.0,87.8,88.8,0.9,13651
2016-08-02,17857759,1583878744,88.8,89.0,88.5,88.5,-0.3,8373
2016-08-03,28265281,2479145408,87.5,88.3,87.4,87.5,-1.0,11605
2016-08-04,16706468,1468395434,88.0,88.0,87.5,88.0,0.5,6655
2016-08-05,21977674,1942409709,88.0,88.8,87.8,88.4,0.4,9045
2016-08-08,38003972,3398142135,89.2,90.0,89.0,90.0,1.6,15429
2016-08-09,27157080,2440513140,90.0,90.1,89.2,89.9,-0.1,9809
2016-08-10,21467637,1929664637,89.9,90.0,89.6,90.0,0.1,9229
2016-08-11,32700410,2915685044,89.4,89.7,88.4,89.5,-0.5,12261
2016-08-12,120062589,10419755060,86.5,87.8,86.0,86.2,-3.3,50090
2016-08-15,42295410,3663700908,85.8,87.2,85.5,87.2,1.0,21857
2016-08-16,35385178,3060588710,87.0,87.2,86.1,86.2,-1.0,15154
2016-08-17,71503379,6092327884,86.0,86.1,84.8,85.0,-1.2,30115
2016-08-18,41301784,3521344024,84.9,86.0,84.5,85.7,0.7,17091
2016-08-19,37607364,3228421209,86.0,86.7,85.2,85.3,-0.4,15901
2016-08-22,25392740,2165468489,85.2,85.6,85.0,85.4,0.1,10857
2016-08-23,32195237,2757636782,85.2,85.9,85.2,85.8,0.4,12372
2016-08-24,43804037,3795051619,86.2,87.1,86.1,86.7,0.9,19155
2016-08-25,57438373,5048818953,86.9,88.5,86.9,88.5,1.8,23994
2016-08-26,38907883,3443302053,88.9,89.0,88.1,88.5,0.0,15528
2016-08-29,63998105,5701970107,89.0,89.7,88.4,89.3,0.8,23805
2016-08-30,45965196,4092761544,89.3,89.5,88.7,89.0,-0.3,18053
2016-08-31,68836583,6074873604,88.7,88.9,88.0,88.0,-1.0,25682
2016-09-01,103889999,9071572991,87.2,87.8,86.8,87.4,-0.6,37318
2016-09-02,158664535,12233653270,76.6,77.9,76.3,77.2,0.0,68979
2016-09-05,44625629,3483109591,77.9,78.4,77.6,78.2,1.0,20575
2016-09-06,51022095,4058307905,78.8,79.9,78.6,79.8,1.6,23722
2016-09-07,59399913,4754313420,80.4,80.8,79.5,79.5,-0.3,29494
2016-09-08,50257398,3960139262,79.6,79.7,78.5,78.5,-1.0,21185
2016-09-09,36760350,2856282829,77.8,77.9,77.5,77.7,-0.8,18781
2016-09-10,23404331,1811772316,76.8,78.3,76.7,78.0,0.3,12853
2016-09-12,31237702,2426634856,78.0,78.2,77.5,77.5,-0.5,14641
2016-09-13,37723869,2925547673,78.3,78.5,76.8,77.2,-0.3,16394
2016-09-14,43959603,3411367947,77.2,78.2,77.2,77.4,0.2,14616
2016-09-19,76667029,6125553679,79.9,80.5,79.2,80.4,3.0,31744
2016-09-20,41417392,3325929443,80.5,80.7,80.0,80.2,-0.2,18417
2016-09-21,29174757,2326573473,79.9,80.1,79.3,80.0,-0.2,15644
2016-09-22,31624566,2527103680,80.3,80.8,79.3,79.6,-0.4,16863
2016-09-23,30788582,2454548205,79.9,80.0,79.4,79.8,0.2,12143
2016-09-26,32605029,2574486308,79.1,79.4,78.6,78.9,-0.9,13903
2016-09-29,49890235,3980268990,79.8,80.0,79.3,79.8,0.9,16087
2016-09-30,33180637,2625777041,79.2,79.5,79.0,79.0,-0.8,12634
2016-10-03,23921302,1900379841,79.8,79.8,79.2,79.2,0.2,9019
2016-10-04,19839984,1570944601,79.0,79.5,78.9,79.5,0.3,8624
2016-10-05,14224693,1131510290,79.1,79.8,79.1,79.6,0.1,6729
2016-10-06,24815554,1988141329,80.2,80.3,80.0,80.2,0.6,12328
2016-10-07,15318995,1228163082,80.5,80.5,80.0,80.0,-0.2,7541
2016-10-11,51744756,4199103543,81.0,81.9,80.5,81.1,1.1,22212
2016-10-12,38592633,3142515068,81.5,81.7,80.9,81.6,0.5,17857
2016-10-13,34881026,2857168832,82.1,82.4,81.6,81.8,0.2,16735
2016-10-14,22420059,1820447522,81.6,81.7,80.7,81.2,-0.6,10756
2016-10-17,29655889,2410790322,80.8,82.0,80.4,81.9,0.7,12836
2016-10-18,32868087,2694088835,81.9,82.2,81.6,82.1,0.2,13865
2016-10-19,38455388,3168757404,82.2,82.5,82.2,82.4,0.3,17142
2016-10-20,40042546,3332081435,82.8,83.5,82.7,83.5,1.1,19648
2016-10-21,65473533,5528330463,84.0,85.0,83.9,84.3,0.8,21452
2016-10-24,31339246,2648240473,84.9,85.0,84.1,84.2,-0.1,12936
2016-10-25,49322603,4202923535,84.6,85.9,84.5,85.7,1.5,22538
2016-10-26,36417398,3116188534,85.2,85.9,85.0,85.6,-0.1,15532
2016-10-27,36899987,3157529739,85.9,86.4,85.0,85.4,-0.2,14334
2016-10-28,30165885,2559426125,85.9,85.9,84.6,84.8,-0.6,11413
2016-10-31,31249715,2638377555,84.7,85.3,83.6,85.3,0.5,13187
2016-11-01,23258245,1974411594,85.3,85.4,84.4,84.6,-0.7,10155
2016-11-02,51613717,4303489411,84.0,84.4,82.6,82.6,-2.0,22829
2016-11-03,43612683,3578842816,82.1,83.0,81.6,81.7,-0.9,19671
2016-11-04,25604798,2099932861,81.6,82.5,81.6,82.0,0.3,12048
2016-11-07,30230200,2514764931,82.5,83.6,82.3,83.5,1.5,12691
2016-11-08,20390319,1697624018,83.9,84.0,82.6,83.0,-0.5,9084
2016-11-09,70378679,5729678499,84.0,84.2,80.1,80.4,-2.6,34308
2016-11-10,48546840,3970888660,82.4,82.4,81.5,81.5,1.1,20087
2016-11-11,73170894,5806685536,79.5,80.3,79.0,79.0,-2.5,36477
2016-11-14,46012334,3636058959,79.5,79.6,78.6,79.0,0.0,20965
2016-11-15,34163146,2708207615,78.7,79.8,78.7,79.0,0.0,13178
2016-11-16,39144563,3107911377,79.4,79.9,79.0,79.0,0.0,15934
2016-11-17,31889994,2551904153,79.8,80.6,79.3,80.6,1.6,14937
2016-11-18,32171846,2594525626,80.6,81.3,79.8,80.9,0.3,12755
2016-11-21,14358799,1160314919,80.9,81.1,80.5,80.9,0.0,7583
2016-11-22,29078713,2367240599,81.3,81.7,81.0,81.2,0.3,16017
2016-11-23,27268505,2235549262,81.8,82.3,81.7,82.0,0.8,15020
2016-11-24,17929340,1458340357,81.5,81.7,81.1,81.1,-0.9,11030
2016-11-25,16543949,1334411106,80.9,81.0,80.4,80.5,-0.6,10332
2016-11-28,15494271,1258144173,81.4,81.4,80.7,81.3,0.8,8312
2016-11-29,41901230,3446134717,82.0,82.8,81.6,82.0,0.7,17338
2016-11-30,51345862,4215743681,82.2,82.9,81.3,82.0,0.0,16890
2016-12-01,26194944,2155266808,82.7,82.7,81.7,82.4,0.4,14033
2016-12-02,29231971,2385451959,81.5,81.9,81.3,81.7,-0.7,13189
2016-12-05,16511600,1345802825,81.6,81.9,81.1,81.3,-0.4,7658
2016-12-06,29762724,2446504411,82.1,82.4,81.9,82.3,1.0,12312
2016-12-07,38118860,3163814461,83.2,83.4,82.8,83.1,0.8,16552
2016-12-08,83403004,7041036909,84.0,84.8,83.7,84.8,1.7,37837
2016-12-09,47933555,4075058278,85.5,85.6,84.7,85.0,0.2,21334
2016-12-12,35560276,2979457373,84.5,84.9,83.3,83.4,-1.6,19752
2016-12-13,36527626,3071478684,84.0,84.4,83.6,84.4,1.0,17163
2016-12-14,30200482,2544571895,84.9,85.0,83.7,83.7,-0.7,14849
2016-12-15,33238409,2788792456,83.5,84.3,83.5,84.2,0.5,14169
2016-12-16,38931821,3265986689,83.9,84.5,83.6,83.6,-0.6,13994
2016-12-19,24351909,2023334586,83.5,83.7,82.8,82.8,-0.8,14366
2016-12-20,23623083,1969722802,83.5,83.8,83.0,83.7,0.9,11649
2016-12-21,34041300,2849351603,84.1,84.2,83.3,83.3,-0.4,14001
2016-12-22,28033752,2330930616,83.6,83.6,82.7,82.8,-0.5,13691
2016-12-23,21893963,1814343262,82.7,83.5,82.6,82.7,-0.1,11644
2016-12-26,8157737,678008136,82.8,83.3,82.8,83.3,0.6,4365
2016-12-27,8564348,713905378,83.5,83.6,83.0,83.5,0.2,4707
2016-12-28,18399269,1519137932,83.1,84.0,83.1,84.0,0.5,7714
2016-12-29,23802717,1996176571,83.1,84.3,83.1,83.6,-0.4,10445
2016-12-30,21649771,1822757166,84.2,84.4,84.0,84.2,0.6,9273
2017-01-03,15416016,1294730044,83.7,84.3,83.7,84.3,0.1,8066
2017-01-04,23873107,2015096108,84.3,84.6,84.2,84.2,-0.1,11491
2017-01-05,25436380,2138359820,84.4,84.5,83.8,84.0,-0.2,10638
2017-01-06,23040962,1935817593,84.5,84.5,83.8,83.8,-0.2,8135
2017-01-09,16896424,1415345372,84.1,84.3,83.5,83.5,-0.3,8054
2017-01-10,15941071,1337490566,83.9,84.1,83.6,84.0,0.5,6474
2017-01-11,28156161,2363577420,84.4,84.4,83.4,84.2,0.2,12424
2017-01-12,29006144,2443370656,84.2,84.4,83.6,84.3,0.1,12028
2017-01-13,22849300,1923697754,84.3,84.4,83.9,84.2,-0.1,8941
2017-01-16,16511152,1379370729,84.0,84.0,83.5,83.5,-0.7,7378
2017-01-17,14589273,1222155239,83.8,84.0,83.5,84.0,0.5,8228
2017-01-18,19363976,1622184471,84.0,84.1,83.3,83.3,-0.7,8782
2017-01-19,25925225,2163893353,83.3,83.8,83.0,83.5,0.2,7824
2017-01-20,20360487,1702872266,84.0,84.0,83.4,83.4,-0.1,7397
2017-01-23,27882026,2334639337,83.5,84.0,83.4,84.0,0.6,10370
2017-01-24,25450490,2131316435,83.6,84.0,83.6,83.7,-0.3,9903
2017-02-02,76617425,6472870782,85.7,85.7,83.2,84.1,0.4,24016
2017-02-03,42945286,3593104469,83.8,84.1,83.5,83.7,-0.4,12623
2017-02-06,46842855,3962892826,84.2,85.0,84.0,85.0,1.3,17113
2017-02-07,59870842,5110915805,85.5,85.8,84.6,85.8,0.8,25510
2017-02-08,102312901,8910275137,86.0,87.5,85.8,87.5,1.7,42662
2017-02-09,96976966,8569636686,88.0,88.9,87.7,88.9,1.4,39691
2017-02-10,83062758,7412105000,89.0,89.8,88.5,89.1,0.2,29589
2017-02-13,53359488,4778802967,89.4,89.9,88.8,89.9,0.8,23985
2017-02-14,74367260,6710505927,90.6,90.7,89.6,90.0,0.1,27450
2017-02-15,75728893,6864474320,90.5,91.0,90.1,90.9,0.9,34106
2017-02-16,48156002,4374391419,91.5,91.8,90.0,91.0,0.1,22560
2017-02-17,30377696,2743524430,90.4,90.9,90.0,90.0,-1.0,13910
2017-02-18,11328885,1018267228,90.0,90.3,89.6,89.9,-0.1,6379
2017-02-20,27647407,2488888596,90.0,90.2,89.8,90.1,0.2,11128
2017-02-21,34779702,3138985880,91.0,91.0,89.8,90.5,0.4,14733
2017-02-22,28270434,2553170679,90.7,90.9,90.0,90.5,0.0,12293
2017-02-23,34602145,3107744965,89.8,90.7,89.8,90.3,-0.2,15393
2017-02-24,31979264,2868819560,89.8,90.3,89.5,89.5,-0.8,11226
2017-03-01,31754685,2843694825,90.4,90.4,89.0,89.0,-0.5,12438
2017-03-02,34409022,3078002774,90.1,90.3,88.8,89.6,0.6,14812
2017-03-03,30052960,2678443882,89.7,89.7,88.6,88.8,-0.8,13828
2017-03-06,18565873,1658642390,88.8,89.9,88.5,89.9,1.1,9788
2017-03-07,30330547,2737855930,89.9,90.7,89.6,90.5,0.6,12023
2017-03-08,35419144,3211508172,90.8,91.0,90.1,90.7,0.2,16612
2017-03-09,34394387,3082605966,90.2,90.3,89.3,89.3,-1.4,16129
2017-03-10,37663397,3343082943,88.9,90.0,88.0,89.9,0.6,18104
2017-03-13,15412711,1385569944,90.2,90.2,89.5,90.0,0.1,8214
2017-03-14,20693907,1866210292,90.0,90.5,89.9,90.0,0.0,9241
2017-03-15,17686039,1594078973,89.9,90.4,89.7,90.1,0.1,7119
2017-03-16,38964860,3541630968,90.5,91.4,90.4,90.9,0.8,16018
2017-03-17,46804330,4271848230,91.3,91.4,91.0,91.4,0.5,15014
2017-03-20,17142588,1563641403,91.3,91.4,90.9,91.3,-0.1,7780
2017-03-21,30747643,2814560813,91.3,91.8,91.3,91.5,0.2,13482
2017-03-22,24413564,2221365653,90.8,91.5,90.5,91.5,0.0,11261
2017-03-23,17899814,1634367031,91.7,91.7,90.8,91.3,-0.2,7767
2017-03-24,19735987,1789859062,90.5,91.0,90.5,90.6,-0.7,8622
2017-03-27,29369059,2655857538,90.0,91.0,89.8,90.5,-0.1,9238
2017-03-28,27414860,2493639344,90.9,91.3,90.6,91.2,0.7,10444
2017-03-29,23560292,2153907567,91.7,91.8,91.0,91.5,0.3,9941
2017-03-30,18735651,1713186220,91.5,91.6,91.2,91.4,-0.1,8275
2017-03-31,27342579,2497432289,91.4,91.6,91.0,91.0,-0.4,10014
2017-04-05,173212521,16816271593,96.0,98.4,95.6,98.0,7.0,65284
2017-04-06,64742520,6306242440,98.2,98.6,96.7,97.3,-0.7,28196
2017-04-07,63423890,6103584140,97.0,97.7,95.2,96.1,-1.2,26829
2017-04-10,38875090,3735940322,96.0,96.5,95.6,96.5,0.4,15449
2017-04-11,47063021,4565073597,96.9,97.6,96.5,96.9,0.4,17601
2017-04-12,40250876,3907517072,97.4,97.4,96.6,97.3,0.4,12909
2017-04-13,61732380,6081861240,97.7,99.3,97.5,98.5,1.2,24052
2017-04-14,35856577,3485429838,97.7,97.8,96.7,96.7,-1.8,19032
2017-04-17,28643429,2763636567,96.7,97.3,95.6,97.3,0.6,12638
2017-04-18,15171170,1475163192,97.9,98.0,96.8,97.0,-0.3,7499
2017-04-19,30855048,2962867825,96.5,96.5,95.8,95.8,-1.2,15150
2017-04-20,25323453,2426738681,96.0,96.2,95.5,96.0,0.2,10313
2017-04-21,14639568,1413842714,96.2,96.8,96.2,96.5,0.5,7480
2017-04-24,15423557,1495593053,97.7,97.7,96.5,97.0,0.5,8028
2017-04-25,35547278,3471374151,97.7,97.9,97.1,97.9,0.9,16594
2017-04-26,39698091,3904120029,98.7,98.7,98.0,98.2,0.3,16082
2017-04-27,26801673,2632612454,98.3,98.5,97.9,98.3,0.1,8899
2017-04-28,47126861,4647125530,98.5,99.5,98.0,98.8,0.5,18956
2017-05-02,146011742,14600738067,99.8,100.5,99.8,100.0,1.2,25883
2017-05-03,43599757,4389370200,100.0,101.5,100.0,100.5,0.5,20474
2017-05-04,27758737,2793177700,100.5,101.0,100.0,100.5,0.0,15032
2017-05-05,22247391,2231793100,100.0,101.0,100.0,100.0,-0.5,11274
2017-05-08,23208376,2337152395,101.0,101.5,100.0,101.0,1.0,10786
2017-05-09,106299570,11089336210,102.0,105.5,101.5,104.0,3.0,41750
2017-05-10,44982960,4687034453,105.5,105.5,103.0,104.0,0.0,22963
2017-05-11,39791573,4119466505,104.0,104.0,103.0,104.0,0.0,17492
2017-05-12,59017991,6092376734,104.0,105.0,102.0,102.5,-1.5,24904
2017-05-15,33740219,3496582918,103.0,104.5,102.5,104.0,1.5,14604
2017-05-16,37905027,3919509841,104.0,104.0,102.5,103.5,-0.5,12832
2017-05-17,27976244,2874514328,103.0,103.5,102.0,103.0,-0.5,9676
2017-05-18,48593144,4928110188,101.0,102.0,100.5,102.0,-1.0,19545
2017-05-19,18775852,1911102802,102.0,102.5,101.5,101.5,-0.5,10761
2017-05-22,19574178,2002281156,102.5,102.5,102.0,102.5,1.0,8731
2017-05-23,47835471,4966307006,103.0,104.5,102.5,104.0,1.5,16499
2017-05-24,22403683,2332369492,103.5,104.5,103.5,104.0,0.0,10159
2017-05-25,29549455,3092548112,104.5,105.0,104.0,105.0,1.0,13189
2017-05-26,32313402,3368874308,104.0,104.5,104.0,104.5,-0.5,11999
2017-05-31,39270293,4057296679,103.5,104.0,103.0,103.0,-1.5,12724
2017-06-01,27441549,2851027096,103.5,104.5,103.0,104.5,1.5,10192
2017-06-02,38194518,4008520946,105.0,105.5,104.5,105.5,1.0,12695
2017-06-03,9968286,1046425775,105.0,105.5,104.5,105.0,-0.5,4168
2017-06-05,29383075,3096213375,105.0,106.0,105.0,105.5,0.5,13838
2017-06-06,21309002,2240531210,105.5,105.5,105.0,105.0,-0.5,9742
2017-06-07,27310162,2864892921,105.0,105.5,104.5,105.0,0.0,8026
2017-06-08,15154346,1592538830,105.0,105.5,104.5,105.0,0.0,6308
2017-06-09,34929459,3673085798,105.0,106.0,105.0,105.0,0.0,10457
2017-06-12,49986457,5132226114,103.0,103.5,102.0,102.0,-3.0,17777
2017-06-13,42832418,4351938236,101.0,102.5,101.0,102.0,0.0,14064
2017-06-14,41192496,4197916645,102.5,103.0,101.0,102.0,0.0,13619
2017-06-15,22903577,2347374240,102.5,103.0,102.0,102.5,0.5,8400
2017-06-16,55593231,5792108383,102.5,105.0,102.5,105.0,2.5,17609
2017-06-19,91950276,9967807084,106.0,110.0,106.0,109.5,4.5,36992
2017-06-20,90852821,10298716744,111.5,115.0,111.5,114.5,5.0,41169
2017-06-21,69994716,7905844728,113.5,114.0,112.0,113.0,-1.5,30173
2017-06-22,59437938,6729021016,113.0,114.5,112.0,112.5,-0.5,25041
2017-06-23,37930603,4287781031,113.0,114.0,112.5,112.5,0.0,16176
2017-06-26,139000262,16469160410,113.5,121.0,113.0,120.0,7.5,52063
2017-06-27,83973152,10148867675,119.0,122.5,119.0,121.5,1.5,34481
2017-06-28,99401755,11890167090,120.0,121.0,118.0,118.0,-3.5,30874
2017-06-29,48517658,5781129194,119.5,120.0,118.5,119.0,1.0,17552
2017-06-30,68372860,7995817370,117.5,118.0,116.0,117.0,-2.0,25808
2017-07-03,48446980,5650701918,116.0,118.0,116.0,116.5,-0.5,18586
2017-07-04,65450472,7491628803,116.5,117.0,113.0,113.0,-3.5,29114
2017-07-05,58318681,6682942496,113.5,116.0,113.0,116.0,3.0,22150
2017-07-06,31861057,3661029378,115.5,115.5,114.0,115.5,-0.5,12757
2017-07-07,32707832,3742883551,114.5,115.0,114.0,114.5,-1.0,15334
2017-07-10,45153445,5205726175,115.0,116.0,114.5,115.5,1.0,17623
2017-07-11,75118399,8852444782,117.0,118.5,116.5,118.5,3.0,27361
2017-07-12,91355677,10838373029,118.5,119.5,118.0,118.5,0.0,35575
2017-07-13,83078766,9607891618,115.5,116.0,115.0,115.5,0.0,35631
2017-07-14,35813280,4140224113,116.0,116.0,115.0,115.5,0.0,17216
2017-07-17,35526052,4107831276,116.0,116.0,115.0,115.5,0.0,13837
2017-07-18,34634354,4017352015,115.5,117.0,115.0,117.0,1.5,13697
2017-07-19,30175151,3540992147,117.5,118.0,117.0,117.0,0.0,13439
2017-07-20,34665110,4068390610,118.0,118.5,116.5,116.5,-0.5,12529
2017-07-21,32812474,3783138010,116.5,116.5,114.5,115.0,-1.5,13248
2017-07-24,28834580,3323847312,114.5,116.0,114.0,116.0,1.0,10721
2017-07-25,39264315,4590748175,116.5,117.5,116.0,117.0,1.0,14949
2017-07-26,27988227,3266271061,117.5,117.5,115.5,115.5,-1.5,12230
2017-07-27,47888656,5642194335,117.0,118.5,117.0,117.5,2.0,20988
2017-07-28,28597389,3358657243,117.5,118.0,116.5,117.5,0.0,13981
2017-07-31,26663998,3122696666,116.5,117.5,116.5,117.5,0.0,8781
2017-08-01,24368829,2845683426,116.5,117.5,116.5,116.5,-1.0,10429
2017-08-02,42046572,4980239596,118.5,119.5,117.5,118.5,2.0,17757
2017-08-03,32872121,3890975139,117.5,119.0,117.5,119.0,0.5,14093
2017-08-04,22973121,2733317429,119.0,119.5,118.5,119.5,0.5,11439
2017-08-07,55573420,6709580820,119.5,122.0,119.5,121.5,2.0,22528
2017-08-08,35846503,4341762363,122.0,122.5,119.5,121.0,-0.5,15770
2017-08-09,47421728,5632833404,119.5,120.5,117.5,118.0,-3.0,19074
2017-08-10,48173952,5605365932,118.0,118.0,115.0,116.0,-2.0,22127
2017-08-11,46202486,5342938302,114.5,117.0,114.5,116.5,0.5,15429
2017-08-14,45566279,5243397196,116.5,116.5,114.0,114.0,-2.5,20422
2017-08-15,23934326,2759774879,115.5,116.0,114.5,115.5,1.5,11050
2017-08-16,28874203,3318357796,115.0,116.0,114.5,115.0,-0.5,9897
2017-08-17,18416645,2128564290,115.0,116.0,115.0,116.0,1.0,7752
2017-08-18,28090155,3226726700,114.5,116.0,114.0,115.5,-0.5,9286
2017-08-21,18950822,2171904540,114.5,115.0,114.0,115.0,-0.5,9217
2017-08-22,18866616,2178498498,115.5,116.0,115.0,115.0,0.0,9199
2017-08-23,30660212,3551398011,115.5,116.5,115.0,115.0,0.0,12740
2017-08-24,27856088,3216151208,115.0,116.0,115.0,116.0,1.0,10098
2017-08-25,20841797,2417589452,116.0,116.5,115.5,116.0,0.0,8922
2017-08-28,19889160,2302005818,116.5,116.5,115.0,115.5,-0.5,8899
2017-08-29,17096752,1969472215,115.0,115.5,115.0,115.5,0.0,8010
2017-08-30,34362407,4011509298,116.0,117.5,116.0,117.5,2.0,14398
2017-08-31,34282963,4039750816,118.5,119.0,117.0,117.5,0.0,11621
2017-09-01,17581242,2063796740,117.0,118.0,117.0,117.5,0.0,8092
2017-09-04,19131350,2232915631,116.5,117.5,116.0,116.5,-1.0,7573
2017-09-05,28540905,3314380760,116.5,117.0,115.5,116.5,0.0,8921
2017-09-06,30304494,3508485304,116.0,116.5,115.0,115.5,-1.0,10124
2017-09-07,25406406,2931630694,115.5,116.5,115.0,115.5,0.0,11091
2017-09-08,39679811,4635824887,116.0,117.5,115.5,117.0,1.5,15449
2017-09-11,21045026,2452053016,117.5,118.0,115.5,116.0,-1.0,10014
2017-09-12,19715193,2297617623,117.0,117.5,116.0,117.0,1.0,9041
2017-09-13,24576175,2851864300,116.5,117.5,115.5,115.5,-1.5,12567
2017-09-14,31054202,3563543230,115.5,115.5,114.0,114.5,-1.0,14148
2017-09-15,53127603,6093815955,114.0,115.0,114.0,115.0,0.5,14097
2017-09-18,46673735,5321846933,114.0,115.0,113.0,114.0,-1.0,18225
2017-09-19,98361169,10956198259,113.5,114.0,110.0,110.0,-4.0,50449
2017-09-20,98939857,10663297859,109.0,110.0,106.5,106.5,-3.5,44127
2017-09-21,105628622,11532548812,105.5,112.0,105.0,111.0,4.5,42820
2017-09-22,58633937,6370532986,109.0,110.0,108.0,108.0,-3.0,25367
2017-09-25,71182450,7516424351,107.0,107.0,105.0,105.0,-3.0,29286
2017-09-26,72853067,7619053596,104.0,106.0,103.0,103.5,-1.5,31085
2017-09-27,37848557,3977834087,105.0,105.5,104.5,105.0,1.5,14878
2017-09-28,36877259,3872097235,106.0,106.0,104.0,104.5,-0.5,11298
2017-09-29,35552446,3720368822,104.5,105.5,103.5,105.0,0.5,11899
2017-09-30,15841520,1689225640,106.0,107.0,105.5,107.0,2.0,8277
2017-10-02,24692360,2654340069,108.0,108.0,107.0,107.0,0.0,11403
2017-10-03,26015647,2773332766,107.5,108.0,106.0,106.0,-1.0,9432
2017-10-05,22523112,2388118802,106.5,107.0,105.0,106.0,0.0,8516
2017-10-06,22385044,2380750855,106.5,107.0,106.0,106.5,0.5,7936
2017-10-11,44155331,4757774867,107.5,109.0,107.0,107.0,0.5,15642
2017-10-12,41863762,4532907796,108.5,109.0,107.5,108.0,1.0,14407
2017-10-13,26951419,2897914752,108.0,108.0,107.0,108.0,0.0,9339
2017-10-16,34884250,3802487637,109.0,110.0,108.0,109.5,1.5,13994
2017-10-17,40472838,4469022700,111.0,111.0,109.5,110.5,1.0,15169
2017-10-18,39251154,4357759206,111.5,112.0,110.0,111.5,1.0,14180
2017-10-19,44806521,5053980153,112.0,113.5,111.5,113.0,1.5,17708
2017-10-20,28950664,3242768048,112.0,113.0,111.0,112.0,-1.0,10512
2017-10-23,31138428,3449871080,112.5,113.0,109.0,109.5,-2.5,12510
2017-10-24,28243310,3101492306,110.0,111.5,109.0,109.5,0.0,9519
2017-10-25,29879142,3307846328,111.0,111.5,110.0,111.0,1.5,10170
2017-10-26,19615789,2171214762,110.0,111.5,110.0,110.5,-0.5,7342
2017-10-27,27118933,2996616850,111.5,112.0,110.0,110.0,-0.5,8289
2017-10-30,42080216,4736954050,113.0,114.0,111.5,111.5,1.5,14368
2017-10-31,33161101,3727025812,112.5,113.0,111.5,112.0,0.5,11383
2017-11-01,21096685,2366251670,112.5,113.0,111.5,112.0,0.0,7139
2017-11-02,23729700,2667065400,111.5,113.0,111.5,112.5,0.5,10820
2017-11-03,34130866,3863385608,113.0,114.5,112.5,113.0,0.5,11927
2017-11-06,22917172,2603026036,114.5,114.5,113.0,113.0,0.0,9698
2017-11-07,30062182,3389568949,114.0,114.0,112.0,112.0,-1.0,8727
2017-11-08,25853328,2889011259,112.5,113.0,111.0,111.0,-1.0,10148
2017-11-09,41021403,4501231927,111.0,111.5,108.5,108.5,-2.5,16620
2017-11-10,51985077,5555682755,106.5,108.0,106.0,107.5,-1.0,18467
2017-11-13,24375573,2612825434,107.5,108.0,106.5,107.0,-0.5,9394
2017-11-14,27612070,2940395813,108.0,108.0,106.0,106.0,-1.0,10695
2017-11-15,127903849,13226464796,103.0,104.5,103.0,103.0,-3.0,52884
2017-11-16,48894106,5071354306,102.5,104.5,102.5,104.0,1.0,20646
2017-11-17,53510404,5666574244,105.5,106.5,105.5,105.5,1.5,19278
2017-11-20,35010720,3659590111,105.5,105.5,104.0,104.0,-1.5,14287
2017-11-21,34836093,3635115435,104.5,105.0,104.0,104.0,0.0,12495
2017-11-22,47707780,4973975333,104.0,105.0,104.0,104.0,0.0,18015
2017-11-23,31314350,3290078818,104.0,106.0,104.0,106.0,2.0,10905
2017-11-24,23221843,2437422515,105.0,106.0,104.5,104.5,-1.5,8823
2017-11-27,36176591,3747390501,104.5,105.0,103.0,103.0,-1.5,14430
2017-11-28,38065613,3912811639,103.0,103.5,102.0,102.5,-0.5,16899
2017-11-29,29979541,3083270813,103.0,103.5,102.5,103.0,0.5,12219
2017-11-30,78888259,7954419659,102.0,102.5,100.0,100.0,-3.0,26508
2017-12-01,81553414,8098927195,100.0,100.5,98.0,99.1,-0.9,37934
2017-12-04,43293887,4268583255,98.5,99.3,98.0,99.0,-0.1,19305
2017-12-05,93683366,9042519496,97.8,97.9,95.5,95.6,-3.4,44379
2017-12-06,98881764,9246060750,93.5,94.5,93.0,93.0,-2.6,43361
2017-12-07,40330653,3777300282,93.6,94.3,93.0,93.6,0.6,20584
2017-12-08,45334781,4229170616,93.2,94.3,92.5,93.6,0.0,21491
2017-12-11,72637921,7004102745,95.7,97.3,95.6,96.0,2.4,30075
2017-12-12,50860573,4817222975,96.0,96.0,94.0,94.1,-1.9,20671
2017-12-13,36948878,3460214466,93.5,94.1,93.3,93.7,-0.4,14740
2017-12-14,32612585,3092263108,94.1,95.5,94.1,94.9,1.2,12895
2017-12-15,51848401,4857630447,94.5,94.6,93.5,93.5,-1.4,15831
2017-12-18,21578455,2028845153,94.5,94.5,93.6,93.6,0.1,8113
2017-12-19,68473899,6315134208,93.1,93.5,91.2,91.2,-2.4,35215
2017-12-20,40554087,3718354391,90.5,92.7,90.5,92.7,1.5,18986
2017-12-21,20805116,1927319135,93.0,93.1,92.3,92.3,-0.4,9053
2017-12-22,17238420,1599175929,92.9,92.9,92.4,92.9,0.6,6168
2017-12-25,12571283,1164228065,93.0,93.2,92.1,92.1,-0.8,6636
2017-12-26,26648261,2428142618,92.0,92.1,90.5,91.2,-0.9,13474
2017-12-27,21235232,1951241831,91.7,92.2,91.5,92.2,1.0,9529
2017-12-28,40309166,3790829291,93.2,94.7,92.9,94.3,2.1,18686
2017-12-29,37907190,3600566871,94.7,95.3,94.6,95.2,0.9,15777
2018-01-02,28602316,2717808150,95.4,95.7,94.3,95.0,-0.2,13347
2018-01-03,58507086,5524486037,95.0,95.3,94.0,94.0,-1.0,24224
2018-01-04,53756400,4991911000,93.6,93.9,92.5,92.6,-1.4,27277
2018-01-05,59252732,5464513791,92.3,93.0,91.6,93.0,0.4,24457
2018-01-08,50081699,4603246988,92.3,92.6,91.7,91.8,-1.2,27073
2018-01-09,37896431,3486758152,92.5,92.6,91.8,91.8,0.0,15686
2018-01-10,56026125,5095360964,91.2,91.5,90.6,90.8,-1.0,27107
2018-01-11,66709480,6098320187,91.2,92.5,90.9,91.4,0.6,27221
2018-01-12,48985693,4502608788,91.6,92.4,91.5,91.8,0.4,20294
2018-01-15,42031735,3907221469,92.7,93.3,92.4,93.3,1.5,17154
2018-01-16,40639740,3794403900,93.6,93.7,93.0,93.4,0.1,16850
2018-01-17,37263455,3468798922,92.8,93.5,92.6,93.4,0.0,17251
2018-01-18,56382825,5319182705,94.1,94.8,93.8,93.8,0.4,24836
2018-01-19,101433926,9732794022,94.0,96.9,94.0,96.9,3.1,48573
2018-01-22,61170194,5923959151,97.2,97.4,96.1,96.6,-0.3,27450
2018-01-23,50229901,4827590551,96.0,96.9,95.5,96.9,0.3,21943
2018-01-24,42324664,4066850522,96.8,96.8,95.8,95.9,-1.0,18752
2018-01-25,56900448,5450068563,95.2,96.5,95.2,95.4,-0.5,20393
2018-01-26,45822009,4377351726,95.2,96.1,95.0,95.4,0.0,17664
2018-01-29,46205080,4384712966,95.4,95.7,94.5,94.7,-0.7,17826
2018-01-30,38358773,3607754561,94.2,94.9,93.6,93.6,-1.1,16613
2018-01-31,56868154,5261949172,92.1,93.0,92.1,92.2,-1.4,25346
2018-02-01,40795169,3825133269,92.6,94.8,92.6,93.5,1.3,18327
2018-02-02,47972940,4542738388,93.8,95.4,93.7,95.2,1.7,21046
2018-02-05,61248936,5692109488,92.5,93.5,92.5,92.8,-2.4,23317
2018-02-06,143785639,12905089773,90.6,91.2,88.1,89.2,-3.6,70723
2018-02-07,72117501,6523943797,91.3,91.3,90.0,90.0,0.8,28842
2018-02-08,40492147,3623003430,90.0,90.4,89.0,89.0,-1.0,19770
2018-02-09,67539890,5875929519,86.1,88.0,86.1,87.5,-1.5,34053
2018-02-12,63847761,5609624325,87.7,88.6,87.6,87.6,0.1,28595
2018-02-21,61995455,5482551405,88.2,89.0,88.2,88.2,0.6,23961
2018-02-22,45588322,4004702580,87.8,88.4,87.6,87.9,-0.3,19113
2018-02-23,53746088,4772559540,88.1,89.7,88.1,88.9,1.0,15390
2018-02-26,41008502,3657402773,89.0,89.8,88.8,88.8,-0.1,14047
2018-02-27,41590606,3692299392,89.5,89.7,88.1,88.1,-0.7,14413
2018-03-01,42073991,3698227165,87.8,88.3,87.5,87.9,-0.2,16467
2018-03-02,28180553,2461227316,87.2,87.8,87.0,87.8,-0.1,13846
2018-03-05,31341174,2738562304,87.7,88.1,87.0,87.0,-0.8,15273
2018-03-06,35392520,3124639407,88.3,88.8,87.8,88.2,1.2,14546
2018-03-07,44181640,3940688349,88.6,90.1,88.3,88.5,0.3,21638
2018-03-08,33448190,2990943927,89.4,89.9,88.6,89.4,0.9,14864
2018-03-09,87372802,8001130684,91.0,92.3,90.3,91.9,2.5,38336
2018-03-12,88739231,8336163178,93.9,94.5,93.2,94.3,2.4,35226
2018-03-13,86118224,8235473275,95.0,96.5,94.8,95.2,0.9,35406
2018-03-14,49836069,4670636869,94.1,94.4,93.3,93.3,-1.9,22895
2018-03-15,41628707,3886535793,92.8,94.7,92.3,93.4,0.1,16211
2018-03-16,71628333,6668268394,94.1,94.1,92.8,92.8,-0.6,17413
2018-03-19,29752391,2763669263,92.6,93.5,92.4,92.9,0.1,11077
2018-03-20,27906678,2584515023,92.7,92.9,92.4,92.6,-0.3,11074
2018-03-21,28202714,2608174566,92.2,92.9,92.2,92.4,-0.2,11232
2018-03-22,25353175,2354104044,93.0,93.4,92.4,92.8,0.4,9287
2018-03-23,58645094,5331385445,91.0,91.6,90.4,90.4,-2.4,28472
2018-03-26,32305086,2905271284,89.7,90.3,89.7,90.2,-0.2,15108
2018-03-27,30083466,2740851377,91.0,91.5,90.7,91.2,1.0,11166
2018-03-28,23082576,2088647728,90.9,90.9,90.1,90.1,-1.1,10705
2018-03-29,30403437,2739496880,90.0,90.6,89.7,90.0,-0.1,12989
2018-03-30,34489126,3160650158,90.9,92.3,90.9,91.4,1.4,14874
2018-03-31,136508837,12140468093,90.1,90.5,88.0,88.5,-2.9,80522
2018-04-02,54717977,4835468263,88.5,89.4,87.5,88.1,-0.4,28316
2018-04-03,59828974,5215608752,87.1,87.5,86.9,87.2,-0.9,28728
2018-04-09,57130701,4977483453,86.6,88.0,86.5,87.4,0.2,22915
2018-04-10,35830562,3121816992,86.8,87.5,86.8,87.0,-0.4,16517
2018-04-11,40026593,3516992083,87.7,88.9,87.3,87.3,0.3,18662
2018-04-12,39294009,3419821772,87.1,87.5,86.8,86.8,-0.5,18312
2018-04-13,26216377,2282486666,87.0,87.3,86.9,87.0,0.2,11908
2018-04-16,25624781,2238279729,87.1,88.0,86.8,87.6,0.6,11878
2018-04-17,42604364,3696248140,87.2,87.3,86.5,86.5,-1.1,21400
2018-04-18,74089445,6329366825,86.6,87.0,84.8,84.8,-1.7,39722
2018-04-19,69794542,5878505222,84.0,85.6,82.9,85.0,0.2,34019
2018-04-20,31409315,2637811293,83.8,84.4,83.5,84.0,-1.0,16108
2018-04-23,45407993,3778169892,83.6,83.9,83.0,83.0,-1.0,22082
2018-04-24,71954115,5840550115,82.3,82.4,80.4,80.6,-2.4,36171
2018-04-25,50379006,4033772174,79.9,80.6,79.5,80.4,-0.2,25573
2018-04-26,38295547,3103084707,81.5,82.0,80.5,80.6,0.2,18802
2018-04-27,27812644,2256543608,81.4,81.5,80.8,81.5,0.9,11933
2018-04-30,29947188,2472563480,82.2,83.0,81.5,82.9,1.4,14061
2018-05-02,37067440,3061708777,83.3,83.6,81.7,81.8,-1.1,15385
2018-05-03,50884094,4091084793,80.3,80.8,80.1,80.1,-1.7,22674
2018-05-04,25106884,2021661181,80.1,80.9,80.1,80.4,0.3,11211
2018-05-07,26861389,2185074538,81.5,82.0,80.6,81.6,1.2,10779
2018-05-08,28772741,2360714977,81.3,82.6,81.3,82.6,1.0,10786
2018-05-09,31879336,2618012413,81.8,83.1,81.8,81.8,-0.8,13923
2018-05-10,25511727,2106731741,82.3,83.0,82.1,82.9,1.1,9888
2018-05-11,47533565,4011773225,84.1,85.0,83.6,85.0,2.1,21773
2018-05-14,128444838,11415306682,90.4,90.4,87.7,89.0,4.0,57441
2018-05-15,72738571,6340052428,89.0,89.0,86.0,86.0,-3.0,33289
2018-05-16,55360314,4698013770,85.6,85.9,84.1,84.6,-1.4,24444
2018-05-17,28341526,2405685630,84.8,85.6,84.2,84.2,-0.4,11902
2018-05-18,23937515,2018466012,84.4,85.0,83.9,83.9,-0.3,10451
2018-05-21,23998899,2039788315,84.4,85.5,84.4,85.0,1.1,10939
2018-05-22,25590386,2160920330,85.1,85.4,84.0,84.0,-1.0,11123
2018-05-23,20057024,1685766153,84.5,84.7,83.6,83.6,-0.4,8695
2018-05-24,22938112,1927730551,83.5,84.4,83.5,84.1,0.5,8619
2018-05-25,50653047,4349587642,84.5,87.0,84.3,86.5,2.4,22684
2018-05-28,65484504,5793767906,88.2,88.9,87.8,88.8,2.3,29929
2018-05-29,42302564,3728378098,88.9,89.0,87.5,87.6,-1.2,15469
2018-05-30,39291912,3426672151,86.5,88.1,86.5,87.4,-0.2,15707
2018-05-31,83601154,7225946419,87.4,88.0,85.7,85.7,-1.7,17536
2018-06-01,21701048,1877229476,86.2,87.0,86.1,86.6,0.9,9366
2018-06-04,35011435,3070032201,87.5,88.0,87.4,87.8,1.2,12044
2018-06-05,32115417,2825673673,88.0,88.5,87.5,88.1,0.3,12232
2018-06-06,46432108,4121446312,88.0,89.2,88.0,89.1,1.0,18661
2018-06-07,90021834,8117164569,89.9,91.2,89.3,91.2,2.1,36960
2018-06-08,100334529,8998037006,91.3,91.9,88.0,88.3,-2.9,39523
2018-06-11,40059515,3511608470,88.1,88.4,87.1,87.4,-0.9,15490
2018-06-12,45276716,3966911526,87.3,88.2,87.1,87.7,0.3,14070
2018-06-13,28052487,2462466403,88.0,88.4,87.3,87.8,0.1,10128
2018-06-14,63053102,5435297672,86.8,87.3,85.5,85.5,-2.3,28714
2018-06-15,55144936,4679517838,84.8,85.2,84.5,85.0,-0.5,18047
2018-06-19,66100691,5509852111,83.6,84.2,83.0,83.0,-2.0,29666
2018-06-20,47643520,3931979024,82.3,83.4,81.8,83.0,0.0,19911
2018-06-21,30789193,2553597039,83.0,83.5,82.7,82.7,-0.3,12525
2018-06-22,33349299,2739176147,82.0,82.4,81.8,82.3,-0.4,14116
2018-06-25,35870279,2935164491,82.1,82.2,81.5,81.5,-0.8,16314
2018-06-26,41777199,3373263287,80.9,81.6,80.3,81.0,-0.5,19449
2018-06-27,32923720,2670249405,81.1,81.5,80.9,80.9,-0.1,14529
2018-06-28,28261700,2280230820,80.9,81.1,80.3,80.5,-0.4,12196
2018-06-29,39735409,3266758929,81.1,83.2,81.0,83.2,2.7,16329
2018-07-02,34168444,2801225646,83.3,83.3,81.0,81.0,-2.2,14831
2018-07-03,23992573,1941693913,81.1,81.7,80.5,80.7,-0.3,11205
2018-07-04,17452796,1417689247,80.8,81.6,80.8,81.6,0.9,6839
2018-07-05,17474083,1419788710,81.7,81.8,81.0,81.2,-0.4,6781
2018-07-06,39278906,3165975950,80.9,81.2,80.2,80.5,-0.7,13882
2018-07-09,23838042,1934894382,81.4,81.6,80.7,80.8,0.3,8044
2018-07-10,31352455,2529597690,81.2,81.3,80.3,80.5,-0.3,11414
2018-07-11,37731076,3069033804,80.6,82.0,80.6,81.6,1.1,13630
2018-07-12,26209664,2128826251,80.8,81.8,80.8,81.2,-0.4,8518
2018-07-13,36224415,2981263603,81.7,82.9,81.7,82.9,1.7,13728
2018-07-16,24798091,2060074853,83.0,83.4,82.8,82.8,-0.1,10146
2018-07-17,23732878,1967617066,82.9,83.5,82.5,82.9,0.1,9329
2018-07-18,46690209,3921547547,83.8,84.4,83.4,84.1,1.2,18817
2018-07-19,38913244,3304596972,84.5,85.2,84.3,85.2,1.1,18253
2018-07-20,38980756,3317339303,85.5,85.8,84.2,85.3,0.1,18147
2018-07-23,35744652,3051215034,85.6,85.7,84.9,85.5,0.2,16113
2018-07-24,64869538,5538047893,85.1,86.0,85.0,85.2,-0.3,23288
2018-07-25,37942818,3142501721,82.8,83.2,82.4,82.7,0.0,15765
2018-07-26,26804047,2217911757,82.5,83.5,82.2,83.5,0.8,12476
2018-07-27,23752787,1978245859,83.3,83.7,83.0,83.2,-0.3,8695
2018-07-30,37142208,3115512572,83.4,84.3,83.1,84.2,1.0,13057
2018-07-31,25939040,2172008222,83.6,84.0,83.4,83.8,-0.4,9112
2018-08-01,30518200,2563028560,83.9,84.3,83.5,84.1,0.3,9816
2018-08-02,30535677,2554483656,84.5,84.5,82.6,82.8,-1.3,12008
2018-08-03,23113163,1930053935,83.6,83.8,83.0,83.8,1.0,10151
2018-08-06,23111196,1952682416,83.6,84.9,83.6,84.6,0.8,9553
2018-08-07,31057339,2635379676,85.2,85.2,84.4,84.4,-0.2,11580
2018-08-08,32682750,2774938551,85.0,85.1,84.4,85.0,0.6,12555
2018-08-09,26007558,2220494242,85.6,85.6,85.0,85.2,0.2,11045
2018-08-10,33324361,2857489450,85.4,86.0,85.3,85.9,0.7,14176
2018-08-13,35247586,2978768364,85.9,86.0,83.5,83.8,-2.1,17044
2018-08-14,74063113,6052300499,83.1,83.1,80.8,81.3,-2.5,33316
2018-08-15,47184896,3807510462,81.0,81.5,80.3,81.1,-0.2,22096
2018-08-16,26187636,2124582015,81.0,81.8,80.3,81.2,0.1,12030
2018-08-17,23859139,1945395682,82.0,82.1,81.1,81.1,-0.1,8697
2018-08-20,21233292,1723822723,81.1,81.6,81.0,81.0,-0.1,9120
2018-08-21,21770474,1766062240,81.2,81.3,81.0,81.0,0.0,8477
2018-08-22,17172617,1399072074,81.2,81.9,81.2,81.7,0.7,7857
2018-08-23,21287074,1734125085,82.1,82.1,81.0,81.8,0.1,9352
2018-08-24,21486869,1739721400,81.5,81.6,80.5,81.1,-0.7,9776
2018-08-27,19918539,1612991811,81.1,81.3,80.8,81.0,-0.1,8684
2018-08-28,23085678,1875100803,81.3,81.5,81.0,81.2,0.2,8671
2018-08-29,21820117,1773227509,81.2,81.4,81.1,81.4,0.2,8145
2018-08-30,26893060,2183760280,81.6,81.6,80.9,80.9,-0.5,10184
2018-08-31,43337037,3488411600,80.7,80.8,80.3,80.5,-0.4,14089
2018-09-03,24454766,1963318505,80.7,80.7,80.1,80.1,-0.4,11320
2018-09-04,17486736,1402957618,80.2,80.5,80.1,80.1,0.0,7291
2018-09-05,28331808,2272292062,80.5,80.5,80.1,80.1,0.0,8274
2018-09-06,44505565,3533952933,80.0,80.1,79.1,79.3,-0.8,19769
2018-09-07,66871228,5219532566,79.1,79.1,77.5,77.7,-1.6,33653
2018-09-10,86398522,6529307947,77.4,77.5,74.8,75.1,-2.6,37768
2018-09-11,50323730,3862305230,75.4,77.7,75.4,77.7,2.6,19968
2018-09-12,43943268,3398573056,78.0,78.3,76.6,77.0,-0.7,15310
2018-09-13,36880996,2810232167,77.0,77.0,75.8,76.0,-1.0,15776
2018-09-14,33519896,2596809922,76.7,78.0,76.7,77.9,1.9,13608
2018-09-17,15468567,1202724926,78.0,78.0,77.5,77.8,-0.1,6309
2018-09-18,34636912,2644862329,77.1,77.2,75.8,75.8,-2.0,15729
2018-09-19,30577641,2329728500,76.2,76.5,75.8,76.4,0.6,11990
2018-09-20,26602524,2013268919,76.2,76.3,75.2,75.6,-0.8,11220
2018-09-21,53479279,4041692097,75.8,76.2,75.1,75.8,0.2,14660
2018-09-25,20826641,1580166880,75.5,76.3,75.2,76.1,0.3,9364
2018-09-26,32305972,2500468333,76.8,77.9,76.5,77.3,1.2,13653
2018-09-27,30732370,2400029461,77.5,78.7,77.3,78.7,1.4,14489
2018-09-28,38218400,3017084198,78.9,79.5,78.1,79.2,0.5,14128
2018-10-01,27677022,2213853060,79.9,80.4,79.6,79.9,0.7,12848
2018-10-02,39883714,3144463376,80.3,80.4,78.1,78.1,-1.8,15971
2018-10-03,29803905,2315818630,78.1,78.2,77.6,77.8,-0.3,6859
2018-10-04,30305034,2322411767,77.7,77.8,76.2,76.2,-1.6,15126
2018-10-05,33643388,2548528188,76.2,76.5,75.2,75.6,-0.6,15199
2018-10-08,19798390,1496082274,75.4,76.1,75.3,75.5,-0.1,9651
2018-10-09,21977940,1662200828,75.7,76.0,75.3,75.3,-0.2,9751
2018-10-11,108003464,7625976678,72.2,72.3,70.0,70.1,-5.2,46731
2018-10-12,52966494,3748639182,70.0,72.0,69.7,71.9,1.8,21325
2018-10-15,41594483,2940268543,71.2,71.2,70.2,70.5,-1.4,18490
2018-10-16,55483183,3891573947,70.1,70.5,70.0,70.4,-0.1,28189
2018-10-17,89222440,6194723900,70.7,71.0,68.1,68.1,-2.3,34412
2018-10-26,94812656,7361023903,79.8,79.8,75.5,76.2,0.0,45357
2018-10-29,38484156,2951213295,78.2,78.2,75.5,75.5,-0.7,18229
2018-10-30,25361205,1926689281,75.5,76.5,75.3,76.4,0.9,12188
2018-10-31,38572406,3025383578,78.1,78.8,77.7,78.8,2.4,16847
2018-11-01,27825014,2210830961,79.0,80.0,78.7,79.9,1.1,14064
2018-11-02,36586756,2936829536,79.7,81.6,78.7,81.0,1.1,15057
2018-11-05,22500657,1803389760,81.0,81.0,79.5,80.0,-1.0,9822
2018-11-06,27208925,2126849941,79.5,79.6,77.1,77.3,-2.7,12329
2018-11-07,23857091,1858258498,78.4,78.4,77.4,77.9,0.6,8606
2018-11-08,30437462,2350023974,78.2,78.4,76.6,76.6,-1.3,13422
2018-11-09,29900195,2272315726,76.5,76.6,75.5,76.1,-0.5,12313
2018-11-12,22024466,1679299499,75.9,76.9,75.8,76.2,0.1,7775
2018-11-13,31659718,2355103546,74.4,74.8,73.8,74.4,-1.8,12266
2018-11-14,35175438,2598272789,74.6,74.7,73.0,73.3,-1.1,15801
2018-11-15,37827181,2781986697,73.3,75.4,72.5,74.5,1.2,15743
2018-11-16,23952773,1779188408,74.9,75.0,73.8,74.3,-0.2,9336
2018-11-19,29570164,2170532689,73.7,73.8,73.1,73.4,-0.9,12196
2018-11-20,41385804,2960763006,72.0,72.7,71.0,71.0,-2.4,21043
2018-11-21,43288083,3021077277,69.0,70.9,68.9,70.6,-0.4,20770
2018-11-22,34033087,2380220840,70.6,71.0,69.4,69.5,-1.1,16757
2018-11-23,23607145,1653629295,69.9,70.4,69.6,70.0,0.5,10747
2018-11-26,25629931,1820699986,71.3,71.5,70.6,71.0,1.0,11579
2018-11-27,24442315,1723970365,71.0,71.0,70.1,70.7,-0.3,10507
2018-11-28,48699161,3524192489,71.0,73.4,71.0,73.1,2.4,19916
2018-11-29,44209607,3248333815,74.4,74.5,72.4,72.4,-0.7,16789
2018-11-30,79512359,5770124397,72.6,73.9,71.9,71.9,-0.5,16857
2018-12-03,44756298,3300697952,73.1,74.3,73.1,74.0,2.1,16213
2018-12-04,23375621,1721144064,74.0,74.0,73.1,73.4,-0.6,9063
2018-12-05,23898867,1721015724,72.3,72.5,71.5,71.6,-1.8,12344
2018-12-06,74371497,5173756905,70.3,71.0,68.8,69.0,-2.6,33077
2018-12-07,29788587,2065631101,69.2,69.6,69.1,69.1,0.1,16282
2018-12-10,34179628,2322581768,68.2,68.4,67.6,67.7,-1.4,18329
2018-12-11,27863901,1913157049,68.5,69.2,68.4,68.4,0.7,13419
2018-12-12,52213235,3699121588,70.5,71.7,70.1,71.2,2.8,22460
2018-12-13,46486838,3364791174,71.2,73.0,71.2,73.0,1.8,22336
2018-12-14,31646440,2267067945,72.6,72.6,71.1,71.5,-1.5,15433
2018-12-17,17849612,1275940487,71.6,72.2,71.1,71.1,-0.4,8056
2018-12-18,22953185,1618690443,70.5,70.8,70.1,70.8,-0.3,9991
2018-12-19,17964150,1281356965,70.9,71.8,70.8,71.8,1.0,8760
2018-12-20,25245106,1805594510,71.1,72.2,70.9,71.5,-0.3,11527
2018-12-21,33136429,2353447421,70.6,71.4,70.2,71.4,-0.1,9316
2018-12-22,6222257,441961791,71.0,71.3,70.8,70.9,-0.5,4435
2018-12-24,11791597,838847036,70.8,71.4,70.7,71.4,0.5,5306
2018-12-25,10943586,769819521,70.0,70.9,70.0,70.7,-0.7,6482
2018-12-26,9507306,671527729,70.9,71.2,70.2,70.2,-0.5,5070
2018-12-27,17074054,1217597624,71.8,71.8,70.8,70.8,0.6,7161
2018-12-28,16169241,1145754397,70.9,71.1,70.7,70.8,0.0,5604
2019-01-02,16775306,1182131473,71.4,71.4,69.9,70.1,-0.7,7968
2019-01-03,36659461,2526323765,69.0,69.4,68.5,68.9,-1.2,17345
2019-01-04,37313571,2520135828,68.2,68.2,67.0,67.6,-1.3,18110
2019-01-07,24084557,1661796863,68.7,69.4,68.3,69.3,1.7,11167
2019-01-08,18303188,1258685500,69.6,69.6,68.2,68.6,-0.7,8027
2019-01-09,31946504,2226173028,68.9,70.2,68.8,69.9,1.3,12390
2019-01-10,19041006,1318925953,69.8,69.8,68.9,69.3,-0.6,6868
2019-01-11,23895923,1666289347,69.8,70.2,69.4,69.4,0.1,8299
2019-01-14,14186528,978121932,69.3,69.7,68.6,68.7,-0.7,5838
2019-01-15,34095247,2391707840,69.5,70.6,69.5,70.3,1.6,13090
2019-01-16,16978789,1190557739,69.8,70.5,69.8,70.2,-0.1,7213
2019-01-17,14229333,1001981116,70.7,70.9,70.0,70.4,0.2,6079
2019-01-18,13989609,987788089,70.5,70.8,70.3,70.8,0.4,5758
2019-01-21,13812012,982801352,71.3,71.4,70.9,71.2,0.4,6076
2019-01-22,9804658,692841394,71.2,71.2,70.3,70.7,-0.5,4294
2019-01-23,14218510,995321209,70.5,70.5,69.6,69.7,-1.0,6712
2019-01-24,21008129,1467646630,69.5,70.1,69.5,70.0,0.3,6872
2019-01-25,37127222,2619546538,70.2,70.9,70.2,70.7,0.7,9069
2019-01-28,25776596,1824318059,70.8,71.0,70.6,70.8,0.1,6705
2019-01-29,25436535,1781646390,69.9,70.6,69.8,69.9,-0.9,7599
2019-01-30,32866799,2303214538,69.9,70.5,69.8,70.0,0.1,7053
2019-04-01,171442589,13641328837,77.0,80.8,76.7,80.8,7.3,66838
2019-04-02,102552317,8433290573,81.8,83.6,81.3,82.0,1.2,44503
2019-04-03,42366852,3454135060,82.3,82.7,80.7,81.9,-0.1,21665
2019-04-08,50206746,4147309372,82.5,83.1,82.0,82.4,0.5,20339
2019-04-09,28246484,2328939888,82.8,82.9,82.0,82.5,0.1,11999
2019-04-10,34543224,2864109342,82.9,83.4,82.4,83.0,0.5,13695
2019-04-11,46823031,3932810310,83.6,84.7,83.3,83.8,0.8,19623
2019-04-12,60490750,5210724455,85.6,86.7,85.6,86.5,2.7,28080
2019-04-15,73767290,6541107310,87.8,89.8,87.2,89.3,2.8,32992
2019-04-16,82925870,7493403350,91.4,91.4,89.5,89.9,0.6,34763
2019-04-17,91422037,8363112050,91.0,92.7,90.1,91.8,1.9,44910
2019-04-18,161976542,15205017590,94.0,97.2,90.5,91.6,-0.2,75202
2019-04-19,85815908,7722931247,92.6,92.9,88.6,88.9,-2.7,44291
2019-04-22,42019217,3713703322,88.8,89.7,87.7,87.8,-1.1,23843
2019-04-23,66167792,5800876996,88.2,88.5,86.8,88.3,0.5,28446
2019-04-24,56834676,4979883410,89.0,89.1,86.1,86.9,-1.4,21783
2019-04-25,32202088,2786502667,86.0,87.2,85.8,86.8,-0.1,14711
2019-04-26,31649333,2759566093,87.4,87.8,86.5,87.4,0.6,13980
2019-04-29,33405276,2937313949,87.5,88.8,87.4,87.8,0.4,15147
2019-04-30,35517579,3085461156,88.0,88.0,86.1,86.9,-0.9,15610
2019-05-02,33606728,2916166643,86.5,87.3,86.3,86.9,0.0,10464
2019-05-03,33772491,2951238446,87.3,88.3,86.7,88.2,1.3,12243
2019-05-06,48477706,4139406310,85.7,86.2,84.8,84.9,-3.3,22863
2019-05-07,31286229,2707565265,85.3,87.3,85.3,86.6,1.7,13893
2019-05-08,24225963,2080351855,85.8,86.3,85.3,85.9,-0.7,10311
2019-05-09,37492080,3184908365,85.5,86.0,84.3,84.3,-1.6,15730
2019-05-10,26540533,2236652077,85.0,85.6,83.1,83.7,-0.6,13452
2019-05-13,36817422,3018294124,83.5,83.5,81.1,81.2,-2.5,18630
2019-05-14,58917717,4688254090,79.1,80.5,78.8,79.7,-1.5,24201
2019-05-15,73605827,5732804818,78.1,78.4,77.5,77.8,-1.9,28764
2019-05-16,62956947,4865352171,78.1,78.3,75.9,75.9,-1.9,25086
2019-05-17,50083428,3774307349,76.6,77.1,74.6,74.7,-1.2,21472
2019-05-20,31140335,2340545371,75.3,76.1,74.7,75.0,0.3,13575
2019-05-21,36661660,2749432998,75.3,75.4,74.6,75.0,0.0,14041
2019-05-22,30618177,2278642427,75.1,75.3,74.0,74.0,-1.0,14527
2019-05-23,63692307,4585352752,72.7,72.8,71.5,71.5,-2.5,28490
2019-05-24,40844359,2925562799,71.5,72.2,71.1,71.4,-0.1,18744
2019-05-27,25409320,1816209346,71.6,71.9,71.1,71.4,0.0,11329
2019-05-28,138134091,9842471605,71.3,72.0,71.2,71.2,-0.2,14561
2019-05-29,43871336,3112658057,70.2,72.3,70.1,72.2,1.0,19856
2019-05-30,44881687,3272062100,72.2,73.7,71.7,73.4,1.2,18144
2019-05-31,52374507,3879770343,73.0,74.9,72.8,73.9,0.5,22956
2019-06-03,30691063,2240945696,73.3,73.7,72.2,73.4,-0.5,13292
2019-06-04,39322197,2846060314,73.1,73.4,71.8,71.8,-1.6,17958
2019-06-05,48348800,3473387525,72.5,72.8,71.0,71.0,-0.8,20283
2019-06-06,38757260,2760665454,71.0,72.0,71.0,71.1,0.1,15184
2019-06-10,35654410,2562142098,72.0,72.3,71.2,72.1,1.0,13300
2019-06-11,28059014,2031363362,72.1,72.8,71.9,72.4,0.3,11952
2019-06-12,40554559,2954223835,72.5,73.9,72.0,73.7,1.3,16870
2019-06-13,42030922,3106369148,73.6,74.4,73.2,74.2,0.5,16684
2019-06-14,40758143,3057620636,74.2,75.5,74.2,75.1,0.9,19770
2019-06-17,33119409,2519346493,75.6,76.5,75.2,76.4,1.3,16702
2019-06-18,36656969,2790370844,77.2,77.5,75.1,75.9,-0.5,17471
2019-06-19,49543345,3812397346,77.4,77.4,76.4,77.2,1.3,19591
2019-06-20,26823796,2077861695,77.3,77.8,76.8,77.7,0.5,12705
2019-06-21,58532183,4537934418,78.2,78.8,76.6,76.8,-0.9,22404
2019-06-24,28060800,2141301281,76.4,77.2,75.3,77.1,0.3,13163
2019-06-25,21534885,1650467278,77.0,77.4,76.1,76.4,-0.7,11060
2019-06-26,17961718,1370947546,76.1,76.7,76.1,76.3,-0.1,7367
2019-06-27,32381055,2508603582,76.8,77.9,76.7,77.4,1.1,11933
2019-06-28,21112390,1639176256,77.6,78.2,77.4,77.4,0.0,7961
2019-07-01,37776031,2989054094,78.7,79.7,78.6,79.4,2.0,18111
2019-07-02,21546017,1705333449,79.0,79.5,78.7,79.1,-0.3,10787
2019-07-03,30692214,2391526371,78.4,78.8,77.5,77.5,-1.6,14736
2019-07-04,14276447,1111651026,78.0,78.4,77.5,77.7,0.2,6699
2019-07-05,10943297,854395365,77.9,78.3,77.9,78.2,0.5,5367
2019-07-08,19426333,1529428867,78.4,79.0,78.3,79.0,0.8,9232
2019-07-09,21188735,1661393530,79.1,79.1,77.8,77.9,-1.1,9428
2019-07-10,20106457,1568642420,78.7,78.7,77.7,77.9,0.0,8319
2019-07-11,20457120,1601744784,78.1,78.7,77.8,78.2,0.3,9065
2019-07-12,26468868,2058503042,78.0,78.2,77.5,77.6,-0.6,11097
2019-07-15,37340374,2887993512,77.1,78.2,76.1,78.1,0.5,16220
2019-07-16,59184035,4725596800,78.4,80.8,78.4,80.0,1.9,26333
2019-07-17,31741667,2533615702,80.2,80.4,79.3,79.3,-0.7,14300
2019-07-18,20198449,1600873450,79.2,79.7,79.0,79.0,-0.3,8911
2019-07-19,24572592,1957380338,79.6,80.4,79.3,79.3,0.3,10527
2019-07-22,38787555,3116232002,79.5,80.8,79.4,80.6,1.3,16042
2019-07-23,38227545,3090070309,81.1,81.4,80.3,80.9,0.3,16167
2019-07-24,73095922,5936543093,81.2,81.5,80.8,81.3,0.4,27858
2019-07-25,62909028,4935150376,78.0,79.3,77.8,78.6,0.0,27627
2019-07-26,22089564,1733210163,78.4,78.9,78.1,78.4,-0.2,10576
2019-07-29,18209593,1425967829,78.3,78.7,78.0,78.4,0.0,7428
2019-07-30,27716754,2161853958,78.7,78.8,77.6,77.8,-0.6,10594
2019-07-31,24080224,1885916520,78.2,78.7,77.7,78.6,0.8,9103
2019-08-01,31383363,2448631923,77.8,78.4,77.6,77.9,-0.7,13709
2019-08-02,51771742,3932053892,76.5,76.6,75.5,75.5,-2.4,25321
2019-08-05,49484279,3630339605,74.9,74.9,72.6,72.8,-2.7,25954
2019-08-06,40168974,2899786822,71.0,73.6,70.7,73.3,0.5,19447
2019-08-07,26458601,1935659844,73.6,73.9,72.8,72.9,-0.4,12876
2019-08-08,19132614,1401390427,72.8,73.7,72.7,73.1,0.2,8520
2019-08-12,18829546,1386961208,73.2,74.3,72.8,73.7,0.6,9212
2019-08-13,18041979,1319078341,73.8,73.8,72.9,72.9,-0.8,8642
2019-08-14,34110030,2497656890,74.0,74.3,72.6,72.6,-0.3,13839
2019-08-15,29341797,2102556384,71.5,71.9,71.3,71.6,-1.0,14450
2019-08-16,33475801,2407954491,71.4,72.7,71.2,72.0,0.4,14550
2019-08-19,19816447,1437460797,72.5,73.0,72.2,72.4,0.4,9431
2019-08-20,18777661,1361574436,72.5,72.9,72.4,72.4,0.0,8278
2019-08-21,27098920,1989126254,73.0,73.8,72.6,73.5,1.1,12750
2019-08-22,23080538,1702786612,74.0,74.3,73.3,73.9,0.4,9530
2019-08-23,16397789,1203893184,73.5,73.9,73.2,73.3,-0.6,8009
2019-08-26,29641247,2131214083,71.8,72.1,71.6,72.0,-1.3,15334
2019-08-27,37138289,2681293432,72.5,72.6,72.0,72.2,0.2,9144
2019-08-28,14696633,1061042978,72.3,72.5,72.0,72.4,0.2,7462
2019-08-29,20188936,1452837808,72.4,72.4,71.8,71.9,-0.5,9559
2019-08-30,39791593,2926659371,72.8,74.2,72.6,74.2,2.3,16463
2019-09-02,19418490,1437551600,74.4,74.4,73.8,74.0,-0.2,9706
2019-09-03,14880467,1099921236,74.2,74.3,73.6,73.6,-0.4,6761
2019-09-04,31103326,2302854103,73.9,74.5,73.7,74.3,0.7,9126
2019-09-05,26853451,2009112468,74.8,75.3,74.4,74.9,0.6,11720
2019-09-06,29362446,2213894500,75.5,75.9,75.0,75.0,0.1,14340
2019-09-09,20213537,1515871410,75.5,75.7,74.6,74.7,-0.3,9867
2019-09-10,24330390,1802563745,74.8,74.8,73.8,74.1,-0.6,11187
2019-09-11,35738526,2665190390,74.5,75.3,74.2,74.5,0.4,14229
2019-09-12,61561226,4648457642,75.0,76.0,74.6,76.0,1.5,26748
2019-09-16,42605700,3226860951,76.3,76.4,75.0,76.0,0.0,15028
2019-09-17,43926799,3284313874,74.9,75.5,74.5,74.6,-1.4,19504
2019-09-18,33122317,2466647011,74.7,74.9,74.1,74.4,-0.2,13550
2019-09-19,31821479,2354960866,74.6,74.8,73.5,73.5,-0.9,13983
2019-09-20,33927500,2521042744,73.8,74.5,73.8,74.5,1.0,8653
2019-09-23,10657229,794333608,74.5,74.7,74.2,74.7,0.2,5397
2019-09-24,19777743,1481741359,74.7,75.3,74.5,74.9,0.2,7930
2019-09-25,18380995,1369148183,74.7,74.8,74.1,74.8,-0.1,7481
2019-09-26,22665993,1683566362,75.0,75.0,74.0,74.0,-0.8,8846
2019-09-27,25514894,1877490240,74.1,74.3,73.2,73.2,-0.8,11217
2019-10-01,47479934,3442928053,72.2,73.0,72.2,72.6,-0.6,20014
2019-10-02,26526996,1918576398,72.2,72.5,72.2,72.3,-0.3,12200
2019-10-03,28106086,2019549226,71.8,72.2,71.5,72.0,-0.3,13528
2019-10-04,18814662,1360137603,72.2,72.7,72.0,72.7,0.7,9549
2019-10-07,25366095,1866993860,73.4,74.0,73.2,73.4,0.7,11706
2019-10-08,28493260,2105351412,73.9,74.2,73.5,74.0,0.6,11091
2019-10-09,18869984,1382827132,73.5,73.8,72.9,72.9,-1.1,7885
2019-10-14,48248401,3583251274,74.3,74.5,73.8,74.5,1.6,15732
2019-10-15,39991555,2995659383,75.0,75.4,74.5,74.7,0.2,12889
2019-10-16,35414100,2656399981,75.4,75.4,74.7,75.0,0.3,12317
2019-10-17,81667038,6223362226,75.3,77.5,75.0,77.2,2.2,32370
2019-10-18,79307262,6135246690,77.6,78.2,76.9,76.9,-0.3,22232
2019-10-21,32659971,2517240178,77.2,77.6,76.4,77.6,0.7,12693
2019-10-22,84257950,6668430797,78.5,79.8,78.4,79.5,1.9,34399
2019-10-23,89180610,7144162167,80.0,80.9,79.1,80.5,1.0,33358
2019-10-24,40227260,3240812274,80.9,81.2,80.2,80.5,0.0,16658
2019-10-25,35866261,2871800127,80.7,80.7,79.6,80.2,-0.3,14070
2019-10-28,24589303,1976884140,80.5,80.8,80.0,80.1,-0.1,11179
2019-10-29,43338927,3501791877,80.1,81.4,80.1,80.8,0.7,18579
2019-10-30,31199154,2503835220,80.9,80.9,79.7,80.2,-0.6,12486
2019-10-31,39615853,3205652611,81.0,81.4,80.6,80.6,0.4,15447
2019-11-01,126495985,10516290118,81.4,84.8,80.9,84.8,4.2,54653
2019-11-04,157046158,13788215938,86.1,89.1,86.1,89.0,4.2,69524
2019-11-05,114554576,10282369664,90.0,90.4,89.1,90.0,1.0,49127
2019-11-06,102692823,9247509770,90.5,90.9,88.9,90.4,0.4,43449
2019-11-07,91907245,8308738401,90.4,91.0,89.8,90.8,0.4,36793
2019-11-08,107939604,9898925887,91.2,92.9,90.9,90.9,0.1,48100
2019-11-11,113464283,10036725149,91.0,91.3,86.7,87.9,-3.0,47982
2019-11-12,87919854,7892657442,89.1,91.0,88.7,91.0,3.1,37303
2019-11-13,53336137,4788176972,90.0,90.6,89.2,89.7,-1.3,23412
2019-11-14,89212854,8050458022,91.4,91.4,89.3,89.3,-0.4,30500
2019-11-15,43552570,3928041685,90.7,90.8,89.8,90.1,0.8,18749
2019-11-18,35921688,3244631720,90.1,90.7,89.9,90.5,0.4,14611
2019-11-19,109575561,10092721829,90.5,92.8,90.3,92.8,2.3,47352
2019-11-20,44527871,4089310578,92.8,92.8,91.2,91.9,-0.9,20426
2019-11-21,52752786,4825030164,91.2,92.5,90.7,92.5,0.6,20606
2019-11-22,30090529,2765280631,93.0,93.0,91.3,91.4,-1.1,15802
2019-11-25,56144076,5046637379,91.6,91.6,89.0,89.6,-1.8,24137
2019-11-26,74419119,6692787107,90.4,90.4,89.4,89.9,0.3,14304
2019-11-27,21007877,1895290466,89.6,90.8,89.6,90.6,0.7,10282
2019-11-28,19363801,1748262807,90.6,90.7,89.7,89.8,-0.8,9626
2019-11-29,37756546,3364546289,90.0,90.5,88.2,88.5,-1.3,16445
2019-12-02,31236074,2746751820,88.6,89.3,86.8,88.6,0.1,14896
2019-12-03,34645279,3100405770,88.3,90.3,87.8,90.0,1.4,14042
2019-12-04,26034634,2322526955,90.0,90.0,88.7,89.5,-0.5,9926
2019-12-05,19851813,1788613637,90.0,90.7,89.6,89.9,0.4,9419
2019-12-06,20657992,1864481080,90.6,90.9,89.7,90.5,0.6,10122
2019-12-09,39013354,3554471708,90.8,91.7,90.3,91.0,0.5,16974
2019-12-10,14192519,1282178710,90.5,90.8,90.1,90.3,-0.7,6932
2019-12-11,32362218,2944889438,90.5,91.3,90.4,91.3,1.0,14049
2019-12-12,32664180,2991238892,92.0,92.2,91.0,91.0,-0.3,13263
2019-12-13,33488249,3060261787,92.0,92.0,90.9,91.0,0.0,15711
2019-12-16,34055107,3121729569,91.5,92.4,91.1,91.6,0.6,14433
2019-12-17,31166098,2846439695,91.8,91.9,91.1,91.6,0.0,12212
2019-12-18,58840462,5427958104,91.6,92.8,91.1,92.4,0.8,24632
2019-12-19,28904382,2653486845,92.0,92.2,91.3,92.2,-0.2,11949
2019-12-20,39064336,3573523990,92.5,92.6,91.1,91.1,-1.1,11011
2019-12-23,17511564,1595581554,91.3,91.7,90.7,91.5,0.4,8301
2019-12-24,11775451,1072386883,91.5,91.5,90.8,90.9,-0.6,5935
2019-12-25,11310473,1029248360,91.1,91.3,90.8,91.0,0.1,6353
2019-12-26,10097183,917789491,91.0,91.3,90.7,90.8,-0.2,5517
2019-12-27,20188995,1848289316,91.4,91.9,91.1,91.5,0.7,8406
2019-12-30,15811376,1442350252,91.6,91.8,90.9,90.9,-0.6,6646
2019-12-31,14491239,1317119661,90.7,91.4,90.7,90.8,-0.1,6530
2020-01-02,20758722,1886677519,91.0,91.5,90.3,90.8,0.0,9994
2020-01-03,37936877,3471335594,91.4,92.2,90.8,91.6,0.8,16491
2020-01-06,26352522,2388785688,91.1,91.1,90.1,90.5,-1.1,11872
2020-01-07,43978140,3935667984,90.5,91.0,88.3,89.1,-1.4,21340
2020-01-08,56101121,4891344755,87.9,88.1,86.5,86.5,-2.6,28087
2020-01-09,28513381,2491571248,87.3,87.7,87.0,87.1,0.6,13485
2020-01-10,32264863,2852056044,88.0,89.0,87.5,89.0,1.9,14951
2020-01-13,23369554,2084580613,89.7,89.7,88.6,89.6,0.6,9793
2020-01-14,19568838,1758920258,90.0,90.1,89.6,90.0,0.4,9250
2020-01-15,23798041,2141165898,90.0,90.3,89.5,89.9,-0.1,9104
2020-01-16,19281565,1734134777,89.8,90.2,89.4,90.0,0.1,6958
2020-01-17,78180511,7195625358,91.0,92.4,91.0,92.3,2.3,33753
2020-01-20,35277412,3266663404,92.7,93.4,92.1,92.3,0.0,14735
2020-01-30,153655274,12913538375,85.5,86.2,83.1,83.1,-9.2,63060
2020-01-31,69686948,5823335061,83.0,84.9,82.6,83.2,0.1,28528
2020-02-03,66666856,5331667770,79.5,82.3,77.3,82.2,-1.0,27283
2020-02-04,49697853,4125328043,82.8,83.9,81.5,82.2,0.0,18430
2020-02-05,49302064,4053426295,82.2,82.7,81.6,82.2,0.0,17553
2020-02-06,44278109,3674127347,82.5,83.6,82.3,83.6,1.4,16635
2020-02-07,26495116,2198259716,83.6,83.6,82.7,82.9,-0.7,12149
2020-02-10,42505477,3452575714,79.0,82.7,78.9,82.0,-0.9,18921
2020-02-11,28310130,2343130610,82.6,83.4,82.1,82.9,0.9,11338
2020-02-12,57339491,4848610083,83.0,85.6,83.0,85.5,2.6,22018
2020-02-13,36204520,3092757614,85.8,86.3,84.7,84.7,-0.8,15769
2020-02-14,21292704,1806237388,84.7,85.3,84.3,84.9,0.2,9353
2020-02-17,16771107,1408020326,84.2,84.2,83.8,83.9,-1.0,10096
2020-02-18,22611466,1887907282,84.0,84.3,83.0,83.4,-0.5,10033
2020-02-19,25476407,2132686918,83.0,84.6,82.5,83.8,0.4,12306
2020-02-20,35972272,2991260607,84.0,84.1,82.5,82.8,-1.0,13928
2020-02-21,29778377,2438828133,82.1,82.2,81.6,81.7,-1.1,14457
2020-02-24,32852370,2650828496,80.6,81.4,80.2,80.7,-1.0,15908
2020-02-25,47213818,3849837516,80.2,82.7,79.9,82.3,1.6,19636
2020-02-26,43075406,3504698711,81.2,82.2,80.7,81.1,-1.2,18692
2020-02-27,53384898,4297286977,80.8,81.5,80.0,80.3,-0.8,21538
2020-03-02,54992166,4355555537,78.2,80.3,78.1,79.2,-1.1,23725
2020-03-03,34822180,2828098980,81.1,82.0,80.6,81.0,1.8,16398
2020-03-04,29907913,2438150154,81.5,81.9,81.1,81.7,0.7,11887
2020-03-05,36950021,3067987721,83.3,83.6,82.6,82.7,1.0,16471
2020-03-06,38712605,3137596043,81.6,81.7,80.7,80.8,-1.9,17173
2020-03-09,45009955,3574569517,79.2,80.1,79.1,79.1,-1.7,23367
2020-03-10,39205665,3099346390,78.5,79.8,78.5,79.4,0.3,17013
2020-03-11,30546137,2418343099,79.3,80.1,78.6,78.6,-0.8,14050
2020-03-12,85760356,6495111843,77.4,77.5,74.5,74.7,-3.9,42675
2020-03-13,108780196,7771885443,70.0,75.0,69.9,74.6,-0.1,46824
2020-03-16,65223917,4720458460,73.9,74.3,71.1,71.1,-3.5,32325
2020-03-17,72635874,5158152404,70.1,72.8,70.0,70.6,-0.5,30114
2020-03-18,76268240,5378721353,70.7,71.3,70.0,70.0,-0.6,30314
2020-03-19,107256149,7251995017,68.7,69.3,65.7,66.3,-3.7,47548
2020-03-20,104299524,7291745045,68.0,71.4,68.0,70.8,4.5,40245
2020-03-23,66805202,4526103196,67.5,68.4,67.0,67.5,-3.3,27995
2020-03-24,41628933,2912829700,70.6,70.7,69.1,69.4,1.9,19834
2020-03-25,53652986,3851366575,71.2,72.6,71.1,71.4,2.0,26059
2020-03-26,38695860,2744977279,71.5,71.7,70.5,71.0,-0.4,15719
2020-03-27,59785740,4243023340,71.4,72.2,70.0,70.1,-0.9,23636
2020-03-30,33595577,2344257604,69.5,70.3,69.0,70.0,-0.1,13149
2020-03-31,38298560,2683048464,70.1,70.5,69.9,69.9,-0.1,14066
2020-04-01,25810865,1810237557,70.5,70.5,70.0,70.0,0.1,10193
2020-04-06,48957455,3422092605,70.0,70.3,69.4,70.2,0.2,16309
2020-04-07,46626787,3321176546,71.4,71.9,70.8,71.2,1.0,19700
2020-04-08,90172291,6665687725,71.5,75.3,71.4,75.0,3.8,45059
2020-04-09,55267837,4121063355,75.5,75.9,73.7,74.0,-1.0,27239
2020-04-10,19079314,1406163797,73.5,73.9,73.4,73.9,-0.1,9662
2020-04-13,25076651,1840201557,73.8,73.9,73.1,73.1,-0.8,12994
2020-04-14,36772932,2724034232,73.5,74.5,73.2,74.4,1.3,13991
2020-04-15,42208905,3140527398,74.5,75.2,74.1,74.1,-0.3,19762
2020-04-16,46873293,3488949075,74.0,75.0,73.8,74.0,-0.1,16737
2020-04-17,71076153,5396376021,75.5,76.5,75.3,75.8,1.8,29356
2020-04-20,34062921,2589741185,76.1,76.6,75.4,76.2,0.4,13541
2020-04-21,50476839,3748124545,75.2,75.5,73.5,73.5,-2.7,26194
2020-04-22,27664535,2028813790,72.6,73.9,72.5,73.9,0.4,11631
2020-04-23,26918129,1999116982,74.2,75.2,73.6,74.0,0.1,10752
2020-04-24,18097847,1338133578,74.0,74.2,73.7,73.8,-0.2,8073
2020-04-27,28422746,2127044766,74.2,75.2,74.2,74.9,1.1,12354
2020-04-28,22472772,1686693617,75.1,75.4,74.8,75.2,0.3,9829
2020-04-29,32618555,2472509066,75.2,76.2,75.1,75.6,0.4,15525
2020-04-30,50247112,3846340874,76.2,77.0,76.0,77.0,1.4,21023
2020-05-04,50274654,3743144292,74.0,75.0,73.9,74.5,-2.5,24021
2020-05-05,30499283,2267358676,74.7,75.0,74.0,74.1,-0.4,14431
2020-05-06,26782236,1994740599,74.1,75.2,74.1,74.3,0.2,12458
2020-05-07,31856315,2394950417,74.5,75.8,74.5,75.2,0.9,13922
2020-05-08,38394983,2932358445,76.8,76.8,75.9,76.2,1.0,17416
2020-05-11,59444957,4658299492,76.9,79.2,76.9,78.9,2.7,28011
2020-05-12,45434634,3527174435,78.3,78.4,77.0,77.3,-1.6,21458
2020-05-13,43132241,3378556440,77.7,78.8,77.7,78.8,1.5,21005
2020-05-14,42128911,3298686731,78.0,78.9,78.0,78.2,-0.6,19774
2020-05-15,47550082,3678862332,78.2,78.6,76.4,77.1,-1.1,22470
2020-05-18,57978171,4380323435,76.6,76.6,74.9,75.0,-2.1,26917
2020-05-19,49410505,3711927230,75.4,76.0,74.6,74.8,-0.2,21590
2020-05-20,30828720,2304984331,74.9,75.3,74.5,74.5,-0.3,13870
2020-05-21,24213322,1809690550,74.5,75.0,74.3,74.7,0.2,11673
2020-05-22,46433168,3429622432,74.2,74.4,73.5,73.6,-1.1,24358
2020-05-25,26982259,1975050566,73.5,73.6,72.6,73.6,0.0,13590
2020-05-26,28310825,2118555875,73.7,75.3,73.6,74.8,1.2,12743
2020-05-27,22380029,1681599201,74.8,75.5,74.8,75.3,0.5,9717
2020-05-28,26184820,1974966847,75.7,75.9,74.8,75.3,0.0,11142
2020-05-29,44896709,3390842168,74.3,75.8,74.3,75.8,0.5,8845
2020-06-01,25890941,1978249140,76.0,76.8,75.9,76.2,0.4,11983
2020-06-02,46411048,3578984344,76.5,77.5,76.4,77.1,0.9,17377
2020-06-03,42871656,3345926880,78.0,78.4,77.6,78.1,1.0,20113
2020-06-04,43657351,3416129837,78.5,78.7,77.6,78.4,0.3,16411
2020-06-05,33935695,2653168238,78.1,78.5,77.8,78.5,0.1,14514
2020-06-08,53575560,4252869778,79.1,79.8,78.8,79.7,1.2,25563
2020-06-09,38143498,3037880359,79.3,80.2,78.9,79.5,-0.2,17925
2020-06-10,25863059,2061805675,79.6,79.9,79.1,79.9,0.4,11783
2020-06-11,42535010,3373446609,79.9,80.3,78.1,78.6,-1.3,19143
2020-06-12,30382486,2353848108,77.3,78.0,76.6,78.0,-0.6,14859
2020-06-15,26332046,2038172490,77.7,77.9,77.0,77.0,-1.0,12905
2020-06-16,22339775,1747515973,77.8,78.5,77.7,78.4,1.4,9686
2020-06-17,18039312,1413407434,78.9,79.0,77.9,78.2,-0.2,8443
2020-06-18,18089756,1416482565,78.4,78.7,77.7,78.5,0.3,7536
2020-06-19,35887232,2822258010,78.6,78.9,78.1,78.8,0.3,7669
2020-06-22,16769227,1318411513,78.7,78.9,78.2,78.9,0.1,7610
2020-06-23,45708143,3655911340,79.6,80.7,79.3,80.2,1.3,20574
2020-06-24,88391479,7322897783,81.1,83.5,81.0,83.5,3.3,41893
2020-06-29,98493392,8314264132,83.6,85.8,83.4,85.2,1.7,39748
2020-06-30,57741437,4972422082,86.0,86.4,85.7,86.3,1.1,23058
2020-07-01,44576514,3854998428,86.5,87.6,85.5,85.9,-0.4,22175
2020-07-02,34490431,2950800438,85.8,86.0,84.6,86.0,0.1,16916
2020-07-03,44883049,3832093245,86.1,86.2,85.1,85.3,-0.7,21640
2020-07-06,44370881,3833581654,85.7,86.6,85.6,86.4,1.1,17935
2020-07-07,52853744,4572499757,87.1,87.5,85.6,87.0,0.6,21050
2020-07-08,40532208,3524880599,87.0,87.3,86.6,87.0,0.0,15078
2020-07-09,51421490,4442391525,87.3,87.4,85.8,86.2,-0.8,20494
2020-07-10,55453243,4737240248,86.2,86.2,84.8,84.8,-1.4,22536
2020-07-13,36625700,3154223682,85.4,86.7,85.4,86.7,1.9,14492
2020-07-14,34934410,3029522815,86.8,87.5,86.3,86.3,-0.4,13706
2020-07-15,47807002,4148430451,86.6,87.2,86.5,86.6,0.3,22664
2020-07-16,50530654,4420166927,87.0,88.0,86.9,87.6,1.0,20067
2020-07-17,48813379,4307330703,88.3,88.6,87.6,88.0,0.4,21341
2020-07-20,74478567,6424395139,88.0,88.0,85.0,86.8,-1.2,29010
2020-07-21,74962395,6405280586,86.0,86.1,85.1,85.3,-1.5,34475
2020-07-22,73724655,6309707947,85.3,86.0,85.1,85.9,0.6,28177
2020-07-23,79361972,6498304084,81.3,82.5,81.1,82.1,0.0,31355
2020-07-24,50435732,4076404565,81.5,81.9,80.0,80.0,-2.1,23339
2020-07-27,68636332,5391711702,79.6,79.9,78.0,78.0,-2.0,29796
2020-07-28,89739664,7145636184,77.8,82.7,77.3,78.4,0.4,36892
2020-07-29,39362154,3086153861,78.6,79.8,78.0,78.0,-0.4,20547
2020-07-30,40501045,3157449637,78.7,78.8,77.5,78.0,0.0,17186
2020-07-31,47089202,3713121252,78.5,79.4,78.4,78.4,0.4,17849
2020-08-03,61172243,4755970977,78.4,78.9,77.1,77.1,-1.3,28055
2020-08-04,23090382,1797852065,77.7,78.2,77.5,78.1,1.0,10819
2020-08-05,27876127,2178907032,78.3,78.5,77.9,77.9,-0.2,14160
2020-08-06,33250505,2629079995,79.3,79.7,78.5,79.0,1.1,16746
2020-08-07,21862438,1721842306,79.6,79.6,78.3,78.3,-0.7,11805
2020-08-10,49798520,3990124915,79.2,80.9,79.1,80.5,2.2,23279
2020-08-11,30816578,2468946640,81.0,81.1,79.6,79.8,-0.7,13848
2020-08-12,45677601,3690920427,80.9,81.5,79.9,81.4,1.6,20916
2020-08-13,91723728,7358971725,82.0,82.3,79.2,79.5,-1.9,36555
2020-08-14,35459498,2840778377,79.8,80.7,79.6,80.4,0.9,13587
2020-08-17,23622631,1896828119,80.7,80.7,80.0,80.2,-0.2,11055
2020-08-18,33226399,2650389582,80.5,80.5,79.3,79.8,-0.4,11086
2020-08-19,34690778,2772846440,80.9,80.9,79.3,79.3,-0.5,13857
2020-08-20,62249250,4824965577,79.6,79.9,75.6,77.1,-2.2,28426
2020-08-21,24487793,1910674209,78.2,78.4,77.5,78.2,1.1,11775
2020-08-24,21801923,1698792494,78.2,78.4,77.6,77.6,-0.6,8976
2020-08-25,17655262,1381004042,78.1,78.5,77.8,78.3,0.7,7599
2020-08-26,16286412,1272133537,78.3,78.4,77.9,78.2,-0.1,7049
2020-08-27,24154047,1879109966,78.2,78.7,77.5,77.5,-0.7,11696
2020-08-28,25486462,1976344876,77.4,78.2,77.1,77.5,0.0,11424
2020-08-31,30590373,2364666097,77.8,78.0,76.9,76.9,-0.6,9800
2020-09-01,22918104,1761448751,76.9,77.3,76.4,77.0,0.1,9429
2020-09-02,24934189,1926749142,77.2,77.8,77.0,77.8,0.8,10679
2020-09-03,41884369,3282356882,78.8,79.3,77.6,77.7,-0.1,19460
2020-09-04,36806710,2831784400,77.0,77.3,76.6,76.9,-0.8,15981
2020-09-07,21248188,1638392849,76.8,77.5,76.8,77.3,0.4,10350
2020-09-08,26249612,2037963124,77.7,78.1,77.3,77.5,0.2,9471
2020-09-09,22505471,1737061038,77.3,77.9,76.6,77.9,0.4,10226
2020-09-10,29117204,2283088513,78.0,78.7,78.0,78.5,0.6,12763
2020-09-11,16132726,1263705910,78.5,78.5,78.0,78.5,0.0,7897
2020-09-14,27029525,2139654572,78.8,79.5,78.6,79.4,0.9,13151
2020-09-15,16938546,1340750906,79.4,79.4,78.9,79.1,-0.3,7801
2020-09-16,18122360,1429007221,79.4,79.4,78.6,78.8,-0.3,8344
2020-09-17,20784040,1628079884,78.6,79.1,78.0,78.1,-0.7,10005
2020-09-18,32663875,2538932050,77.9,78.2,77.5,77.6,-0.5,9826
2020-09-21,19006472,1475770876,77.6,78.3,77.3,77.4,-0.2,9495
2020-09-22,25601394,1969959728,77.3,77.3,76.5,76.8,-0.6,10596
2020-09-23,18141854,1392920098,77.0,77.2,76.6,76.7,-0.1,8408
2020-09-24,57338020,4323761301,76.1,76.4,75.0,75.0,-1.7,27989
2020-09-25,38124876,2845940140,75.4,75.7,74.1,74.3,-0.7,17695
2020-09-28,32250992,2463972584,74.9,76.9,74.8,76.9,2.6,14071
2020-09-29,36475973,2829789508,77.3,78.4,77.0,77.0,0.1,14074
2020-09-30,19229698,1492921059,78.0,78.0,77.3,77.4,0.4,8011
2020-10-05,19075464,1486550675,78.2,78.5,77.5,77.7,0.3,8036
2020-10-06,16976308,1322915817,78.1,78.2,77.6,77.8,0.1,7560
2020-10-07,17236406,1334976005,77.4,77.8,77.1,77.4,-0.4,6752
2020-10-08,14942266,1162407848,77.8,78.0,77.5,78.0,0.6,7978
2020-10-12,38085427,2991588689,78.4,78.8,78.1,78.7,0.7,14391
2020-10-13,22946661,1803540423,79.0,79.1,78.1,78.9,0.2,10059
2020-10-14,42431974,3319711242,78.1,78.8,78.0,78.0,-0.9,11427
2020-10-15,26260704,2052076611,77.7,78.5,77.6,78.1,0.1,9280
2020-10-16,48409062,3826593625,78.4,79.9,78.2,78.6,0.5,21575
2020-10-19,85721985,6933767387,80.0,81.5,79.7,81.3,2.7,41492
2020-10-20,45688857,3719173202,81.5,82.0,80.8,81.4,0.1,23005
2020-10-21,32456107,2621588828,81.5,81.5,80.3,80.4,-1.0,14481
2020-10-22,24773904,1997772128,80.8,80.8,80.3,80.8,0.4,9087
2020-10-23,18968821,1533150361,81.2,81.4,80.5,80.7,-0.1,7944
2020-10-26,14376600,1155662321,81.1,81.1,80.0,80.2,-0.5,7849
2020-10-27,21240221,1694981771,79.9,80.0,79.4,80.0,-0.2,9012
2020-10-28,33914127,2673591837,79.4,79.7,78.2,78.3,-1.7,16485
2020-10-29,30618945,2376702905,77.6,78.2,76.8,78.0,-0.3,15101
2020-10-30,26399018,2048506123,77.6,78.2,77.1,77.5,-0.5,9463
2020-11-02,17820319,1388494460,77.5,78.3,77.4,78.3,0.8,8075
2020-11-03,14624015,1146787065,78.5,78.8,78.1,78.3,0.0,7545
2020-11-04,18927508,1490884001,78.4,79.4,78.0,78.8,0.5,7641
2020-11-05,14675062,1157728567,79.0,79.3,78.5,79.0,0.2,6177
2020-11-06,21927838,1745003872,79.6,79.9,79.3,79.7,0.7,9256
2020-11-09,42301888,3424501240,80.7,81.5,80.5,81.2,1.5,19937
2020-11-10,21869925,1766382105,81.1,81.2,80.3,80.8,-0.4,10248
2020-11-11,36850179,2992317172,80.8,81.7,80.4,81.6,0.8,17181
2020-11-12,44996299,3672675394,81.7,82.0,80.8,81.9,0.3,19911
2020-11-13,32250189,2628738658,81.9,82.0,80.9,81.4,-0.5,14397
2020-11-16,50715538,4182976762,82.0,82.9,81.9,82.6,1.2,22122
2020-11-17,45390693,3760327206,83.1,83.3,82.3,83.0,0.4,17332
2020-11-18,30992749,2576431712,82.9,83.4,82.7,83.2,0.2,14929
2020-11-19,23992520,1985723356,82.7,83.2,82.5,82.9,-0.3,11054
2020-11-20,24856126,2050460680,83.3,83.3,82.1,82.5,-0.4,11943
2020-11-23,24645027,2041909040,82.9,83.2,82.5,82.9,0.4,10383
2020-11-24,22997794,1893349073,83.1,83.1,82.0,82.0,-0.9,11782
2020-11-25,23351912,1915145608,82.4,82.5,81.5,82.0,0.0,10804
2020-11-26,35654143,2955779864,82.6,83.2,82.5,83.0,1.0,15087
2020-11-27,21516682,1778145042,83.0,83.0,82.5,82.6,-0.4,10239
2020-11-30,66105032,5444498467,82.7,83.0,82.0,82.3,-0.3,11699
2020-12-01,24824339,2050440234,82.5,82.9,82.2,82.9,0.6,9164
2020-12-02,38583640,3190762355,83.0,83.3,82.4,82.7,-0.2,15581
2020-12-03,30688528,2519994773,82.3,82.4,81.9,82.0,-0.7,14542
2020-12-04,48068126,3987392806,83.0,83.4,82.6,82.9,0.9,20329
2020-12-07,163867512,14119652736,83.3,88.1,83.1,87.9,5.0,80798
2020-12-08,118755890,10495182078,88.4,89.7,87.3,87.6,-0.3,56530
2020-12-09,67952932,6033649403,88.5,89.3,88.2,89.0,1.4,31573
2020-12-10,54580931,4795519790,88.4,88.7,87.1,87.7,-1.3,27323
2020-12-11,61349293,5351066332,88.5,88.5,85.8,87.6,-0.1,29628
2020-12-14,47987980,4241965989,88.3,89.0,87.7,87.7,0.1,21135
2020-12-15,38956460,3390831919,88.3,88.3,86.5,87.1,-0.6,18357
2020-12-16,47026342,4130677034,88.0,88.2,87.4,88.2,1.1,21515
2020-12-17,28097957,2470825265,88.3,88.4,87.6,87.8,-0.4,12277
2020-12-18,27787804,2439199919,88.1,88.2,87.5,87.7,-0.1,11920
2020-12-21,28905010,2538797919,88.1,88.5,86.9,88.0,0.3,14714
2020-12-22,94049036,8374170934,88.0,90.5,87.5,87.7,-0.3,44931
2020-12-23,56278242,5000495202,88.5,89.4,88.3,88.8,1.1,25699
2020-12-24,41263965,3691307949,89.5,89.9,89.0,89.6,0.8,18937
2020-12-25,114607503,10497953149,90.9,92.2,90.8,91.8,2.2,61188
2020-12-28,67626965,6240713115,92.4,93.0,91.8,91.8,0.0,34315
2020-12-29,46148101,4192521279,91.8,91.8,90.4,90.4,-1.4,26781
2020-12-30,40526518,3687922978,91.0,91.6,90.1,91.6,1.2,20750
2020-12-31,32420293,2974403637,91.5,92.0,91.1,92.0,0.4,16438
2021-01-04,233726746,22587972258,93.4,100.0,93.3,99.9,7.9,115789
2021-01-05,234178116,24176652664,101.0,105.0,101.0,104.0,4.1,114366
2021-01-06,222119287,23465513766,107.5,109.0,102.0,105.0,1.0,114160
2021-01-07,114653734,12242829524,108.0,108.0,105.5,107.0,2.0,59013
2021-01-08,115547259,12431474200,109.0,109.5,106.0,108.0,1.0,61278
2021-01-11,70525408,7582606654,108.0,109.0,106.5,107.5,-0.5,39544
2021-01-12,106622057,11119079660,106.5,107.0,103.0,104.0,-3.5,56730
2021-01-13,83561136,8856217204,105.0,107.0,105.0,106.5,2.5,40226
2021-01-14,321271715,36391347707,109.0,117.0,108.0,116.0,9.5,141468
2021-01-15,171273151,19817867014,118.0,119.0,113.0,115.5,-0.5,86061
2021-01-18,95824657,10843315189,115.5,116.0,111.0,114.0,-1.5,52153
2021-01-19,95320325,10971429720,115.0,116.5,114.0,115.0,1.0,45246
2021-01-20,133839555,15534875651,116.5,118.5,114.0,114.5,-0.5,62204
2021-01-21,88148629,10260813496,116.5,117.5,115.0,117.0,2.5,41785
2021-01-22,222771956,26779865039,117.5,121.5,117.0,121.5,4.5,108571
2021-01-25,144137047,17407181744,122.0,124.0,117.5,123.0,1.5,70532
2021-01-26,129763217,15878540462,122.5,125.0,120.0,122.0,-1.0,64483
2021-01-27,100937464,12345781130,124.0,124.5,122.5,123.0,1.0,41497
2021-01-28,126109713,15041934387,120.0,121.0,118.0,118.5,-4.5,67691
2021-01-29,182193247,20945648631,119.0,120.0,111.5,111.5,-7.0,94768
2021-02-01,126542433,14005129697,111.0,114.5,108.0,113.0,1.5,57812
2021-02-02,84723356,9830393889,115.0,118.0,114.0,116.5,3.5,41228
2021-02-03,61266257,7139280649,118.0,118.5,115.0,116.5,0.0,26771
2021-02-04,64821924,7403951223,114.5,116.0,113.0,114.0,-2.5,32329
2021-02-05,88545854,10144603345,115.0,116.5,113.0,113.5,-0.5,44497
2021-02-17,91569404,10442945499,115.0,116.0,112.5,114.0,0.5,43802
2021-02-18,47383973,5380177658,113.5,114.5,113.0,113.0,-1.0,24592
2021-02-19,87882501,9701331173,112.0,112.5,109.5,110.0,-3.0,46144
2021-02-22,60772150,6816444876,111.5,114.0,111.0,111.0,1.0,32269
2021-02-23,51483656,5690394165,109.5,112.5,108.5,111.5,0.5,26413
2021-02-24,59398315,6652961790,112.0,114.0,110.5,110.5,-1.0,29603
2021-02-25,113086563,13028463836,115.0,116.5,114.0,116.5,6.0,53677
2021-02-26,122126804,13787932415,114.5,115.0,112.0,112.0,-4.5,55063
2021-03-02,54679187,6208416490,114.5,114.5,112.0,112.0,0.0,24377
2021-03-03,90671041,10385729569,113.0,116.0,112.0,115.5,3.5,36128
2021-03-04,79491784,9055229129,115.5,116.0,112.0,114.5,-1.0,30614
2021-03-05,87263439,10007886347,113.5,116.0,112.5,115.0,0.5,34097
2021-03-08,54725412,6277482760,116.0,116.5,113.0,113.5,-1.5,23284
2021-03-09,44151477,5019110304,113.0,115.0,112.0,115.0,1.5,20125
2021-03-10,49011206,5676662482,116.0,117.0,115.0,115.5,0.5,20545
2021-03-11,76015788,8894298610,116.5,118.0,116.0,117.0,1.5,36312
2021-03-12,97811913,11662163611,117.5,120.0,117.5,120.0,3.0,51423
2021-03-15,70166127,8428413588,120.0,122.0,118.5,121.0,1.0,35682
2021-03-16,93898518,11496180042,121.5,123.5,121.0,123.0,2.0,46078
2021-03-17,145610279,18331370516,123.5,128.0,123.0,126.0,3.0,75496
2021-03-18,139458505,18102452005,128.0,131.5,128.0,129.5,3.5,70643
2021-03-19,168584321,21042857494,127.0,127.0,123.5,123.5,-6.0,88025
2021-03-22,110246598,14033692679,124.0,130.0,124.0,130.0,6.5,58130
2021-03-23,114215010,15097213858,133.0,134.5,130.0,130.5,0.5,60873
2021-03-24,83454915,10735343710,130.0,132.0,126.5,128.0,-2.5,49048
2021-03-25,68884133,8771645445,127.0,129.5,125.5,126.5,-1.5,35440
2021-03-26,53269507,6765454880,127.5,128.0,126.0,126.5,0.0,26855
2021-03-29,41716728,5343103863,128.0,129.0,127.5,128.5,2.0,22188
2021-03-30,47600474,6154998092,129.5,130.0,128.5,129.5,1.0,25886
2021-03-31,132523915,16524687255,125.0,126.5,123.0,124.0,-5.5,80792
2021-04-01,97942681,11979889015,124.5,125.5,120.5,121.5,-2.5,58865
2021-04-06,42038412,5173429747,123.5,124.0,122.0,122.5,1.0,23481
2021-04-07,34046989,4203938017,124.0,124.5,122.5,123.5,1.0,19722
2021-04-08,39136758,4793168068,123.0,123.0,121.5,122.5,-1.0,22754
2021-04-09,81190769,9840669741,123.0,123.0,120.0,120.0,-2.5,48261
2021-04-12,69698881,8412790814,120.0,122.0,119.0,120.5,0.5,34745
2021-04-13,49938841,6104468787,121.5,123.0,121.0,122.5,2.0,27114
2021-04-14,53715724,6503412481,123.0,123.5,119.0,121.5,-1.0,30993
2021-04-15,39721032,4787637644,121.0,121.0,119.5,121.0,-0.5,19434
2021-04-16,53301304,6553729709,122.0,124.0,122.0,123.5,2.5,28744
2021-04-19,32456085,3960275441,123.5,123.5,121.5,121.5,-2.0,20644
2021-04-20,26315401,3200501050,121.5,122.0,121.0,122.0,0.5,16401
2021-04-21,35462621,4268553354,121.0,121.5,120.0,120.0,-2.0,26330
2021-04-22,68387339,8132044568,122.0,122.0,117.5,117.5,-2.5,48086
2021-04-23,39536828,4672962184,117.0,119.0,117.0,119.0,1.5,21716
2021-04-26,41610001,4920766189,119.5,120.0,117.5,117.5,-1.5,27201
2021-04-27,54687858,6524558198,118.5,120.5,118.0,118.5,1.0,27876
2021-04-28,39359343,4616990789,118.0,118.5,117.0,117.0,-1.5,28818
2021-04-29,46015350,5394760734,118.0,118.5,116.0,116.0,-1.0,23471
2021-05-03,72538032,8208678758,115.0,115.0,112.0,112.5,-3.5,41556
2021-05-04,89596108,9800361771,112.0,112.0,107.5,108.5,-4.0,53065
2021-05-05,65838793,7336678783,110.0,113.5,110.0,110.0,1.5,35566
2021-05-06,38108953,4267799288,112.0,113.0,110.5,112.5,2.5,20913
2021-05-07,60794976,7060345979,114.5,117.5,114.0,117.5,5.0,31435
2021-05-10,41895494,4774715374,116.0,116.5,113.0,113.0,-4.5,25092
2021-05-11,81061955,8760238578,109.5,110.0,106.0,107.0,-6.0,52353
2021-05-12,150803046,15233688207,104.0,106.5,96.5,102.0,-5.0,81587
2021-05-13,70831609,7257570159,99.5,105.0,98.2,103.0,1.0,37633
2021-05-14,44125994,4625585079,105.0,106.0,103.5,104.5,1.5,24199
2021-05-17,97655746,9727936586,100.0,102.0,97.1,98.2,-6.3,53058
2021-05-18,81996675,8583172481,101.5,107.5,101.0,107.0,8.8,38862
2021-05-19,47578836,5007165726,106.5,106.5,104.0,105.0,-2.0,22779
2021-05-20,45667137,4830640300,105.0,106.5,104.5,106.0,1.0,17658
2021-05-21,54294943,5915349127,108.0,110.0,108.0,109.5,3.5,24601
2021-05-24,31185744,3397485475,108.5,110.0,108.0,109.5,0.0,15620
2021-05-25,51415212,5763067348,111.0,113.0,110.5,112.0,2.5,24932
2021-05-26,24843379,2770423040,113.5,113.5,110.5,111.5,-0.5,13505
2021-05-27,61345941,6696631324,110.0,110.5,107.5,109.5,-2.0,18480
2021-05-28,26999728,2990527150,110.5,111.5,110.0,111.0,1.5,12829
2021-05-31,34363475,3879023225,112.0,113.5,111.5,113.5,2.5,18834
2021-06-01,22421329,2559926686,114.5,115.0,113.5,114.5,1.0,14042
2021-06-02,33224565,3741059700,115.0,115.5,111.0,112.0,-2.5,21467
2021-06-03,24092372,2687851339,113.0,113.0,110.5,111.0,-1.0,12120
2021-06-04,30062210,3321498146,110.0,112.5,109.0,112.0,1.0,16040
2021-06-07,20456903,2266693907,112.5,112.5,109.0,110.5,-1.5,12472
2021-06-08,18593259,2057056822,111.0,111.5,110.0,110.5,0.0,9979
2021-06-09,23900252,2629388923,110.0,111.0,109.5,109.5,-1.0,12614
2021-06-10,19385582,2147142899,110.0,111.5,109.5,110.5,1.0,8737
2021-06-11,38750164,4379542303,111.5,114.5,111.5,113.5,3.0,19549
2021-06-15,23669454,2669519218,113.5,114.5,112.0,113.0,-0.5,12539
2021-06-16,24015917,2690279796,112.0,113.0,111.5,111.5,-1.5,13461
2021-06-17,18216980,2029826374,110.5,113.0,110.0,113.0,1.5,11268
2021-06-18,30836806,3448966642,112.5,113.0,111.5,111.5,-1.5,12120
2021-06-21,35268628,3851837858,110.5,110.5,108.5,108.5,-3.0,25025
2021-06-22,22187502,2420791691,109.5,110.0,108.5,108.5,0.0,11877
2021-06-23,27861665,3077038861,109.0,112.0,108.5,111.5,3.0,14754
2021-06-24,32245265,3633060884,111.5,114.0,111.0,113.0,1.5,14922
2021-06-25,35822902,4085680684,114.0,115.0,113.0,113.0,0.0,19887
2021-06-28,23851540,2668210950,113.0,113.5,111.0,111.5,-1.5,13223
2021-06-29,17814779,1993813362,112.5,112.5,111.5,111.5,0.0,9753
2021-06-30,31230317,3519673041,112.0,113.5,112.0,112.0,0.5,13468
2021-07-01,16011423,1792574133,112.5,112.5,111.5,112.0,0.0,10028
2021-07-02,16766612,1874444040,112.0,112.5,111.5,111.5,-0.5,10507
2021-07-05,80686116,9296782029,112.5,117.0,112.0,117.0,5.5,40275
2021-07-06,44138854,5138832378,116.5,117.5,115.5,116.5,-0.5,21534
2021-07-07,28054333,3244332101,116.5,117.0,115.0,115.0,-1.5,15291
2021-07-08,23917768,2762238298,115.0,116.5,115.0,115.5,0.5,11013
2021-07-09,28610616,3258117138,114.5,115.0,113.0,114.0,-1.5,15481
2021-07-12,17647120,2030742052,115.5,116.0,114.5,115.0,1.0,9603
2021-07-13,36808740,4286001151,116.0,117.0,115.5,116.5,1.5,17750
2021-07-14,27249198,3182976809,117.5,117.5,116.0,116.0,-0.5,14012
2021-07-15,63085625,7493484174,117.0,120.0,116.5,119.5,3.5,30392
2021-07-16,33812892,4017523761,118.5,119.5,118.0,119.5,0.0,16742
2021-07-19,31942648,3738317961,118.5,119.0,116.0,116.5,-3.0,19463
2021-07-20,26486822,3043884113,115.0,116.0,114.5,114.5,-2.0,17409
2021-07-21,63825965,7250315923,116.0,116.0,112.0,112.5,-2.0,35175
2021-07-22,60124515,6645106382,109.0,112.5,108.5,110.5,0.0,29073
2021-07-23,21722648,2407842839,112.0,112.0,110.0,110.5,0.0,13034
2021-07-26,33652939,3694569273,111.0,111.0,108.5,110.0,-0.5,17549
2021-07-27,28379286,3153607081,111.0,112.0,110.0,111.5,1.5,12947
2021-07-28,32814950,3604648055,110.5,111.0,109.0,110.5,-1.0,16826
2021-07-29,20902566,2315628083,111.0,111.5,110.0,111.0,0.5,10101
2021-07-30,29089453,3206014166,110.0,111.5,109.5,110.0,-1.0,11111
2021-08-02,24500264,2735666103,111.0,113.0,110.0,113.0,3.0,11998
2021-08-03,24697233,2753719080,112.5,113.0,110.5,111.5,-1.5,10293
2021-08-04,21287183,2383267724,112.0,112.5,111.0,112.0,0.5,8393
2021-08-05,20014604,2231990278,111.0,112.0,111.0,112.0,0.0,9708
2021-08-06,41391590,4644148106,111.5,113.0,111.0,112.5,0.5,16500
2021-08-09,23280701,2603188402,112.0,112.5,111.0,112.0,-0.5,8483
2021-08-10,43432544,4759075067,111.5,112.0,108.5,108.5,-3.5,27993
2021-08-11,49868351,5366409027,107.0,109.0,106.0,109.0,0.5,21961
2021-08-12,18592236,2027562903,109.0,109.5,108.0,109.0,0.0,8730
2021-08-13,46681998,5097311545,109.5,110.0,108.0,109.0,0.0,17924
2021-08-16,35027999,3762459490,108.5,109.0,106.5,107.5,-1.5,16454
2021-08-17,26076961,2788145927,107.5,108.0,106.0,106.5,-1.0,12893
2021-08-18,36974897,3912990840,105.5,107.5,104.5,107.0,0.5,16564
2021-08-19,52199317,5427105069,106.0,106.0,102.5,103.0,-4.0,31835
2021-08-20,30552525,3181870656,104.0,106.0,102.0,104.5,1.5,14626
2021-08-23,24065630,2572410231,105.5,108.0,105.5,107.5,3.0,10503
2021-08-24,18000797,1953125584,108.5,109.0,107.5,109.0,1.5,9365
2021-08-25,14477188,1568051183,109.0,109.0,107.5,108.5,-0.5,7852
2021-08-26,13135805,1414850208,108.5,109.0,107.0,107.5,-1.0,7699
2021-08-27,13875837,1495362654,107.5,108.5,106.5,108.0,0.5,6260
2021-08-30,14000606,1515530387,108.5,109.0,107.5,109.0,1.0,7629
2021-08-31,30641222,3368752300,108.5,111.0,108.0,111.0,2.0,10640
2021-09-01,22374844,2481606824,111.0,112.0,110.0,111.0,0.0,11694
2021-09-02,29727679,3315302873,111.0,113.0,110.5,111.5,0.5,14134
2021-09-03,24501274,2747764310,112.0,113.0,111.5,112.5,1.0,12699
2021-09-06,18445528,2059630802,112.5,113.0,110.5,111.0,-1.5,11402
2021-09-07,23359117,2542208391,109.5,110.0,108.0,108.5,-2.5,14579
2021-09-08,28705746,3100212882,108.5,109.5,107.0,107.5,-1.0,15013
2021-09-09,20446876,2187406741,106.5,107.5,106.0,107.0,-0.5,9228
2021-09-10,13324559,1435914081,107.0,108.5,107.0,108.0,1.0,7687
2021-09-13,15455264,1652913445,107.5,108.0,106.5,106.5,-1.5,9602
2021-09-14,19260856,2066358163,107.5,108.0,106.5,107.5,1.0,8249
2021-09-15,64013002,7002242836,108.0,110.5,107.5,108.5,1.0,27970
2021-09-16,23004506,2488329118,108.5,109.5,107.5,107.5,-1.0,11043
2021-09-17,46682899,5061166381,107.5,109.5,107.0,108.5,1.0,10254
2021-09-22,38855713,4142578220,106.5,107.5,106.0,107.0,-1.5,18533
2021-09-23,18991583,2029833013,107.0,108.0,106.0,106.5,-0.5,9716
2021-09-24,15366616,1652429167,107.5,108.0,107.0,107.5,1.0,7419
2021-09-27,13936074,1502118415,107.0,108.5,107.0,107.5,0.0,7375
2021-09-28,22319338,2378000921,107.0,107.5,106.0,106.5,-1.0,11238
2021-09-29,32798414,3441324697,105.0,105.5,104.5,105.0,-1.5,26132
2021-09-30,24317553,2554201387,105.0,106.0,104.0,105.0,0.0,11340
2021-10-01,36074566,3737734962,104.5,105.0,103.0,103.0,-2.0,24649
2021-10-04,25434032,2627827660,104.5,105.0,102.5,103.0,0.0,13424
2021-10-05,43345161,4403998216,102.0,102.5,101.0,101.5,-1.5,24840
2021-10-06,40294629,4180811261,103.5,104.5,103.0,103.0,1.5,17917
2021-10-07,38383881,4075145593,104.5,107.0,104.0,107.0,4.0,18047
2021-10-08,27568061,2961998681,107.5,108.0,106.5,108.0,1.0,12592
2021-10-12,38777410,4082299711,106.5,107.0,104.5,105.0,-3.0,16707
2021-10-13,18802301,1980524377,106.0,106.5,104.5,105.5,0.5,10776
2021-10-14,17764699,1899471130,107.0,107.5,106.5,106.5,1.0,8638
2021-10-15,49336872,5372684627,108.0,110.0,107.5,109.5,3.0,25187
2021-10-18,42330142,4608902380,110.5,111.0,107.0,107.5,-2.0,22880
2021-10-19,26479700,2845164375,108.5,109.0,106.5,107.0,-0.5,17559
2021-10-20,29508905,3171041387,107.5,108.5,106.5,107.5,0.5,16183
2021-10-21,30590262,3302542666,108.0,108.5,107.0,108.0,0.5,8301
2021-10-22,14751899,1590679060,108.0,108.5,107.0,107.5,-0.5,7061
2021-10-25,21266978,2300605515,107.5,109.0,107.0,108.0,0.5,9801
2021-10-26,18109494,1970534065,108.5,109.5,108.0,109.0,1.0,8008
2021-10-27,15933998,1722962751,109.0,109.0,107.5,108.0,-1.0,7865
2021-10-28,14245290,1542758851,108.0,109.0,107.5,108.5,0.5,6112
2021-10-29,20791860,2229495724,108.5,108.5,107.0,107.0,-1.5,10689
2021-11-01,18216191,1951366670,108.0,108.0,106.5,106.5,-0.5,8368
2021-11-02,21351175,2302658025,107.0,108.5,107.0,107.5,1.0,10361
2021-11-03,12336039,1330768535,107.5,108.5,107.5,107.5,0.0,6756
2021-11-04,11377672,1229646696,108.5,108.5,107.5,108.0,0.5,6193
2021-11-05,17741997,1921456453,108.0,109.0,107.5,109.0,1.0,9600
2021-11-08,20910258,2243805853,107.5,108.0,107.0,107.5,-1.5,11664
2021-11-09,23994381,2581028511,107.5,108.0,107.0,108.0,0.5,10776
2021-11-10,22997778,2501611468,108.0,109.5,107.5,109.0,1.0,12303
2021-11-11,18767739,2023469603,108.5,109.0,107.5,107.5,-1.5,9980
2021-11-12,26736055,2906574566,108.5,109.5,108.0,109.0,1.5,10665
2021-11-15,25873466,2817874176,109.0,110.0,108.0,108.0,-1.0,11776
2021-11-16,16174955,1751338074,108.5,109.0,108.0,108.0,0.0,8537
2021-11-17,34385746,3691148900,108.5,108.5,106.5,107.0,-1.0,19788
2021-11-18,30585311,3268987325,107.0,107.5,106.5,107.0,0.0,14109
2021-11-19,20981372,2244077950,107.5,108.0,106.5,106.5,-0.5,13079
2021-11-22,17929580,1914281840,107.0,107.5,106.5,106.5,0.0,8752
2021-11-23,22502493,2389716981,106.5,107.0,106.0,106.0,-0.5,13646
2021-11-24,30255836,3184629206,106.0,106.5,104.5,105.5,-0.5,21337
2021-11-25,17940754,1893470344,106.5,106.5,105.0,105.0,-0.5,10674
2021-11-26,24721253,2569062256,105.0,105.0,103.5,103.5,-1.5,21640
2021-11-29,28063125,2910115330,103.0,105.5,102.5,103.5,0.0,16158
2021-11-30,50063743,5204093799,104.0,105.5,103.0,103.5,0.0,14807
2021-12-01,22533336,2368450389,103.5,106.0,103.5,105.5,2.0,10602
2021-12-02,27492234,2908367984,105.0,107.0,105.0,105.0,-0.5,13471
2021-12-03,18384929,1937921897,105.5,106.0,105.0,105.0,0.0,7487
2021-12-06,22958298,2441979400,105.5,107.0,105.0,106.5,1.5,10190
2021-12-07,25348727,2689552435,106.0,107.5,105.0,106.0,-0.5,14407
2021-12-08,36805823,3895356586,106.5,107.0,105.0,105.0,-1.0,15734
2021-12-09,15133685,1598487037,105.0,106.0,105.0,106.0,1.0,7128
2021-12-10,20489274,2154660136,105.5,106.0,104.5,105.0,-1.0,10060
2021-12-13,17647182,1852509797,105.0,106.0,104.5,104.5,-0.5,9436
2021-12-14,22146940,2316525199,104.5,105.5,104.0,104.5,0.0,10561
2021-12-15,23023808,2406720086,104.0,105.0,103.5,105.0,0.5,9288
2021-12-16,37191946,3873098576,105.5,106.0,103.5,103.5,-1.5,17723
2021-12-17,39330766,4071468879,103.5,104.0,103.0,103.5,0.0,13426
2021-12-20,18272107,1885981860,103.5,104.0,103.0,103.0,-0.5,11526
2021-12-21,13505921,1405710813,103.5,104.5,103.0,104.5,1.5,6955
2021-12-22,11876421,1232165204,104.5,104.5,103.5,103.5,-1.0,7271
2021-12-23,13909972,1445971691,104.0,104.5,103.5,104.0,0.5,6824
2021-12-24,11661892,1217546724,104.5,105.0,104.0,104.0,0.0,7385
2021-12-27,8907924,930190687,104.5,105.0,104.0,104.5,0.5,5644
2021-12-28,15627624,1640980899,104.5,105.5,104.5,105.5,1.0,8247
2021-12-29,13450079,1409325387,105.0,105.5,104.5,105.0,-0.5,7412
2021-12-30,17090958,1782340385,104.5,105.0,104.0,104.0,-1.0,8360
