電視廣告,廣播廣告,社群媒體廣告,網紅廣告,銷售額
93.0,25.64704705,5.12437604,一萬到十萬,334.542585
79.0,28.86285965,1.487848366,小於一萬,283.111546
30.0,4.32853568,0.477257281,一萬到十萬,102.350794
36.0,15.82644174,1.740744439,小於一萬,127.54666
33.0,16.56795456,3.220240342,小於一萬,117.856095
52.0,31.47852666,8.214623871,十萬到百萬,184.032223
34.0,16.00345822,5.979958691,一萬到十萬,117.576792
17.0,1.16154776,0.126207259,小於一萬,60.62367
49.0,10.06762616,1.729667405,大於百萬,169.008113
14.0,0.14867609,2.597693107,一萬到十萬,50.648758
21.0,4.19229888,1.011604124,一萬到十萬,75.34114
95.0,26.52648147,7.958528174,一萬到十萬,336.369157
49.0,18.91431788,0.747304256,大於百萬,172.252876
30.0,21.09502383,7.972159086,十萬到百萬,108.298324
37.0,8.8235251,3.405839489,十萬到百萬,132.549615
51.0,16.74509293,1.373291629,一萬到十萬,184.895009
64.0,12.6264151,1.734419715,一萬到十萬,232.36027
14.0,7.52870708,0.62760563,小於一萬,54.689369
89.0,26.23719393,2.72964696,大於百萬,316.058985
26.0,13.93983343,0.613425435,一萬到十萬,94.675293
38.0,22.37705463,5.517499206,小於一萬,134.188709
87.0,35.10610721,7.594133849,十萬到百萬,312.35126
75.0,21.56510793,6.507939785,一萬到十萬,267.852749
87.0,22.69202611,2.513637746,大於百萬,309.604234
27.0,3.34902288,0.783864614,十萬到百萬,93.195713
84.0,31.26640836,8.080731556,小於一萬,299.099052
31.0,17.93169575,6.166019182,十萬到百萬,109.823207
43.0,23.11923457,2.99421459,十萬到百萬,153.556557
95.0,30.79811267,4.432037098,大於百萬,338.149552
24.0,10.62179399,1.086533803,大於百萬,86.879181
24.0,14.37081327,0.126918813,一萬到十萬,87.319819
85.0,32.27082677,1.256186655,小於一萬,300.048675
40.0,8.58840726,3.068645816,一萬到十萬,140.161547
85.0,31.13707294,7.574485845,小於一萬,304.783007
72.0,19.46438929,1.767531142,小於一萬,258.017837
94.0,16.78014184,2.965429418,小於一萬,334.786714
14.0,11.79752103,0.279324759,大於百萬,52.319748
100.0,31.6462889,6.52108481,一萬到十萬,356.517701
55.0,14.15724514,3.449239584,一萬到十萬,201.996102
52.0,20.71245229,1.629664479,一萬到十萬,183.01641
32.0,14.48736052,0.931805763,大於百萬,111.188122
35.0,6.46455016,1.375936383,十萬到百萬,125.982086
25.0,0.96515998,2.585389556,小於一萬,85.234262
96.0,32.98619486,5.525464692,十萬到百萬,342.039452
25.0,11.50047978,0.639035727,十萬到百萬,95.214099
15.0,0.23343849,0.44392485,一萬到十萬,48.341346
22.0,11.86861071,0.222563672,大於百萬,78.822717
90.0,32.32893729,6.664554157,大於百萬,325.067467
85.0,32.78584244,3.253216367,大於百萬,303.060675
17.0,9.73949146,3.319238042,小於一萬,60.700063
58.0,21.39993028,2.172741919,十萬到百萬,206.413039
61.0,26.01795786,4.539550507,一萬到十萬,216.549926
22.0,4.38910723,0.885959352,一萬到十萬,77.838823
55.0,25.73139014,3.820392929,一萬到十萬,193.000386
40.0,7.64608271,2.037287337,一萬到十萬,141.594063
67.0,28.48182095,1.520803886,十萬到百萬,240.402758
60.0,15.56981304,0.539963086,大於百萬,219.148518
32.0,25.48626583,4.172270036,十萬到百萬,115.339621
74.0,23.42012989,2.281383027,小於一萬,262.598645
16.0,3.81521321,0.3327901,大於百萬,53.21921
92.0,25.64876108,4.156526229,一萬到十萬,328.451946
61.0,21.00894901,5.042353102,小於一萬,220.035902
46.0,8.33711058,0.799469099,十萬到百萬,162.371475
89.0,34.72354863,6.137642552,大於百萬,315.234447
39.0,8.02742416,3.780097613,十萬到百萬,141.087084
89.0,27.81948029,5.228492402,十萬到百萬,318.270848
28.0,13.44187653,5.166034391,小於一萬,101.213187
21.0,11.1103027,1.609824309,小於一萬,84.624063
32.0,0.62761877,2.676075167,一萬到十萬,115.262567
93.0,24.64119515,4.856110743,十萬到百萬,326.035882
88.0,32.8470874,6.447430549,大於百萬,310.743505
60.0,21.84186431,5.092528304,大於百萬,210.680016
60.0,29.73254005,2.01239532,十萬到百萬,212.602055
61.0,27.20162635,6.320749317,小於一萬,216.90792
50.0,29.05558455,6.136696879,大於百萬,177.32389
62.0,24.37251496,4.798782837,小於一萬,223.269712
75.0,28.80884454,6.73194589,十萬到百萬,268.791677
81.0,24.00515281,5.328289074,一萬到十萬,288.923502
61.0,28.38518716,6.157704568,一萬到十萬,222.45076
17.0,14.6946038,0.474445692,十萬到百萬,60.569697
92.0,27.35483097,6.16496891,十萬到百萬,325.138866
53.0,23.58638711,3.258949178,十萬到百萬,186.838588
62.0,11.56312736,1.926692956,十萬到百萬,220.609242
75.0,25.70465202,5.893578362,小於一萬,263.53014
76.0,34.27923262,7.940107984,大於百萬,266.942186
35.0,7.79802384,1.957661502,大於百萬,120.638993
76.0,19.86221522,2.198497564,小於一萬,269.441698
79.0,17.40233918,4.550484424,大於百萬,282.692898
42.0,7.27772863,0.277136782,大於百萬,146.937292
78.0,24.99209995,4.209574548,大於百萬,277.241337
69.0,26.94994463,2.112651668,小於一萬,245.332888
87.0,30.99099652,5.461506605,一萬到十萬,307.344052
47.0,9.96182171,4.068030765,大於百萬,164.214738
30.0,15.5239034,2.819391995,大於百萬,104.039752
94.0,17.17127384,1.021301086,小於一萬,333.83724
16.0,3.30401048,1.434938247,大於百萬,59.223859
35.0,16.74802358,1.727566449,一萬到十萬,130.552388
13.0,2.32013459,0.98234869,一萬到十萬,49.430552
10.0,2.29824811,2.435478085,十萬到百萬,33.591448
15.0,3.6361146,0.732190448,一萬到十萬,51.80371
99.0,33.3817234,8.147554697,一萬到十萬,349.635262
52.0,19.75245225,3.573207176,十萬到百萬,183.067603
31.0,17.07433788,4.8192763,十萬到百萬,109.594302
28.0,3.30678,2.690659024,大於百萬,99.484252
20.0,6.46031584,1.391487958,一萬到十萬,72.997215
54.0,12.98134935,2.751051575,大於百萬,194.095502
47.0,18.22307143,1.474865689,大於百萬,169.762246
16.0,2.73378721,0.051444257,大於百萬,56.5927
10.0,7.08562809,0.620930871,小於一萬,36.56273
64.0,22.69323068,0.34962043,一萬到十萬,226.017906
42.0,9.35296372,0.606126647,十萬到百萬,146.357785
69.0,12.36276951,1.544761417,一萬到十萬,245.51018
22.0,14.04193665,4.643545687,大於百萬,76.215341
53.0,19.3744916,0.211224076,大於百萬,191.864132
16.0,2.45253709,0.865971168,大於百萬,61.060918
61.0,22.23934576,8.19479117,大於百萬,214.396443
39.0,14.01695152,3.105424638,小於一萬,142.345384
78.0,22.76786206,1.967175424,大於百萬,274.901802
47.0,17.60586851,2.785139037,大於百萬,163.35267
89.0,31.10587709,4.739285667,大於百萬,314.651634
35.0,19.15649829,3.724764606,大於百萬,130.47875
64.0,20.9722448,2.587763209,大於百萬,230.661699
63.0,15.03362328,1.154492729,小於一萬,220.764973
41.0,14.81924744,6.158927918,小於一萬,145.231725
25.0,5.06301762,4.328050272,大於百萬,85.904346
45.0,18.63377368,1.63969465,小於一萬,168.675296
90.0,30.45575787,4.061587268,大於百萬,319.146252
87.0,36.78144812,5.944544971,一萬到十萬,310.006466
18.0,8.80870277,2.414186295,小於一萬,59.289316
11.0,7.68827301,3.023129063,小於一萬,33.692688
96.0,25.18516071,5.737247752,一萬到十萬,344.544224
58.0,27.23205765,4.969437558,一萬到十萬,211.728382
33.0,7.8417991,2.114598916,小於一萬,113.396524
69.0,16.14051524,3.698544745,一萬到十萬,246.4092
77.0,28.06805667,4.932782548,一萬到十萬,274.119989
45.0,10.84335506,1.303214039,一萬到十萬,156.867957
72.0,14.31731074,1.755859447,十萬到百萬,256.170561
59.0,25.75238399,3.388303521,十萬到百萬,209.804479
54.0,14.05805349,1.497131726,大於百萬,195.76942
75.0,30.8609378,5.033560605,一萬到十萬,261.014895
90.0,29.94190176,8.348998109,十萬到百萬,320.715344
69.0,19.03006896,2.701390218,一萬到十萬,246.240306
30.0,17.46901907,4.337634178,小於一萬,105.185312
65.0,26.21705634,5.481302028,大於百萬,228.018145
85.0,17.92814765,2.125619697,十萬到百萬,305.383281
40.0,11.38543827,0.766831031,十萬到百萬,140.441629
64.0,20.50457042,4.530971142,一萬到十萬,233.630379
36.0,8.11996156,1.225191317,大於百萬,130.989346
40.0,13.84088825,4.726136465,小於一萬,141.667701
89.0,13.60007097,0.016116571,小於一萬,321.07868
49.0,13.76198317,2.502653025,小於一萬,173.155091
59.0,19.83461673,7.641127922,小於一萬,210.230046
96.0,33.73717368,8.701501372,一萬到十萬,343.046048
12.0,14.72147021,0.316274429,大於百萬,47.477934
69.0,25.03470033,9.204856494,大於百萬,239.568087
83.0,27.98792232,6.066843266,大於百萬,292.563169
99.0,32.49040456,8.220533067,一萬到十萬,347.693601
33.0,14.23628106,1.756967978,大於百萬,118.742719
65.0,22.01819072,3.352790007,一萬到十萬,233.525004
52.0,13.43002119,2.656327532,小於一萬,184.464794
57.0,24.07376287,3.314484216,十萬到百萬,208.183393
13.0,4.45093744,3.332875723,大於百萬,46.048619
97.0,32.49473058,6.186571761,大於百萬,347.877616
47.0,11.6137875,1.815052726,小於一萬,164.680304
39.0,21.75233897,6.362993293,小於一萬,139.528946
13.0,6.23781242,0.777461147,小於一萬,44.497936
86.0,27.14817277,4.409399375,小於一萬,308.393049
80.0,26.98790612,3.081278114,大於百萬,284.726278
32.0,13.45746031,0.91765612,十萬到百萬,116.783844
95.0,38.41522497,7.673636553,一萬到十萬,336.760633
24.0,11.88643795,1.558209074,一萬到十萬,82.549072
21.0,9.28268517,3.055758381,十萬到百萬,76.992928
60.0,19.62187156,2.391937312,小於一萬,213.59437
52.0,24.21323418,3.817027564,十萬到百萬,184.096189
73.0,30.6636907,4.071548218,小於一萬,261.954547
63.0,24.33760554,3.647264547,十萬到百萬,223.23739
54.0,14.3343517,4.555541139,十萬到百萬,190.83278
66.0,17.00947877,6.048201516,大於百萬,240.4989
88.0,35.50607789,5.870154103,大於百萬,311.511449
76.0,27.59610149,3.303434183,一萬到十萬,275.427755
88.0,25.02655962,4.133996812,小於一萬,314.945473
80.0,18.78109394,4.054434455,一萬到十萬,283.539928
28.0,14.07938991,5.9702183,小於一萬,97.319934
20.0,8.99511512,0.684036129,大於百萬,65.540223
88.0,34.17538554,6.988181689,大於百萬,317.82702
92.0,29.33152301,8.145979085,小於一萬,330.155212
48.0,16.11600234,1.698185318,十萬到百萬,168.005035
46.0,17.92129715,2.374454098,小於一萬,167.475666
92.0,33.39604904,4.480487867,小於一萬,321.750467
58.0,14.69851591,1.463555453,一萬到十萬,202.886882
18.0,10.86748903,0.690997745,大於百萬,67.395988
40.0,18.378401,1.320080106,十萬到百萬,141.380124
73.0,38.76584877,3.606399358,十萬到百萬,258.913709
33.0,7.04783245,1.939791634,大於百萬,114.677453
12.0,6.23307359,3.695362555,大於百萬,45.074834
45.0,6.9515266,1.566329051,大於百萬,160.547111
15.0,3.57843562,0.504868131,十萬到百萬,54.323015
84.0,27.29955891,5.084324988,一萬到十萬,305.181971
68.0,19.77617983,3.217632434,一萬到十萬,240.803009
51.0,17.87552981,5.311291172,十萬到百萬,181.15904
31.0,6.3048453,0.802279711,一萬到十萬,110.439374
34.0,19.68456771,5.02955855,大於百萬,118.885553
45.0,25.54478363,4.020040406,十萬到百萬,153.947327
31.0,10.82249016,0.857715137,大於百萬,107.316516
24.0,6.81699289,3.927796211,大於百萬,90.57297
99.0,30.14056912,6.546158024,十萬到百萬,351.35989
67.0,22.92648803,5.522947611,小於一萬,237.989086
72.0,22.29004916,2.95721943,大於百萬,254.380687
97.0,22.64746328,3.287167403,大於百萬,345.847002
74.0,21.99112418,0.877580707,一萬到十萬,265.838648
31.0,9.92630936,2.270709178,大於百萬,112.493113
88.0,20.3636207,5.245145153,大於百萬,313.598014
42.0,22.00041826,2.830148305,一萬到十萬,149.191696
47.0,22.14974584,5.275784898,一萬到十萬,169.598017
44.0,16.25344066,2.968598136,十萬到百萬,153.872597
75.0,24.56962198,3.306948842,一萬到十萬,261.289447
35.0,9.41334921,0.104001063,大於百萬,123.275826
49.0,15.61022141,3.431273747,十萬到百萬,175.962855
48.0,13.68967669,3.947498786,十萬到百萬,173.098438
35.0,7.8684798,0.06731754,十萬到百萬,121.813867
31.0,9.95756198,0.387034004,一萬到十萬,116.354995
93.0,31.27186809,8.352357783,一萬到十萬,327.379636
47.0,15.72822743,2.771904176,大於百萬,166.972025
99.0,35.34863664,3.077833251,一萬到十萬,350.327481
84.0,25.04782863,3.111012701,一萬到十萬,295.496377
27.0,14.12523976,0.417048422,十萬到百萬,95.880472
80.0,33.19290751,6.567471154,一萬到十萬,287.314256
28.0,9.96976974,5.801150248,大於百萬,101.386122
33.0,22.70338207,2.302985634,十萬到百萬,118.874049
78.0,30.11726533,3.357794085,大於百萬,278.955153
94.0,34.4405617,5.361413902,一萬到十萬,329.014929
72.0,11.26204128,5.915241648,十萬到百萬,253.574793
63.0,20.91947204,0.450401007,十萬到百萬,219.601735
10.0,7.95131309,5.221649163,十萬到百萬,39.159975
13.0,1.82546886,1.445952711,大於百萬,49.090886
27.0,12.24599734,2.026165043,十萬到百萬,99.963027
87.0,28.65521764,4.32703635,十萬到百萬,306.949979
29.0,12.99586641,0.270843681,小於一萬,107.454573
45.0,11.86478335,1.576683416,小於一萬,159.509534
99.0,31.39714703,4.282725886,大於百萬,357.111472
88.0,27.46149343,1.524062069,大於百萬,312.142963
23.0,3.42442195,1.254887329,小於一萬,82.711025
83.0,37.71626504,4.007700088,大於百萬,293.838168
49.0,10.23560703,2.507190611,小於一萬,171.417616
27.0,13.2703404,0.858878019,一萬到十萬,92.400454
17.0,5.91558955,3.679589765,小於一萬,57.354292
12.0,1.57891663,4.637683176,小於一萬,41.700682
56.0,16.13587655,6.5492771,小於一萬,204.224967
38.0,2.58929848,4.232246203,大於百萬,138.102768
53.0,15.78634705,1.018862371,大於百萬,193.023921
13.0,4.07467167,2.969846102,小於一萬,48.539122
77.0,17.33138261,0.414472802,一萬到十萬,272.781222
14.0,5.59958238,2.536887018,大於百萬,45.556908
42.0,14.75288398,5.193192475,十萬到百萬,153.402271
60.0,24.1929876,8.82769045,一萬到十萬,209.902837
39.0,8.19223305,1.786003784,小於一萬,139.776167
11.0,0.46092439,0.258229475,一萬到十萬,38.216402
50.0,18.73230444,2.183080952,十萬到百萬,178.635558
65.0,16.00937858,1.309538333,一萬到十萬,226.145126
86.0,32.60830419,4.793069167,十萬到百萬,306.082844
41.0,12.50160407,1.247269966,大於百萬,148.491792
72.0,24.97171642,3.384708684,十萬到百萬,260.295849
50.0,16.07391542,2.133291153,一萬到十萬,176.445489
71.0,14.15400564,2.185417096,一萬到十萬,248.914146
85.0,36.24543619,8.863215031,大於百萬,305.739472
87.0,21.65560783,4.342996442,大於百萬,306.901094
80.0,26.81982599,0.700882001,十萬到百萬,284.230809
23.0,12.66874316,2.059276863,大於百萬,82.446436
99.0,27.32209399,2.769970013,大於百萬,351.38966
62.0,29.01072891,3.913406431,大於百萬,219.235241
18.0,4.85554949,2.078003457,十萬到百萬,64.193378
55.0,15.24125873,3.849375364,十萬到百萬,193.101443
48.0,7.39537941,2.925949505,小於一萬,172.524878
95.0,30.06499774,4.96087232,十萬到百萬,341.437639
98.0,25.80264351,4.420553579,大於百萬,350.201985
52.0,21.00550622,2.405095013,一萬到十萬,184.091596
10.0,1.29419392,0.12850286,大於百萬,41.210016
37.0,7.75385324,0.646902083,小於一萬,128.57754
91.0,31.17432973,5.100238465,一萬到十萬,326.074472
16.0,17.75660719,4.547851426,一萬到十萬,55.403693
82.0,26.01084466,4.803605016,一萬到十萬,290.458708
19.0,2.47759076,5.557077517,小於一萬,68.631762
18.0,8.76927198,4.472197966,十萬到百萬,63.571696
70.0,22.85824494,6.146319119,大於百萬,248.050624
20.0,1.31980918,0.644217455,小於一萬,72.615508
14.0,9.10213397,0.114328704,一萬到十萬,50.324661
90.0,27.8735925,5.378532398,一萬到十萬,317.446624
33.0,10.15050712,2.311200267,小於一萬,118.226788
44.0,22.68889721,1.209024214,十萬到百萬,161.106972
36.0,11.66355563,0.421868807,一萬到十萬,130.161047
59.0,28.35102374,6.541167803,大於百萬,210.399871
38.0,6.11076956,1.937174888,大於百萬,133.476012
13.0,1.47031152,1.231379728,一萬到十萬,49.285033
29.0,5.14726956,0.515674511,大於百萬,106.949939
61.0,16.13495534,3.038417797,大於百萬,216.015762
45.0,17.48619727,2.355668427,一萬到十萬,160.085902
71.0,19.97976845,6.960355849,十萬到百萬,252.076426
25.0,7.10009153,1.5936932,大於百萬,89.810156
70.0,19.74894387,5.599312885,小於一萬,247.890795
42.0,3.5548302,0.175409196,小於一萬,147.774827
67.0,33.62209115,6.804494005,十萬到百萬,240.351847
68.0,13.86615704,0.040676461,一萬到十萬,239.762729
45.0,12.98767686,2.977329727,十萬到百萬,158.53877
74.0,21.97087596,8.203744409,大於百萬,263.429932
28.0,4.27751947,0.617684626,小於一萬,99.014871
70.0,25.91833389,4.768469714,小於一萬,252.106758
40.0,17.42884965,3.306706147,大於百萬,143.835915
79.0,19.57607017,4.32634078,大於百萬,279.414441
65.0,24.95557114,3.886572721,一萬到十萬,231.365846
57.0,20.46156446,5.264913626,一萬到十萬,197.185839
32.0,12.97443837,5.112082652,小於一萬,117.097778
90.0,40.24815246,2.29177786,大於百萬,322.567332
25.0,8.46651868,0.64854834,十萬到百萬,89.250599
20.0,8.72293194,3.337461521,小於一萬,68.810723
91.0,28.6116327,5.507701839,大於百萬,319.37901
98.0,32.98528869,3.891731352,一萬到十萬,351.053577
43.0,17.66419141,2.728568336,一萬到十萬,158.00875
86.0,18.58905369,2.780680191,一萬到十萬,304.951113
40.0,13.81986703,1.308923021,十萬到百萬,142.174681
16.0,5.33194285,0.326301556,大於百萬,59.785065
31.0,9.2469815,2.709764692,十萬到百萬,109.074998
77.0,30.77545019,3.668133786,一萬到十萬,273.41608
60.0,22.4028944,5.276295758,小於一萬,212.498583
29.0,13.61181888,2.670106133,一萬到十萬,104.820065
50.0,21.86344116,5.987261805,小於一萬,176.923372
74.0,17.41828715,0.483527663,一萬到十萬,263.548753
38.0,2.09205468,0.06584059,小於一萬,136.953911
16.0,0.3644531,0.471870511,一萬到十萬,56.768942
36.0,10.56614422,2.638889554,十萬到百萬,128.416594
40.0,18.81042973,0.847597289,大於百萬,139.870744
94.0,27.08974013,1.867946948,小於一萬,336.647627
34.0,12.36083061,5.470915563,十萬到百萬,121.709956
78.0,34.09508164,6.181578337,一萬到十萬,274.550418
28.0,12.99050602,3.381622724,一萬到十萬,98.903525
66.0,23.16259764,2.051333546,十萬到百萬,238.371438
50.0,15.52955419,0.660165772,小於一萬,179.140772
36.0,10.60419906,3.560618087,一萬到十萬,135.356346
93.0,32.49798817,8.698498353,大於百萬,331.541506
23.0,4.52387946,3.658953779,小於一萬,83.35222
59.0,13.99472911,5.248399204,一萬到十萬,212.348924
24.0,5.36913339,0.821603124,大於百萬,89.406028
51.0,16.1902616,7.97216452,十萬到百萬,177.93347
96.0,25.73667837,4.179366017,小於一萬,346.940012
82.0,17.35969287,4.361815987,小於一萬,295.518075
78.0,22.76810931,2.964101681,一萬到十萬,277.399331
43.0,11.1208882,0.769497292,十萬到百萬,152.437165
37.0,5.26462334,2.531732224,小於一萬,130.959159
43.0,17.26923733,2.668721882,一萬到十萬,156.493122
70.0,21.5538865,2.029129901,一萬到十萬,247.150991
59.0,13.85180397,2.552071784,一萬到十萬,210.586524
17.0,11.16675392,2.370877592,大於百萬,63.487941
64.0,17.95098004,0.156159603,一萬到十萬,231.278801
50.0,17.68275393,1.605194317,小於一萬,175.499497
88.0,35.4551909,4.091396616,大於百萬,312.31077
16.0,8.51122114,2.605974425,十萬到百萬,56.433142
13.0,1.23759853,2.447639874,一萬到十萬,46.57402
83.0,28.11017133,7.3581693,十萬到百萬,297.626731
33.0,12.12654395,0.210453262,大於百萬,117.452732
58.0,14.39177935,1.226266329,一萬到十萬,207.695566
76.0,25.09598285,3.588906021,十萬到百萬,272.421335
70.0,15.29255881,2.437563019,一萬到十萬,251.757993
26.0,12.27610125,0.022498266,十萬到百萬,90.012277
96.0,30.07537117,6.063871145,大於百萬,339.213532
23.0,2.11980184,0.893297038,一萬到十萬,80.701335
86.0,30.95791818,4.851285555,大於百萬,309.744953
19.0,6.00525065,2.38362943,大於百萬,66.38182
52.0,14.79010177,3.012857573,大於百萬,179.152859
19.0,10.62585401,1.036051829,大於百萬,64.676006
52.0,15.21955294,0.74054497,小於一萬,190.805897
87.0,26.99627762,1.866030869,一萬到十萬,312.148699
77.0,31.6532001,7.776978403,小於一萬,273.960377
31.0,9.28869952,4.01258944,小於一萬,112.345307
82.0,23.43478708,5.914866129,一萬到十萬,288.020745
49.0,15.96031563,5.254906229,一萬到十萬,174.179095
15.0,4.85219035,5.603537932,大於百萬,52.007972
13.0,13.86154644,1.778025776,十萬到百萬,45.80863
10.0,3.79538686,0.08705152,十萬到百萬,33.775792
12.0,1.98806673,2.637867593,十萬到百萬,43.699488
18.0,8.99121241,0.950586255,一萬到十萬,62.6357
44.0,14.69294557,3.043872289,大於百萬,156.526099
53.0,12.02782682,0.297664101,大於百萬,184.10059
56.0,25.10714076,7.154155755,十萬到百萬,201.363858
92.0,31.4612923,1.744870623,一萬到十萬,330.01476
85.0,19.84397609,1.989410201,小於一萬,302.865074
48.0,17.88145952,0.076059762,大於百萬,169.227803
23.0,15.98558312,6.713201271,大於百萬,82.14574
35.0,15.07233814,0.928096772,大於百萬,123.565291
25.0,9.90584265,1.853224897,一萬到十萬,89.819923
22.0,6.04172579,2.136632357,十萬到百萬,77.417318
70.0,17.06761498,3.299867282,大於百萬,248.668284
28.0,18.92451704,1.884703111,十萬到百萬,103.62063
66.0,18.14144822,6.39581212,大於百萬,240.291404
83.0,27.92371868,8.566793342,大於百萬,295.50555
81.0,28.10521,5.05968854,一萬到十萬,282.769281
81.0,29.25634134,6.17428655,十萬到百萬,290.4389
45.0,22.81931349,4.037226529,一萬到十萬,159.373737
100.0,34.4882046,9.18719983,十萬到百萬,360.400053
58.0,21.36662978,4.869841897,大於百萬,209.91607
14.0,5.19785619,0.413965989,十萬到百萬,50.988482
25.0,15.02863648,1.608618992,小於一萬,88.14693
19.0,4.89441073,0.147196027,大於百萬,69.990707
34.0,8.10035297,4.642785095,小於一萬,122.283885
15.0,7.53123847,2.180049883,小於一萬,52.683097
57.0,18.0141482,1.533416779,小於一萬,202.387061
73.0,15.9583118,3.916944379,小於一萬,259.254776
43.0,19.40467358,1.227667435,小於一萬,148.178557
30.0,5.92710903,3.881455379,十萬到百萬,104.583277
63.0,18.66286971,2.145018859,小於一萬,225.850897
66.0,16.3660306,1.939179561,大於百萬,235.066985
53.0,17.04016276,3.156623295,大於百萬,190.459604
10.0,8.83007773,4.003304387,一萬到十萬,36.807308
42.0,15.83243453,2.941996909,小於一萬,147.475216
23.0,2.20175245,0.376547887,小於一萬,80.454435
52.0,13.71733271,1.558106711,小於一萬,186.068115
79.0,26.65916629,5.058853639,十萬到百萬,286.074521
15.0,11.65346233,0.4192589,小於一萬,57.627218
18.0,24.48425958,5.258960389,大於百萬,64.917134
14.0,0.93634906,0.389304514,十萬到百萬,47.042183
68.0,21.63920124,3.223647705,一萬到十萬,242.824881
21.0,5.93555733,0.186156177,大於百萬,70.996406
93.0,24.93237267,1.253028505,大於百萬,329.147808
96.0,36.97046742,7.525472375,大於百萬,345.115298
14.0,2.35935409,1.141379612,一萬到十萬,50.497897
39.0,16.97491196,5.187082923,一萬到十萬,144.82298
81.0,22.06361159,2.2942489,一萬到十萬,290.407403
34.0,5.78191127,2.625228759,十萬到百萬,123.685491
84.0,22.32668218,0.165284697,一萬到十萬,297.071066
76.0,30.7022579,6.693904146,一萬到十萬,267.52199
10.0,0.57324404,1.072542455,一萬到十萬,33.719607
34.0,11.56340328,1.727947024,小於一萬,121.94957
27.0,14.94411052,1.452690809,小於一萬,98.652622
28.0,7.19105373,0.032587652,小於一萬,98.73333
64.0,22.85140519,0.667171404,一萬到十萬,221.544489
23.0,4.0379142,2.876505548,一萬到十萬,78.651462
25.0,3.89442161,1.756190542,一萬到十萬,87.352486
11.0,2.61110051,0.010188713,一萬到十萬,37.722684
25.0,6.28960484,1.761397829,小於一萬,89.58971
51.0,19.80563998,1.57626412,大於百萬,179.236414
44.0,15.72633981,5.470316628,十萬到百萬,159.630944
27.0,5.4412243,1.129230695,一萬到十萬,98.454409
57.0,17.89151781,4.776428455,一萬到十萬,203.573233
50.0,19.57574792,0.47773224,一萬到十萬,176.890959
15.0,3.36764677,0.817346265,一萬到十萬,52.829001
60.0,22.04149759,4.153907425,小於一萬,213.851917
34.0,9.9976534,3.082762553,一萬到十萬,119.127031
75.0,22.71907633,3.566563314,一萬到十萬,265.79489
84.0,27.81758246,6.171058415,一萬到十萬,298.322477
62.0,24.34518879,5.151483172,小於一萬,224.961019
66.0,24.83128365,7.701144623,十萬到百萬,237.953122
90.0,25.32989622,4.301506554,小於一萬,318.959233
59.0,24.11862064,4.750725408,一萬到十萬,213.912535
79.0,31.42973368,3.255131985,十萬到百萬,280.610466
40.0,19.53033704,2.761218278,一萬到十萬,140.732772
62.0,26.56556136,2.245302708,十萬到百萬,216.251881
87.0,26.92871169,0.550205659,大於百萬,306.988465
18.0,0.54477476,0.584802079,一萬到十萬,61.928422
29.0,14.64521424,3.724788505,大於百萬,101.120901
23.0,17.77730935,3.588287267,小於一萬,79.418895
100.0,34.77145023,6.553819539,一萬到十萬,356.533252
10.0,3.49364546,0.455395626,小於一萬,32.825508
30.0,9.25370054,1.377505526,一萬到十萬,106.92085
99.0,37.95497728,3.772530977,小於一萬,348.641708
59.0,8.85613509,3.232468215,小於一萬,214.291665
16.0,8.80161885,1.652085483,十萬到百萬,58.159061
100.0,43.76069372,6.420970623,小於一萬,350.087078
97.0,27.51449463,5.63036929,十萬到百萬,347.76602
33.0,10.39803735,1.31512554,大於百萬,117.751643
75.0,27.69457686,6.330322063,十萬到百萬,264.950387
86.0,22.55656827,3.67613635,十萬到百萬,303.716643
59.0,13.95053433,0.174759871,一萬到十萬,212.344981
12.0,2.84644682,2.467488906,一萬到十萬,42.436219
90.0,32.32648182,5.609706527,十萬到百萬,322.000238
41.0,8.71524832,0.181466489,小於一萬,144.592087
24.0,2.35388752,1.093828271,小於一萬,81.699578
96.0,36.13679466,8.724352447,小於一萬,340.797982
78.0,30.78263387,4.327262063,小於一萬,273.611312
80.0,29.34018613,7.067678233,小於一萬,284.26035
48.0,6.59121321,0.763794602,大於百萬,168.075051
83.0,33.05370376,9.502273995,大於百萬,291.881619
70.0,24.90507404,2.458070702,一萬到十萬,249.410697
69.0,19.9094031,0.248115763,一萬到十萬,242.253505
16.0,12.25135762,1.463118167,十萬到百萬,56.815337
30.0,10.55302912,0.818136405,大於百萬,105.299269
16.0,8.30340947,2.058523812,一萬到十萬,52.878848
84.0,27.30421498,6.617741832,大於百萬,298.991079
54.0,10.86707292,2.932960829,小於一萬,198.52141
70.0,24.30970927,2.404004508,十萬到百萬,249.196759
22.0,6.38704715,1.980000334,十萬到百萬,81.221018
99.0,30.02345521,4.263135192,小於一萬,352.445035
45.0,17.94359103,0.169790571,大於百萬,158.764739
77.0,29.79930364,4.062496317,十萬到百萬,273.202171
63.0,21.40157977,2.332838624,小於一萬,221.285
94.0,28.42763576,4.239315357,一萬到十萬,326.269413
71.0,20.84941338,2.469887527,十萬到百萬,253.462259
23.0,13.31099098,0.731708591,小於一萬,76.321364
52.0,19.76318411,1.198692648,一萬到十萬,187.866618
66.0,24.52006676,7.789470963,大於百萬,235.622502
26.0,15.39340935,2.025059397,小於一萬,91.256926
86.0,31.52189727,6.398283645,十萬到百萬,304.743775
37.0,18.11528843,3.862596413,小於一萬,129.220703
45.0,12.22739961,1.306053839,小於一萬,162.303906
32.0,0.75806666,2.359200238,十萬到百萬,112.269694
79.0,31.05740864,3.806952761,一萬到十萬,286.677508
30.0,4.56131216,1.652759623,十萬到百萬,104.150356
38.0,6.23873794,2.254929515,小於一萬,133.54165
50.0,13.41767007,5.549605841,大於百萬,180.810721
38.0,9.47972984,0.386659582,十萬到百萬,131.036563
59.0,20.68293062,1.912705682,小於一萬,209.284803
72.0,8.62378638,2.562239937,一萬到十萬,256.173987
85.0,24.36995576,3.57934547,十萬到百萬,305.181351
67.0,15.84088866,5.144712635,大於百萬,238.845911
25.0,7.34089728,3.250947615,一萬到十萬,87.338874
54.0,13.68614516,0.864997463,小於一萬,199.033584
26.0,8.87176217,1.900113447,小於一萬,91.710447
52.0,9.83759249,2.080182174,大於百萬,183.711874
86.0,24.31804069,4.732207886,十萬到百萬,301.588153
53.0,15.31054288,2.280185979,大於百萬,191.483208
70.0,23.17539059,4.579829006,大於百萬,245.514182
39.0,11.37745937,1.56084676,一萬到十萬,143.599759
52.0,18.25418226,2.745603394,小於一萬,182.777553
29.0,10.37725789,0.061983883,十萬到百萬,102.77479
58.0,20.92488055,6.059807429,一萬到十萬,207.310641
42.0,6.69975335,2.161864768,十萬到百萬,147.922853
13.0,4.44168588,0.043926315,小於一萬,49.905141
84.0,22.23462227,4.066662577,十萬到百萬,300.545021
26.0,17.17752921,2.97097749,小於一萬,94.504041
96.0,22.75135338,8.688003416,小於一萬,345.893896
89.0,29.19640099,5.766582735,十萬到百萬,314.874178
85.0,27.90078747,2.420804146,大於百萬,306.380005
82.0,23.14053461,2.043226707,大於百萬,288.661324
27.0,17.84797223,3.732882382,十萬到百萬,95.684594
37.0,13.37330873,0.38920132,小於一萬,131.494762
29.0,22.05660505,4.372790192,小於一萬,102.160097
50.0,21.17480421,4.486404533,大於百萬,180.319536
92.0,30.42745318,7.71672421,小於一萬,330.643714
50.0,15.08427868,0.47441555,大於百萬,181.054336
49.0,12.9152275,4.690735711,大於百萬,178.145155
79.0,24.33346963,4.355745346,十萬到百萬,283.125209
72.0,23.92269582,3.373809656,十萬到百萬,255.155165
21.0,2.12663257,1.771582974,一萬到十萬,73.675732
20.0,11.84257032,3.544378981,小於一萬,69.635772
96.0,31.12311841,2.603734722,大於百萬,341.767002
95.0,30.46523325,8.791080421,十萬到百萬,339.376065
35.0,10.35124977,0.936024016,小於一萬,125.276101
12.0,2.29061413,0.323279826,十萬到百萬,36.83151
65.0,18.74248941,2.46078708,一萬到十萬,231.280973
37.0,8.1105122,3.565895209,大於百萬,128.373973
47.0,15.89286029,2.001411881,十萬到百萬,167.724668
44.0,19.01537456,6.543306951,十萬到百萬,153.582226
13.0,1.78575388,1.150818911,大於百萬,44.242119
59.0,15.41542077,1.707459574,十萬到百萬,211.176946
89.0,26.70268754,3.575561714,一萬到十萬,315.900321
34.0,13.97282035,1.019281898,十萬到百萬,122.689542
46.0,14.19276133,5.080543358,一萬到十萬,166.853201
44.0,11.07570616,3.220120781,十萬到百萬,150.190121
80.0,21.65921915,0.185140718,一萬到十萬,283.853903
88.0,25.78893457,5.871907356,十萬到百萬,315.093183
35.0,1.5308484,1.171052492,十萬到百萬,129.596955
29.0,11.21368878,0.55883658,大於百萬,98.999638
46.0,18.99508544,0.962846607,大於百萬,164.332045
69.0,20.65784983,3.72670806,大於百萬,245.803735
86.0,30.40958262,6.126358542,十萬到百萬,306.770731
99.0,40.28751595,3.937106656,小於一萬,354.292515
48.0,13.25588319,0.879221889,十萬到百萬,174.433528
51.0,27.45609511,1.952142405,一萬到十萬,181.341893
60.0,14.31611675,3.134427989,大於百萬,215.455775
21.0,17.19214314,1.894452133,一萬到十萬,77.195925
86.0,22.51839983,0.449688118,大於百萬,308.930773
11.0,3.78525465,1.569644569,一萬到十萬,45.552511
24.0,12.87917212,0.569848093,小於一萬,84.355619
44.0,16.91203429,4.034660177,大於百萬,154.206556
31.0,20.5097048,1.575745303,大於百萬,110.64229
33.0,13.36586735,0.012138363,大於百萬,116.237497
17.0,6.83729484,2.314950178,大於百萬,61.653625
15.0,1.72448826,2.238012224,一萬到十萬,52.142999
87.0,31.85172567,6.521062849,小於一萬,309.536745
56.0,20.7459852,4.241658945,大於百萬,202.986193
36.0,6.74395711,1.708179361,一萬到十萬,129.015024
39.0,13.60979845,4.812459429,十萬到百萬,141.914078
26.0,4.54511087,2.852404636,大於百萬,93.015388
15.0,5.55932755,1.207829519,十萬到百萬,48.276545
67.0,18.14052759,1.952495587,十萬到百萬,239.170888
81.0,32.48179976,5.065837233,大於百萬,287.915422
55.0,13.23675142,0.603918273,十萬到百萬,199.131696
23.0,4.37579288,3.299249022,小於一萬,81.432659
84.0,26.01281569,3.027266611,大於百萬,303.196425
30.0,19.17715593,3.393101262,小於一萬,110.23966
21.0,9.16982352,0.067278862,小於一萬,73.888838
60.0,18.70522915,2.412966303,大於百萬,219.705303
90.0,14.39599154,0.895646184,小於一萬,323.13474
80.0,27.70590537,7.419605849,小於一萬,286.532869
97.0,35.73461699,6.814448789,一萬到十萬,347.678481
78.0,20.72400777,5.503499783,大於百萬,274.793308
93.0,32.53845535,5.331902545,大於百萬,333.932421
48.0,21.10276132,1.895651693,十萬到百萬,166.631361
54.0,13.81708859,2.491412135,十萬到百萬,193.090122
64.0,25.28047404,1.795472681,大於百萬,223.861887
42.0,19.99560462,4.136097691,大於百萬,145.734699
78.0,23.32245121,3.866739527,十萬到百萬,280.831624
73.0,28.96041023,2.673042346,小於一萬,261.361127
84.0,26.42486812,1.19268299,一萬到十萬,301.035322
54.0,12.49816459,1.463925159,一萬到十萬,192.410428
16.0,0.4512444,3.53978674,十萬到百萬,56.016896
56.0,16.82069081,2.86187438,一萬到十萬,201.581683
17.0,4.49060211,0.947531027,十萬到百萬,55.792759
88.0,35.39746031,4.222176063,十萬到百萬,312.233638
18.0,5.44633726,3.734724378,大於百萬,62.79673
75.0,20.29945501,8.637936045,小於一萬,268.565732
16.0,16.92417111,6.447476349,小於一萬,54.654665
33.0,20.90396594,5.870763969,小於一萬,114.927044
45.0,20.19360374,4.269134455,一萬到十萬,158.894849
81.0,35.90697485,5.440589084,大於百萬,291.313316
97.0,30.20004802,6.142585504,小於一萬,342.254136
11.0,9.39883922,3.206508472,十萬到百萬,41.35123
23.0,6.72184506,1.367690472,小於一萬,82.437565
22.0,5.92098562,4.016223339,十萬到百萬,79.152347
44.0,15.83934271,0.993123152,一萬到十萬,157.726081
15.0,7.03324664,4.29895887,大於百萬,53.62777
55.0,19.95572923,5.245123382,一萬到十萬,197.735329
70.0,23.98839121,3.972950181,一萬到十萬,249.683966
50.0,18.1727377,5.722841776,一萬到十萬,181.27627
58.0,13.0236864,2.801238068,十萬到百萬,202.87616
34.0,17.91425703,3.047221413,十萬到百萬,116.255952
21.0,5.02956219,2.128344445,小於一萬,77.389481
85.0,29.50102223,2.518222112,十萬到百萬,300.558446
13.0,4.02775762,0.216286524,一萬到十萬,44.068899
42.0,13.48211131,1.979575976,小於一萬,150.707466
30.0,0.17965603,0.280326002,小於一萬,113.189378
16.0,13.82810314,0.890157941,十萬到百萬,54.741926
62.0,25.07908112,5.066101233,小於一萬,225.469526
51.0,16.94974752,1.348300822,十萬到百萬,176.006836
81.0,20.39194685,3.212250256,大於百萬,289.175759
34.0,11.61161414,3.240610721,一萬到十萬,114.696115
77.0,21.79509063,5.432038429,十萬到百萬,267.71146
26.0,6.5270934,4.829395036,大於百萬,89.667398
41.0,7.1439847,1.185990305,十萬到百萬,142.416906
47.0,11.1915046,1.468351074,一萬到十萬,170.671078
62.0,16.99203482,3.781429364,十萬到百萬,219.169531
16.0,3.84973176,1.23722102,一萬到十萬,57.150886
82.0,32.4234128,5.912088386,小於一萬,288.978141
75.0,31.97193882,4.698021921,一萬到十萬,269.332364
72.0,37.86899749,3.738798543,小於一萬,255.663019
45.0,15.75354548,0.714255601,一萬到十萬,157.629726
14.0,3.49228851,1.662926385,一萬到十萬,51.367113
90.0,28.22427787,3.729510231,大於百萬,312.570666
35.0,10.02438885,0.033313202,小於一萬,125.512754
77.0,30.67023291,2.807285171,小於一萬,272.044244
75.0,25.67494111,2.394660585,大於百萬,267.17901
36.0,2.62906172,4.784614133,小於一萬,129.855957
95.0,33.7322487,2.828376137,一萬到十萬,337.155022
82.0,30.62242105,6.78586305,十萬到百萬,295.004938
78.0,36.13477932,6.812528936,一萬到十萬,275.815413
26.0,10.40053409,2.607022067,小於一萬,89.840061
42.0,10.5955477,2.411606792,十萬到百萬,149.363285
75.0,23.62623841,6.199769157,十萬到百萬,263.020687
48.0,16.38246157,4.722281354,一萬到十萬,170.168413
43.0,12.84212842,2.593697318,大於百萬,148.706966
31.0,9.17002816,1.012183081,小於一萬,110.582501
42.0,15.96668752,5.046547629,一萬到十萬,148.202414
82.0,23.77536877,3.16266164,大於百萬,294.904522
97.0,37.34694168,3.515729693,一萬到十萬,348.215567
22.0,2.36107463,3.343804334,大於百萬,83.042908
59.0,26.56931113,4.516217387,大於百萬,211.03685
35.0,15.93153303,4.551268618,十萬到百萬,121.242407
100.0,36.67505326,7.344048307,一萬到十萬,356.746782
58.0,23.29102567,1.819778353,大於百萬,202.354538
92.0,26.81404542,4.200575594,大於百萬,324.161379
84.0,31.46617665,3.115435233,大於百萬,300.601
11.0,7.37494751,3.609159259,小於一萬,33.98
18.0,7.92931252,2.364400595,十萬到百萬,68.206622
89.0,22.22106752,4.799168916,一萬到十萬,321.555162
87.0,29.32736229,1.618873632,小於一萬,310.12284
67.0,13.8307792,2.90002924,十萬到百萬,236.306854
88.0,31.2965668,6.268563747,小於一萬,312.23363
83.0,30.25054026,5.5311094,大於百萬,296.709142
36.0,0.06612266,0.947359723,一萬到十萬,129.724321
54.0,24.82051231,3.394682094,一萬到十萬,191.042468
39.0,7.24448716,2.260934844,大於百萬,141.009684
61.0,10.3847837,2.257493687,小於一萬,223.678592
31.0,13.19716034,2.334421349,小於一萬,109.683208
31.0,11.16309579,2.308968966,一萬到十萬,105.850716
25.0,7.4314201,1.020490189,小於一萬,87.524218
63.0,23.56384635,7.89715201,大於百萬,225.161198
20.0,3.93478349,0.328469804,小於一萬,72.625903
96.0,38.34982728,5.625677284,小於一萬,343.716157
33.0,18.64876502,2.010872689,小於一萬,115.084985
60.0,12.84059374,2.482908311,小於一萬,214.786639
63.0,21.84654391,2.64241023,大於百萬,222.468307
46.0,16.33680868,2.608252956,小於一萬,164.119854
10.0,5.13977312,4.751055878,小於一萬,38.051637
37.0,11.56440578,3.196670639,一萬到十萬,129.177601
63.0,22.17656835,7.68073193,大於百萬,223.42365
94.0,22.11973254,2.528224806,大於百萬,331.471828
10.0,6.14524826,1.591116473,大於百萬,32.566825
34.0,14.99603995,1.984357576,一萬到十萬,115.690048
86.0,28.01877818,4.629252433,大於百萬,303.389011
28.0,6.02983472,4.226553307,十萬到百萬,95.392934
49.0,17.97929137,1.427125794,一萬到十萬,176.948351
28.0,8.90713162,3.91181952,小於一萬,101.311657
68.0,29.22260357,4.406522888,大於百萬,238.090909
48.0,16.36000105,3.914305454,大於百萬,166.618204
35.0,6.79001881,1.234108294,大於百萬,121.9275
78.0,18.1590474,4.246496176,十萬到百萬,274.093996
79.0,31.53703373,7.015332854,一萬到十萬,279.934765
91.0,25.72782083,1.843733021,一萬到十萬,323.992523
92.0,42.27157869,7.379310185,大於百萬,328.842668
46.0,15.63311408,2.681854353,一萬到十萬,164.598722
70.0,23.31774328,5.445912683,一萬到十萬,249.273605
18.0,9.08853307,2.109127791,一萬到十萬,63.820235
69.0,31.30100477,4.080001577,小於一萬,247.955146
75.0,22.65024416,1.537757637,十萬到百萬,263.807593
65.0,24.08129979,6.713941984,一萬到十萬,233.741252
97.0,42.33165435,8.486323788,十萬到百萬,348.392736
15.0,3.49629277,3.055316636,十萬到百萬,49.062848
82.0,27.9477843,2.390363872,十萬到百萬,293.580972
31.0,15.76397898,0.890836345,一萬到十萬,112.415111
34.0,14.88677162,0.899125167,大於百萬,116.327297
51.0,18.81480053,3.440682119,十萬到百萬,182.511614
40.0,13.80214449,4.654436607,小於一萬,144.403568
43.0,22.33436079,3.378794858,十萬到百萬,156.920877
20.0,10.17960343,1.182064453,小於一萬,69.841621
52.0,25.30055871,2.365394438,十萬到百萬,186.342862
22.0,12.20577282,0.209628861,大於百萬,82.873504
18.0,2.60940216,0.055425098,小於一萬,62.005266
30.0,10.55740569,3.122487155,十萬到百萬,108.649076
58.0,12.19180528,1.666526752,小於一萬,209.924039
43.0,22.07496465,3.662349016,十萬到百萬,153.06491
96.0,36.33920355,2.480408288,十萬到百萬,345.248702
81.0,25.70916199,5.579523367,小於一萬,290.586075
68.0,26.11363167,2.738414665,十萬到百萬,239.788764
41.0,24.74052081,9.85509108,大於百萬,152.510022
22.0,4.63187502,1.714052811,一萬到十萬,78.109135
63.0,12.93722066,3.647490817,大於百萬,228.000672
94.0,37.47520003,6.093510288,大於百萬,334.060926
10.0,1.667024,5.648119947,一萬到十萬,34.787085
82.0,26.53276921,4.872160564,十萬到百萬,295.933347
87.0,29.11492788,6.434981931,小於一萬,310.048805
37.0,10.52698932,0.830311194,大於百萬,134.409246
52.0,23.79065914,0.464672096,一萬到十萬,182.017252
65.0,22.2209252,5.664413416,十萬到百萬,229.708966
59.0,25.19640177,3.404124993,大於百萬,209.36453
23.0,2.03286802,1.433139817,大於百萬,85.892625
32.0,19.08301386,6.39743477,大於百萬,115.089794
68.0,20.85748443,5.305812168,小於一萬,244.633519
16.0,2.7247581,1.03482819,一萬到十萬,57.629379
69.0,19.7854764,2.708754057,十萬到百萬,244.220165
55.0,15.3353317,0.111007824,大於百萬,198.527645
80.0,27.53148648,8.330084621,小於一萬,281.644617
65.0,20.06155575,3.529274197,小於一萬,226.998932
40.0,13.05041081,1.971184795,小於一萬,139.288789
58.0,22.86918182,6.281662732,小於一萬,208.923077
87.0,36.18933987,4.810689752,一萬到十萬,303.040993
99.0,35.23872291,2.678608349,十萬到百萬,353.097304
66.0,15.81007671,0.495169721,十萬到百萬,229.558251
73.0,30.28290663,4.22436639,小於一萬,260.254687
37.0,0.53868841,0.870266399,大於百萬,132.408836
10.0,2.68716117,2.552869928,十萬到百萬,37.084053
86.0,26.940963,6.458130779,大於百萬,306.435181
31.0,8.84392465,0.104810858,一萬到十萬,111.127749
54.0,18.3171069,2.118813045,一萬到十萬,191.380219
72.0,23.59536842,4.882771183,十萬到百萬,257.3922
49.0,16.6826188,4.159433929,十萬到百萬,165.653852
66.0,20.82213126,4.347559873,十萬到百萬,236.322332
30.0,7.57074292,0.732234227,大於百萬,109.976062
89.0,33.22895595,5.27459422,大於百萬,321.277392
66.0,23.34851007,1.951877827,小於一萬,235.167855
85.0,23.78707098,2.504073833,小於一萬,307.309544
41.0,11.53355109,0.506740109,大於百萬,148.130044
90.0,29.89162818,7.445374733,大於百萬,316.022705
64.0,25.90099361,4.113418096,大於百萬,229.933365
74.0,15.46334754,2.480593239,小於一萬,263.041024
34.0,5.08266453,0.219320758,十萬到百萬,119.000048
38.0,8.4306324,1.893366838,一萬到十萬,138.67447
55.0,24.89381148,4.273602146,一萬到十萬,198.679825
53.0,18.85081371,4.566440958,一萬到十萬,186.935646
83.0,28.18172312,6.851154679,小於一萬,294.467953
49.0,20.42365468,4.346777364,十萬到百萬,178.374677
37.0,20.04563677,3.7938089,十萬到百萬,132.209187
39.0,16.49526491,0.747077391,小於一萬,138.138033
90.0,25.69788544,4.923816865,十萬到百萬,321.719821
32.0,7.0706164,2.235482268,小於一萬,109.941638
16.0,10.08901804,1.471514796,小於一萬,53.557997
23.0,4.29095116,0.999133071,大於百萬,86.239685
24.0,9.5092952,3.018306095,大於百萬,81.288532
28.0,11.13920205,3.30620113,一萬到十萬,103.420816
71.0,21.68478521,4.362889043,十萬到百萬,253.461328
27.0,2.40093114,1.783291031,小於一萬,95.8221
89.0,33.39187931,6.297544404,十萬到百萬,319.447172
42.0,9.38187698,3.464095033,十萬到百萬,147.487069
12.0,6.29911335,0.91215344,一萬到十萬,40.153596
71.0,25.19676618,8.050997952,十萬到百萬,249.577754
90.0,28.16502069,6.91914746,十萬到百萬,322.233423
17.0,2.24920381,0.395150251,小於一萬,61.865308
45.0,10.77079934,4.423494837,大於百萬,161.58214
13.0,1.93945361,0.658229751,小於一萬,49.153968
49.0,14.01663901,0.804732595,十萬到百萬,178.601661
43.0,15.51307679,1.626380158,十萬到百萬,155.041237
78.0,26.46683247,3.613317648,大於百萬,280.498255
62.0,23.67422982,3.363063357,一萬到十萬,218.99985
13.0,1.13215966,2.182918919,十萬到百萬,44.563307
79.0,24.06313015,2.173279578,小於一萬,284.708736
24.0,3.42602122,0.00317676,一萬到十萬,86.115536
53.0,21.55391007,8.112433024,一萬到十萬,192.32258
49.0,14.87396622,1.638303876,大於百萬,174.200192
38.0,15.2710352,2.028067933,十萬到百萬,132.155075
34.0,18.84526775,6.501071139,一萬到十萬,123.002493
36.0,15.3930559,3.601161957,小於一萬,119.220715
70.0,20.91279178,4.007210363,十萬到百萬,247.903696
29.0,8.59446724,6.259991431,大於百萬,105.2733
59.0,10.57227241,0.978358792,大於百萬,206.224026
77.0,25.58343965,3.870991902,大於百萬,276.083898
31.0,9.9541245,3.674953196,十萬到百萬,107.214085
98.0,33.39717323,7.286840033,十萬到百萬,350.39191
83.0,29.62779345,4.967052169,一萬到十萬,296.540494
21.0,7.23952586,1.611172497,一萬到十萬,75.883452
14.0,3.04794616,0.998475322,十萬到百萬,46.487881
22.0,5.53820904,3.675905542,一萬到十萬,80.259054
94.0,30.87615447,7.201351187,小於一萬,336.746541
49.0,17.4557372,3.492273273,大於百萬,170.751655
58.0,21.66817425,6.615751015,大於百萬,206.051568
98.0,31.34901485,7.63837211,一萬到十萬,350.568064
93.0,25.01357137,4.893950399,一萬到十萬,336.326463
25.0,7.69001184,0.572313335,十萬到百萬,87.900676
21.0,2.93712643,1.585800545,大於百萬,73.552341
17.0,0.0430822,1.299324106,一萬到十萬,64.981057
46.0,22.78233554,1.590795934,十萬到百萬,164.591812
77.0,24.14322754,6.439212757,一萬到十萬,272.136961
40.0,20.30739536,1.15081881,一萬到十萬,139.985953
72.0,25.40659637,3.215455403,一萬到十萬,262.401171
49.0,16.31903668,0.463311511,一萬到十萬,177.502551
47.0,12.13185864,2.877687142,大於百萬,166.750693
29.0,13.02837169,4.531267811,大於百萬,103.919524
87.0,25.30886812,0.888742374,大於百萬,314.122791
61.0,21.98199898,4.021468949,大於百萬,220.838222
94.0,37.63339784,3.593898692,十萬到百萬,337.850069
18.0,1.86483519,1.06921254,大於百萬,65.064889
24.0,12.79448447,3.973162998,小於一萬,86.229255
74.0,22.67960376,3.535072235,十萬到百萬,259.915933
83.0,35.64092081,8.930532425,一萬到十萬,294.638808
46.0,17.46994122,1.304576856,一萬到十萬,165.228835
26.0,11.43091748,1.637087299,小於一萬,91.221242
28.0,7.46265367,2.487820224,一萬到十萬,100.225153
63.0,17.42100916,2.03807802,一萬到十萬,221.927174
68.0,29.19533041,8.045763533,小於一萬,245.639188
100.0,44.56040957,8.470339644,小於一萬,357.092487
89.0,20.86981195,7.882758146,小於一萬,311.545876
22.0,11.58937865,1.27196986,大於百萬,75.269941
79.0,26.37176232,4.775905732,一萬到十萬,279.998199
76.0,28.33102033,5.703993932,一萬到十萬,270.462907
25.0,5.30868463,1.459211679,小於一萬,89.758574
32.0,10.0151608,2.074406562,小於一萬,111.980284
29.0,4.59523362,0.581271839,一萬到十萬,104.514547
99.0,24.97844292,2.640894757,大於百萬,355.525306
14.0,12.24402504,5.347549295,小於一萬,47.057703
80.0,21.66131793,4.286278224,一萬到十萬,284.979561
94.0,24.21879807,3.462431445,一萬到十萬,336.155803
67.0,20.0109313,6.373311471,一萬到十萬,239.525809
67.0,16.70537458,2.657607685,大於百萬,238.334661
34.0,14.60687996,2.153001784,十萬到百萬,118.692777
60.0,13.99300627,2.410218362,大於百萬,210.959218
21.0,6.28684393,0.13183582,大於百萬,71.400973
44.0,19.80007236,5.096191875,一萬到十萬,163.631457
75.0,21.53695515,1.232423551,一萬到十萬,264.998986
20.0,6.87016358,5.127572518,小於一萬,69.697819
77.0,25.12131765,5.518115349,小於一萬,272.536784
50.0,13.42866192,2.739675375,十萬到百萬,178.146343
37.0,14.34414237,3.13864616,十萬到百萬,131.944668
22.0,13.49482792,3.186230229,小於一萬,76.224021
93.0,28.27465769,2.404138725,十萬到百萬,328.321734
13.0,2.58481022,0.337156459,小於一萬,50.533563
48.0,10.35936844,3.609029513,小於一萬,173.346703
10.0,5.0401216,0.704360749,十萬到百萬,36.860561
43.0,26.15918496,5.231818374,十萬到百萬,152.081314
58.0,28.33706768,6.984630474,小於一萬,203.413712
51.0,16.17484875,1.898537466,一萬到十萬,185.048765
78.0,26.62195735,3.352122062,十萬到百萬,282.050598
67.0,33.47845174,6.272878542,大於百萬,233.138237
57.0,16.22435758,2.816390044,小於一萬,209.536499
51.0,20.69590176,7.122475601,小於一萬,179.782486
23.0,3.15914915,1.838038355,十萬到百萬,84.468576
12.0,5.01339024,0.840971884,小於一萬,41.373861
100.0,37.71103171,8.096590776,小於一萬,355.643703
14.0,0.02188262,0.301150118,一萬到十萬,53.702021
78.0,28.11706363,4.28069051,一萬到十萬,278.762033
99.0,33.89927206,7.955180603,大於百萬,352.899957
72.0,23.83835402,2.826565354,小於一萬,249.632833
44.0,19.86674573,3.239329723,一萬到十萬,152.460681
60.0,16.09839899,2.896231565,小於一萬,213.380961
98.0,27.66981156,1.605374723,小於一萬,345.555931
17.0,9.7363311,0.598563708,一萬到十萬,53.749712
26.0,2.20868739,0.194148665,一萬到十萬,94.325517
86.0,26.40369544,3.431076806,大於百萬,310.158423
40.0,4.58893485,2.298753596,十萬到百萬,141.710638
89.0,23.53301297,1.37947462,十萬到百萬,316.637661
95.0,36.90617957,5.525357936,大於百萬,335.556913
79.0,28.99004026,5.70656376,十萬到百萬,287.583199
48.0,14.41875328,3.117413536,小於一萬,170.283316
24.0,10.26587715,4.105277331,小於一萬,84.196911
83.0,25.39696363,2.810283955,小於一萬,293.495506
76.0,17.48860583,2.950997206,小於一萬,268.92245
84.0,21.84650885,1.464674884,大於百萬,303.300979
87.0,25.71992906,4.324441808,十萬到百萬,311.605307
22.0,5.12081681,2.205299711,一萬到十萬,74.741604
10.0,5.42677153,2.378168163,一萬到十萬,36.35532
92.0,30.38715716,5.554089658,十萬到百萬,328.955878
35.0,3.86210191,1.207369381,一萬到十萬,124.606163
71.0,26.02394936,3.116428483,十萬到百萬,253.98611
20.0,14.13534024,3.890982839,一萬到十萬,69.833707
41.0,13.92654551,2.157720387,一萬到十萬,148.114129
50.0,10.37446633,4.32978936,十萬到百萬,176.586201
30.0,15.43267247,3.9865702,大於百萬,104.503926
42.0,8.92296638,2.254832178,小於一萬,143.856228
38.0,12.95360781,3.856301336,一萬到十萬,133.877586
39.0,13.19598147,0.423432855,大於百萬,139.197164
87.0,30.91030003,7.642073563,一萬到十萬,310.8009
63.0,18.31721305,5.106410106,十萬到百萬,222.453809
98.0,27.33731038,2.839123372,十萬到百萬,350.168334
18.0,10.38645507,4.847890485,十萬到百萬,59.116813
77.0,27.59973089,5.084562862,十萬到百萬,277.719455
42.0,12.97234194,4.980146826,十萬到百萬,148.956549
29.0,11.92270713,6.033385743,小於一萬,103.874414
77.0,26.82235002,5.514187222,小於一萬,274.7071
78.0,23.80959139,1.915047092,小於一萬,276.919063
74.0,20.22086793,4.540904518,大於百萬,267.737338
69.0,21.85879116,3.273587772,十萬到百萬,246.76145
19.0,4.18262935,3.338355193,十萬到百萬,68.179317
51.0,23.28772776,6.650243242,十萬到百萬,178.298128
77.0,22.2599302,3.354030175,十萬到百萬,283.251107
35.0,14.82454522,1.765247886,小於一萬,122.065538
84.0,28.25584373,5.699994101,十萬到百萬,298.882343
90.0,25.22566644,3.061937926,一萬到十萬,321.070114
93.0,34.11216622,2.786386971,小於一萬,329.167355
61.0,15.96956521,1.950999733,大於百萬,212.933899
75.0,20.62311544,6.519578952,大於百萬,265.816699
33.0,17.44947546,0.887761603,大於百萬,119.330807
69.0,22.99736022,5.937954803,大於百萬,241.176246
78.0,25.39863272,5.864782672,十萬到百萬,273.60741
47.0,20.93650521,4.774722284,一萬到十萬,166.78338
75.0,38.27143199,8.586450249,一萬到十萬,263.523813
100.0,32.72043521,4.622529206,十萬到百萬,355.368871
76.0,24.45854148,4.009270923,小於一萬,266.413766
69.0,18.07400354,7.33292569,十萬到百萬,249.058103
44.0,16.55078519,5.075482015,大於百萬,151.92414
68.0,11.14928351,3.602205534,十萬到百萬,240.962412
60.0,29.91466827,7.566088234,大於百萬,213.232032
38.0,8.06297138,2.409346229,大於百萬,132.314282
36.0,8.33870311,1.45363758,十萬到百萬,133.270192
27.0,0.97533123,0.409356653,小於一萬,88.804021
48.0,16.91928999,1.063630886,大於百萬,171.538945
44.0,19.87737672,2.927407367,十萬到百萬,151.101307
23.0,12.42231673,0.151505969,大於百萬,85.690006
49.0,24.87104934,5.036281432,小於一萬,174.986164
29.0,16.79919436,4.279003862,一萬到十萬,101.904601
55.0,28.16663617,3.41311368,一萬到十萬,198.65527
55.0,20.69486154,3.953574081,小於一萬,192.682492
51.0,20.12090649,3.424064454,小於一萬,178.520794
22.0,11.99561122,0.858907412,小於一萬,77.645161
44.0,10.0147525,2.056042436,小於一萬,154.49623
75.0,24.76678077,8.778415289,一萬到十萬,264.828234
32.0,9.28981776,1.167053883,十萬到百萬,113.127845
74.0,22.44968986,0.305109692,小於一萬,263.346636
29.0,15.36355775,6.625992213,一萬到十萬,106.999534
96.0,32.57632596,4.849638451,小於一萬,343.006536
13.0,7.03614537,0.595659907,大於百萬,46.841204
29.0,0.96917924,1.101270316,一萬到十萬,102.458261
58.0,24.29613986,3.260725855,大於百萬,207.138848
80.0,32.87300062,3.930685527,大於百萬,286.104716
89.0,22.98771862,2.588135171,十萬到百萬,322.976325
50.0,11.75894464,0.697241088,一萬到十萬,173.187793
79.0,24.13102522,4.384600824,一萬到十萬,283.467863
85.0,29.57319313,5.647527894,小於一萬,298.313708
18.0,6.49847141,1.634970554,小於一萬,59.639953
35.0,13.06947725,3.546487794,大於百萬,123.914676
86.0,21.64940648,0.404270733,小於一萬,309.665215
91.0,29.89437658,5.836856118,大於百萬,324.78106
24.0,8.82260464,0.388314589,十萬到百萬,86.786026
82.0,28.87955407,0.832748001,一萬到十萬,287.861314
29.0,8.71206192,2.585117315,大於百萬,104.712454
61.0,27.24136991,4.250422344,小於一萬,214.436738
34.0,9.52903885,0.046324514,大於百萬,122.398031
15.0,7.09461142,3.51582302,十萬到百萬,54.927934
70.0,17.89838701,2.524896129,一萬到十萬,248.12706
74.0,26.11537916,5.268664251,小於一萬,263.993441
46.0,12.35741283,0.836941986,一萬到十萬,162.879075
60.0,23.6001629,1.991318497,一萬到十萬,209.321776
92.0,33.15174003,6.429606019,大於百萬,329.53113
65.0,18.5065161,4.245568702,十萬到百萬,234.159665
76.0,18.66574964,2.119379814,小於一萬,271.825973
70.0,28.84317427,5.226574958,大於百萬,253.913082
18.0,8.47713529,0.608817354,十萬到百萬,61.708487
82.0,31.21632112,5.677709042,十萬到百萬,290.959363
52.0,14.68622497,3.854732763,十萬到百萬,183.914535
24.0,8.52677837,1.872740701,小於一萬,83.147108
43.0,18.67268931,1.532240466,一萬到十萬,154.485377
43.0,9.64422799,1.805611694,大於百萬,154.532613
15.0,5.13906928,1.55848132,一萬到十萬,52.298448
69.0,20.31132319,2.926078332,大於百萬,250.028224
51.0,13.87461816,3.553056769,小於一萬,188.091574
15.0,3.77328678,0.135074302,小於一萬,55.674214
58.0,20.76268193,4.156663595,十萬到百萬,208.813174
64.0,18.92071357,3.2484686,小於一萬,230.401851
76.0,34.12497308,5.948489204,十萬到百萬,270.342571
96.0,37.6626967,6.313926027,大於百萬,340.149642
53.0,17.97812572,3.066072741,小於一萬,190.335422
82.0,28.92043035,3.213066798,一萬到十萬,285.392143
33.0,6.24425895,1.703124543,十萬到百萬,113.598702
77.0,25.0517546,4.273356679,小於一萬,270.167492
30.0,12.1555835,0.932529328,大於百萬,106.099593
60.0,31.9179502,1.642863312,大於百萬,215.758169
66.0,16.43219543,3.237042142,大於百萬,236.891033
28.0,21.10789156,3.196668702,小於一萬,100.328511
29.0,20.19454619,4.263712907,大於百萬,107.747743
84.0,30.96446241,3.763222015,一萬到十萬,301.670958
39.0,11.78254265,2.956726836,一萬到十萬,138.375308
21.0,8.97724403,1.183893145,一萬到十萬,77.286573
77.0,25.46734474,1.829690923,十萬到百萬,273.798882
27.0,8.2446297,1.142500735,十萬到百萬,91.699773
14.0,0.2180305,0.337638266,十萬到百萬,48.948812
87.0,30.20364198,9.267802669,一萬到十萬,305.636217
12.0,4.55390149,0.028845079,大於百萬,44.26361
28.0,17.34363919,2.071635541,一萬到十萬,96.930054
70.0,22.9508713,5.688322892,十萬到百萬,251.130033
45.0,12.6218375,0.618199397,大於百萬,157.508248
48.0,22.65504441,5.973427536,十萬到百萬,168.778546
20.0,8.17845257,0.768759682,一萬到十萬,74.809418
14.0,6.08204489,1.15443211,小於一萬,49.044901
46.0,13.78266234,0.176731945,大於百萬,164.256028
26.0,1.21835388,1.270443869,一萬到十萬,90.054222
58.0,17.39877506,4.007447145,小於一萬,204.099035
16.0,5.76899836,0.167732483,大於百萬,58.282615
42.0,11.95627229,1.748785255,一萬到十萬,148.922002
98.0,39.52760349,3.778663467,十萬到百萬,347.987862
68.0,28.70134242,3.706080385,一萬到十萬,242.13592
100.0,34.99956608,3.442713665,一萬到十萬,354.623463
20.0,10.33151042,1.335153841,一萬到十萬,69.431012
78.0,26.39407008,3.83736988,十萬到百萬,279.590639
40.0,13.82530357,4.07349775,小於一萬,139.680993
76.0,16.70931471,1.792285775,十萬到百萬,269.737569
81.0,29.09884013,3.436515796,小於一萬,288.835408
35.0,12.14629522,1.992383015,十萬到百萬,122.957783
74.0,29.56295098,2.060719698,一萬到十萬,263.105633
90.0,30.76362901,3.521698276,小於一萬,320.164775
65.0,26.47185629,6.427113657,小於一萬,233.8431
46.0,10.17876113,0.774718817,一萬到十萬,162.075264
30.0,10.83082132,3.734457823,大於百萬,103.349397
32.0,17.01194371,2.682326269,一萬到十萬,115.354338
36.0,11.74323228,1.380873108,十萬到百萬,130.10523
81.0,23.874,3.774874678,十萬到百萬,289.367775
84.0,23.49099467,6.384877693,大於百萬,300.411973
18.0,10.13781443,3.181971706,大於百萬,66.548403
69.0,15.62012582,0.969789938,小於一萬,242.729233
66.0,26.54429241,3.947790349,大於百萬,241.786634
94.0,40.3813996,5.407997745,大於百萬,331.444608
66.0,24.66717022,6.205361221,十萬到百萬,236.479949
90.0,32.90465972,5.083271911,小於一萬,321.527592
42.0,25.88765729,3.593714636,小於一萬,150.94295
90.0,33.54395616,7.805689746,小於一萬,323.002806
83.0,21.26976739,4.22881998,大於百萬,299.92658
43.0,14.74315816,5.086102811,一萬到十萬,152.601882
60.0,19.08371682,2.884634332,小於一萬,211.652175
13.0,1.9596902,1.004492215,小於一萬,49.369116
61.0,28.09411494,4.630805282,十萬到百萬,215.591483
71.0,28.25480021,4.399195778,大於百萬,252.518064
17.0,5.06359236,1.535619761,十萬到百萬,63.199522
50.0,22.29554389,2.821388736,小於一萬,176.294088
84.0,27.6452302,5.916649652,小於一萬,300.924189
32.0,13.33536154,2.344050692,小於一萬,116.144317
60.0,11.36731934,0.820350637,一萬到十萬,213.482651
74.0,15.5431867,1.502156333,十萬到百萬,263.137888
81.0,20.57784486,4.50390565,一萬到十萬,290.371715
62.0,17.0374692,1.778592176,十萬到百萬,222.080006
83.0,22.64766991,1.815303053,大於百萬,294.372933
45.0,16.92875024,0.551052977,一萬到十萬,162.235702
71.0,32.11362476,2.522217397,小於一萬,255.773249
100.0,33.15180841,5.473668013,小於一萬,352.031653
86.0,20.66269354,2.867545084,大於百萬,312.434008
91.0,29.48179455,2.502110175,小於一萬,324.871364
98.0,33.5556744,5.401715328,一萬到十萬,343.704707
91.0,34.15101221,7.847444243,一萬到十萬,329.758564
61.0,20.04207353,1.427891296,一萬到十萬,215.313079
91.0,26.28625575,6.917554923,一萬到十萬,328.484604
85.0,27.47012019,5.023978417,小於一萬,304.921852
46.0,6.82853256,4.305234817,大於百萬,158.62158
63.0,21.7928057,0.393588978,小於一萬,223.841895
65.0,15.60966355,6.728207899,小於一萬,233.514203
14.0,12.39563737,1.908127571,小於一萬,58.531565
29.0,5.76503953,6.088674508,一萬到十萬,103.76512
83.0,20.72620775,4.608829289,小於一萬,292.366431
55.0,23.71846209,4.222897828,十萬到百萬,194.207735
88.0,37.96929695,4.739682162,大於百萬,314.311367
42.0,9.45761691,1.857779697,大於百萬,150.88274
13.0,5.65420491,3.614718008,一萬到十萬,47.462715
44.0,24.63088911,0.35714192,大於百萬,159.236248
34.0,13.35447854,0.734024403,大於百萬,117.246328
58.0,13.86884055,0.415369459,十萬到百萬,208.214188
100.0,25.97867746,3.80746456,十萬到百萬,356.28273
40.0,7.33999623,3.690516896,十萬到百萬,140.528208
90.0,25.80246922,3.378647937,一萬到十萬,320.883144
70.0,19.83350146,2.169126347,小於一萬,247.592136
29.0,6.87095768,0.228259393,十萬到百萬,102.724196
19.0,7.52938057,0.663731937,小於一萬,68.48862
42.0,10.01903472,0.191093711,小於一萬,152.949603
85.0,31.6447624,4.33936309,大於百萬,301.556191
41.0,8.20721054,0.054399134,小於一萬,143.492619
92.0,31.18303928,5.00595276,十萬到百萬,331.754755
26.0,8.89358111,0.236530774,小於一萬,88.351565
57.0,13.28060278,2.101510154,十萬到百萬,201.305544
72.0,17.98193992,1.675082402,一萬到十萬,248.802379
10.0,0.75856941,0.527880863,小於一萬,35.547998
67.0,28.20812272,4.03044572,一萬到十萬,239.600459
100.0,36.57380821,5.273156173,十萬到百萬,354.797375
13.0,1.93907412,0.715073864,大於百萬,46.246856
80.0,27.51236249,1.032765641,小於一萬,283.416972
17.0,12.91914773,1.904300714,大於百萬,58.445323
68.0,18.16783386,7.064557009,大於百萬,244.865923
18.0,8.25489387,3.241749256,大於百萬,62.388688
99.0,37.46822321,7.194404457,大於百萬,349.496169
44.0,6.3131734,1.310027864,大於百萬,152.831254
59.0,19.34086431,1.602340512,一萬到十萬,210.57177
27.0,2.3342656,0.061268949,大於百萬,94.637609
62.0,13.68365047,2.722705333,一萬到十萬,223.622438
56.0,13.99621892,0.602834245,大於百萬,194.232285
60.0,15.6542643,1.535037337,一萬到十萬,213.047022
87.0,19.91736078,3.127906282,大於百萬,306.248777
43.0,14.86636304,1.188064861,一萬到十萬,151.773621
72.0,18.12593442,3.547403641,小於一萬,257.38164
32.0,5.83812134,2.765538827,小於一萬,115.343617
30.0,6.12231786,2.606806497,十萬到百萬,104.524681
57.0,2.45115961,1.932471284,十萬到百萬,201.431243
14.0,4.82827979,0.28603859,一萬到十萬,49.187786
15.0,13.56012868,3.317589703,十萬到百萬,54.254372
69.0,25.74882385,1.818395347,小於一萬,248.179717
25.0,11.09126345,0.95375194,十萬到百萬,88.890383
85.0,40.19445822,5.326762155,大於百萬,296.210247
38.0,17.84312218,2.009779488,一萬到十萬,130.370881
74.0,25.56191025,5.459718097,一萬到十萬,261.966812
51.0,14.11560036,0.905750074,一萬到十萬,182.579949
34.0,16.68732493,0.377600773,十萬到百萬,119.292055
54.0,18.67618628,7.608255903,十萬到百萬,188.963877
34.0,20.27248327,4.340842223,十萬到百萬,122.291709
66.0,18.74451161,3.009174444,一萬到十萬,234.777172
97.0,34.03091596,4.107471029,十萬到百萬,349.629028
44.0,15.99054487,2.975989378,十萬到百萬,157.303693
46.0,17.87483166,3.918941935,一萬到十萬,167.533226
69.0,28.0169731,6.183202335,一萬到十萬,248.290787
52.0,17.11323977,2.638642418,十萬到百萬,181.079612
83.0,22.12318389,4.548473435,十萬到百萬,301.02134
72.0,19.8837268,6.352685239,大於百萬,257.84596
73.0,27.39787136,3.862178306,十萬到百萬,263.7015
88.0,23.86766113,5.853575844,一萬到十萬,314.600806
25.0,1.4394043,0.476601268,十萬到百萬,90.931935
12.0,1.2280817,1.523414744,大於百萬,33.50981
27.0,14.0173457,2.473259935,大於百萬,94.041055
89.0,37.37620072,2.616112731,小於一萬,314.55499
38.0,16.84811459,3.975007849,十萬到百萬,142.222982
94.0,32.16264869,4.178849052,十萬到百萬,336.523673
55.0,26.77262827,6.89508981,十萬到百萬,198.152187
23.0,5.08863949,0.254285318,一萬到十萬,86.211028
36.0,16.53025145,2.138833994,十萬到百萬,125.610159
34.0,7.11026743,3.588867403,十萬到百萬,119.843771
43.0,7.88395701,2.098133635,小於一萬,154.225415
58.0,18.16916172,0.137570341,大於百萬,204.305414
31.0,6.75133082,0.436407096,一萬到十萬,109.401931
19.0,2.40540482,0.50779351,十萬到百萬,70.974707
77.0,28.06346238,5.958229036,小於一萬,273.39415
64.0,21.06923812,4.019544084,大於百萬,226.438264
90.0,26.32104188,4.477032317,十萬到百萬,325.782985
81.0,24.53215154,5.363193035,小於一萬,284.429699
77.0,17.66608651,1.874090882,大於百萬,275.675278
43.0,13.99501231,0.845058595,小於一萬,152.424113
19.0,0.38859065,0.255873313,一萬到十萬,67.486999
50.0,19.1665659,4.879307621,十萬到百萬,179.192714
82.0,33.96648288,9.127437448,十萬到百萬,294.969324
83.0,24.57464264,6.190653254,大於百萬,293.263512
13.0,2.93365391,0.336684657,一萬到十萬,44.790218
54.0,12.96108964,2.336084992,一萬到十萬,194.573563
31.0,14.30082434,2.954928662,小於一萬,109.77455
80.0,29.63068625,7.527312834,小於一萬,285.720918
82.0,35.05290297,5.145975121,小於一萬,291.239676
40.0,9.38368404,1.622313049,小於一萬,144.295497
79.0,31.03149745,0.39838658,大於百萬,279.71497
35.0,5.78575931,3.368526918,十萬到百萬,127.221298
73.0,14.83530271,1.586404834,十萬到百萬,260.062857
100.0,36.76158596,6.258340608,一萬到十萬,356.44129
86.0,30.92426092,4.636847457,十萬到百萬,304.537467
67.0,30.71360454,3.644550892,一萬到十萬,242.651986
60.0,20.65364197,3.097761704,一萬到十萬,210.892464
85.0,33.41836523,4.973469351,十萬到百萬,304.302496
84.0,34.75985708,7.786331165,一萬到十萬,301.566465
87.0,26.26344606,4.66625435,十萬到百萬,314.086776
22.0,9.96383422,5.045815917,小於一萬,72.569537
16.0,2.18114186,0.316356235,小於一萬,56.189924
62.0,22.21647118,3.545499499,大於百萬,217.508509
77.0,27.14371231,5.714889719,大於百萬,271.36342
11.0,5.5150645,0.767888515,大於百萬,36.3055
11.0,6.83804406,2.464856311,十萬到百萬,41.409704
38.0,12.93873682,0.763284304,大於百萬,134.915838
77.0,27.55608572,7.176764184,十萬到百萬,274.11119
39.0,10.98094871,1.069789208,小於一萬,135.88897
24.0,12.90902808,4.127052774,大於百萬,84.230626
47.0,13.47141759,2.441219796,大於百萬,167.704541
28.0,7.10908175,0.272962785,大於百萬,105.163312
100.0,31.63231852,6.437839912,十萬到百萬,351.86561
64.0,18.66967958,3.045508873,十萬到百萬,227.315652
75.0,30.5037236,3.850431399,大於百萬,269.869531
46.0,16.88243352,4.72763659,十萬到百萬,168.504144
61.0,23.9098499,5.37298311,大於百萬,218.092673
68.0,17.74223933,2.756638743,十萬到百萬,241.54538
15.0,4.64977731,2.389716886,大於百萬,53.430803
51.0,17.13094247,3.601388974,大於百萬,178.004479
19.0,7.06436206,0.782885709,大於百萬,68.732786
74.0,24.71108346,0.793258638,大於百萬,262.557762
38.0,15.20246594,2.346264462,一萬到十萬,128.993581
76.0,31.57443225,5.668187006,十萬到百萬,273.042522
67.0,15.96230199,4.823873221,十萬到百萬,235.938761
16.0,1.87159926,1.877711405,大於百萬,56.321637
70.0,20.77717376,2.831544226,大於百萬,245.24272
76.0,21.01001801,4.471264224,一萬到十萬,275.736142
58.0,17.39836485,3.796159847,大於百萬,207.624235
62.0,19.00447338,0.255726683,大於百萬,224.774128
54.0,19.40177699,3.531377136,十萬到百萬,196.830902
79.0,20.13887118,1.706797882,一萬到十萬,279.979028
14.0,4.70278892,1.325031956,十萬到百萬,47.208725
84.0,28.45135602,2.841499055,小於一萬,298.372064
76.0,28.58653295,8.637168807,小於一萬,267.272639
35.0,14.1368135,1.571675673,十萬到百萬,126.774921
12.0,3.55657656,0.360014914,一萬到十萬,37.243272
25.0,9.78805692,0.503682531,大於百萬,92.848374
17.0,7.19784703,1.394325609,小於一萬,59.495159
27.0,7.75908504,1.017372135,一萬到十萬,94.713149
60.0,12.85900617,2.182885119,一萬到十萬,213.340699
51.0,17.8984319,0.925631096,一萬到十萬,179.930604
20.0,8.5561379,2.255180617,十萬到百萬,79.281709
10.0,6.49241898,1.307754019,一萬到十萬,34.046359
12.0,11.83576293,2.828314712,小於一萬,37.423741
63.0,20.17822304,0.653839725,大於百萬,227.551035
47.0,24.16913194,2.087910259,一萬到十萬,161.717087
34.0,16.2792597,5.187613793,大於百萬,119.472775
76.0,21.01323375,3.657839506,一萬到十萬,268.536964
38.0,7.15453532,0.92859048,小於一萬,134.792288
61.0,20.73115242,2.60083973,大於百萬,219.276273
86.0,24.29320314,8.041212299,一萬到十萬,306.606588
74.0,19.11490912,4.485970525,小於一萬,259.900723
15.0,0.10910552,0.981484257,小於一萬,54.634711
14.0,0.19978015,2.12760286,十萬到百萬,43.296593
84.0,27.77118565,4.870181828,大於百萬,299.257102
20.0,12.22988349,5.542360445,一萬到十萬,75.933833
98.0,32.07909439,4.158338824,十萬到百萬,342.652228
52.0,18.38397312,0.704457411,大於百萬,186.081791
34.0,13.93985815,1.153340571,十萬到百萬,124.4781
48.0,26.55069861,6.375071446,大於百萬,173.870018
31.0,7.98563621,0.789064,十萬到百萬,112.952576
77.0,26.85928418,4.954590412,大於百萬,274.57201
40.0,13.19401085,3.892134438,一萬到十萬,139.938132
47.0,14.16232438,4.388114516,小於一萬,170.126187
67.0,25.58280593,4.020770888,大於百萬,238.60307
32.0,17.63131395,5.079566756,一萬到十萬,114.659103
80.0,21.63872186,4.977302203,小於一萬,283.917792
78.0,30.88048795,10.18875485,十萬到百萬,280.191966
90.0,30.18568336,3.43784591,一萬到十萬,320.223962
60.0,20.1149829,3.835213717,小於一萬,219.929163
88.0,34.75140749,3.520735816,十萬到百萬,308.3063
19.0,6.81912787,3.677202163,一萬到十萬,63.505994
52.0,11.05567279,2.339107702,十萬到百萬,186.970727
91.0,27.36025947,6.603772501,一萬到十萬,320.46734
56.0,14.88018119,2.367556821,大於百萬,197.225133
57.0,23.74241823,2.585252416,一萬到十萬,206.47983
97.0,30.53983841,8.846154241,十萬到百萬,348.452962
53.0,12.07008908,1.852175612,十萬到百萬,182.906169
65.0,25.28510272,12.05474882,十萬到百萬,228.454384
54.0,21.46940881,1.186421596,大於百萬,197.665855
100.0,32.40065311,3.784145331,小於一萬,355.051626
80.0,34.56254581,6.122002938,大於百萬,286.957333
95.0,37.81759713,4.893097259,十萬到百萬,342.196848
46.0,15.79668978,0.59689445,大於百萬,160.986847
26.0,2.4114077,1.128846504,十萬到百萬,93.18048
15.0,4.95374637,0.903951533,小於一萬,50.810867
49.0,13.09088428,2.950203359,大於百萬,176.716901
85.0,34.1858967,3.882799492,大於百萬,301.13069
19.0,5.26320577,1.251405937,十萬到百萬,71.442514
68.0,19.13141921,6.834952137,一萬到十萬,240.226864
83.0,33.00440576,4.937946143,一萬到十萬,295.456394
48.0,12.73575034,0.021272948,小於一萬,170.615425
47.0,20.27755079,0.747904517,大於百萬,169.887528
63.0,19.10204333,4.773049696,一萬到十萬,225.791715
95.0,31.35729304,9.619583514,小於一萬,336.416636
91.0,31.00206421,3.149276093,大於百萬,327.33059
57.0,21.18777348,1.021528117,大於百萬,200.090882
54.0,21.73992856,5.195618185,小於一萬,188.363743
28.0,4.51613662,2.92255466,小於一萬,100.423705
47.0,9.72111121,0.881835115,大於百萬,167.977028
50.0,16.68128451,1.258518049,小於一萬,174.803977
53.0,21.22223249,3.97683231,一萬到十萬,186.613248
25.0,1.71707914,3.631544285,一萬到十萬,89.949402
31.0,6.70539321,1.99719926,一萬到十萬,112.070641
74.0,20.16118814,2.57120506,小於一萬,261.522581
83.0,27.45744568,4.852580235,大於百萬,292.545733
94.0,37.09705521,7.596290451,小於一萬,334.643793
43.0,15.18856944,0.760136913,大於百萬,153.603414
55.0,18.50667095,4.089302485,小於一萬,196.183975
62.0,16.08778914,5.060162938,大於百萬,215.72976
42.0,13.76651754,1.667909691,大於百萬,149.334202
51.0,14.84955816,6.545391968,一萬到十萬,181.6616
90.0,31.10307277,6.854287446,大於百萬,322.605106
20.0,12.61877735,1.600792875,一萬到十萬,74.827788
72.0,25.93209391,0.237228908,十萬到百萬,253.966026
22.0,4.85349411,0.017377461,一萬到十萬,80.921975
75.0,20.34898797,1.227180495,一萬到十萬,272.250108
38.0,8.78197457,3.023611644,小於一萬,131.734005
42.0,11.75924833,5.010336123,十萬到百萬,147.859805
26.0,19.83762759,0.857272544,十萬到百萬,88.396407
91.0,36.29359238,6.685509421,大於百萬,325.655816
69.0,23.47473707,5.622279813,一萬到十萬,243.074522
33.0,13.55208661,5.696142076,一萬到十萬,119.686864
15.0,0.61637615,1.584732553,一萬到十萬,48.199201
86.0,25.26070742,6.765663894,小於一萬,307.619089
17.0,16.6928453,2.12301111,小於一萬,58.79958
70.0,21.17876903,1.700145413,大於百萬,250.48269
53.0,25.04916044,6.471099083,十萬到百萬,189.609995
28.0,9.8129235,0.369971776,十萬到百萬,101.438658
89.0,32.28081447,4.606427961,十萬到百萬,311.433546
77.0,29.75675332,3.156460901,大於百萬,279.061514
33.0,13.38002348,5.391596379,大於百萬,113.680708
65.0,17.29582864,3.449765367,小於一萬,234.887848
26.0,4.56138951,1.791092844,一萬到十萬,90.850864
98.0,28.55292026,5.105355549,小於一萬,347.163399
66.0,25.37570136,5.073874121,一萬到十萬,237.57023
92.0,27.96234205,7.395202068,十萬到百萬,327.755062
20.0,9.02380286,1.837913545,小於一萬,70.501562
91.0,33.16642967,1.289134539,十萬到百萬,324.096962
21.0,17.18990789,0.237534685,大於百萬,73.147375
23.0,13.72417939,0.403192075,大於百萬,85.070285
85.0,29.82247184,7.304243425,小於一萬,303.244302
99.0,37.26381865,6.88653481,小於一萬,349.861575
65.0,19.43854953,1.017771272,大於百萬,228.82098
37.0,20.4962389,0.8425903,一萬到十萬,129.700062
13.0,0.09504694,0.111191033,小於一萬,44.179451
74.0,31.20063184,5.956147638,大於百萬,262.000009
88.0,31.64099255,4.554771672,小於一萬,310.480368
92.0,30.29945976,5.942147048,小於一萬,328.349175
41.0,9.55684546,1.356011738,一萬到十萬,139.905348
81.0,26.67272207,4.564258578,小於一萬,291.320045
88.0,26.30065656,4.204039947,小於一萬,314.180547
20.0,10.75005058,2.442173814,大於百萬,70.471723
43.0,13.11223201,1.482339505,十萬到百萬,151.6921
32.0,10.83204359,5.108585918,十萬到百萬,106.450803
43.0,17.65544444,2.395348967,一萬到十萬,154.226171
58.0,14.75741985,1.887767552,十萬到百萬,208.89634
44.0,12.79549978,1.228337955,十萬到百萬,156.070975
80.0,31.55506543,5.829251423,小於一萬,286.066087
72.0,28.04013276,5.704482227,一萬到十萬,251.625265
20.0,11.33818605,3.13e-05,十萬到百萬,67.666812
12.0,3.13556438,2.924747767,一萬到十萬,40.562294
57.0,17.73126576,1.135948669,一萬到十萬,200.108053
62.0,18.54551399,0.811841133,小於一萬,221.318509
74.0,27.19660184,5.61632048,十萬到百萬,267.287242
47.0,12.91493042,1.829351188,小於一萬,172.878053
39.0,8.4379645,2.926366891,十萬到百萬,141.590087
37.0,13.63793372,3.061267718,一萬到十萬,131.017812
93.0,33.44612465,6.737926736,大於百萬,330.768325
65.0,24.69295619,1.758171533,小於一萬,231.141097
26.0,0.49466966,3.307763278,大於百萬,96.531219
97.0,31.55107466,5.170242248,大於百萬,350.090883
58.0,4.87018703,3.043994197,大於百萬,205.543134
90.0,29.02101661,6.431995293,一萬到十萬,323.032183
91.0,32.53312607,5.651035573,一萬到十萬,319.929945
29.0,4.95216751,0.015178191,大於百萬,104.902368
70.0,20.74153565,4.51238522,十萬到百萬,243.500816
75.0,26.07350953,3.421472642,大於百萬,269.936573
86.0,30.72875275,3.691274704,大於百萬,307.29776
57.0,17.94192007,3.090308169,十萬到百萬,204.046137
55.0,10.56917499,2.990738288,十萬到百萬,194.997446
58.0,16.77650201,0.471002112,小於一萬,210.880927
36.0,7.73476976,1.820901371,一萬到十萬,124.762121
81.0,34.258988,2.933485172,十萬到百萬,286.823796
77.0,28.84546272,2.077203913,小於一萬,277.7545
33.0,6.30806552,2.636176178,大於百萬,117.174968
20.0,7.92425546,1.392122965,十萬到百萬,72.906784
64.0,10.70299962,2.756141184,大於百萬,231.734871
98.0,31.2897755,4.623306125,小於一萬,343.940086
85.0,29.38321484,5.319155045,大於百萬,301.004573
31.0,9.84754954,0.553308611,一萬到十萬,109.553769
36.0,9.4306531,1.800419039,十萬到百萬,126.681349
12.0,7.75945537,3.181063753,十萬到百萬,44.338811
23.0,12.15512676,2.918798045,大於百萬,85.092944
25.0,10.25499766,1.748859254,一萬到十萬,93.466903
27.0,8.15878362,1.846245517,大於百萬,100.277108
73.0,30.78177788,4.857009064,十萬到百萬,262.51009
74.0,24.62362561,5.521459055,一萬到十萬,271.36513
61.0,24.68551263,5.22238047,大於百萬,218.98608
58.0,28.44384156,6.105705139,小於一萬,203.165567
68.0,20.64660662,2.092461411,小於一萬,242.036584
95.0,36.20915318,6.000879589,十萬到百萬,341.25218
51.0,30.89320729,7.389871572,一萬到十萬,175.989031
65.0,18.47026586,3.450908225,大於百萬,230.445232
19.0,2.50188917,2.17074948,大於百萬,69.732518
25.0,1.2471916,1.757639591,十萬到百萬,90.042686
74.0,26.87738758,3.516430061,一萬到十萬,265.139424
95.0,22.10773802,0.785405303,一萬到十萬,344.851901
24.0,6.37185212,1.305288031,小於一萬,84.808892
92.0,33.29585958,1.229454172,大於百萬,327.653644
99.0,28.18236541,4.826003841,十萬到百萬,353.003223
25.0,9.97395751,0.673025333,十萬到百萬,87.251686
100.0,34.36913284,5.77397264,十萬到百萬,358.897563
29.0,14.54674449,1.244351752,小於一萬,101.040512
58.0,22.8094174,6.16708512,小於一萬,198.915842
73.0,31.3271272,10.26055357,小於一萬,259.859083
37.0,16.85298144,3.91916677,小於一萬,130.676236
95.0,25.72170247,3.653918832,一萬到十萬,338.726565
42.0,6.18014618,1.886427524,一萬到十萬,145.265807
11.0,10.43493748,3.021098715,一萬到十萬,39.056706
35.0,9.49745576,2.826741899,大於百萬,124.306434
38.0,21.82640897,2.802768211,小於一萬,132.726946
43.0,8.57386453,3.298362157,一萬到十萬,156.953752
25.0,15.28573168,0.430381993,一萬到十萬,88.88779
32.0,10.57992982,0.064459595,十萬到百萬,117.020716
94.0,30.40243066,5.207841441,一萬到十萬,336.168091
79.0,27.50669513,7.241425458,大於百萬,285.480048
99.0,30.57840248,3.043517305,小於一萬,347.159086
56.0,20.89599208,2.781968992,一萬到十萬,199.55666
29.0,8.50371055,3.662492615,大於百萬,101.746125
37.0,9.85948603,2.897944304,十萬到百萬,132.98573
49.0,17.08679602,1.73819839,一萬到十萬,173.623854
15.0,4.49022906,3.840346443,大於百萬,56.725566
91.0,22.27671374,3.290079821,十萬到百萬,322.667765
16.0,1.57524044,2.036787105,一萬到十萬,59.084809
73.0,22.86737608,0.968984226,小於一萬,261.090882
88.0,34.39190309,5.058448106,大於百萬,307.980771
28.0,17.01736977,3.049292563,一萬到十萬,98.527683
63.0,20.23650027,4.367758728,大於百萬,230.124348
78.0,23.93088014,3.943732847,十萬到百萬,275.098805
88.0,29.88066383,3.144183213,十萬到百萬,314.205032
76.0,26.01264783,6.850737344,一萬到十萬,273.706303
21.0,12.14047899,2.424122986,十萬到百萬,75.12891
79.0,27.41497388,2.039587033,十萬到百萬,277.977898
20.0,4.2184796,2.092680162,一萬到十萬,68.123635
16.0,1.34291103,2.244921251,十萬到百萬,55.677691
89.0,25.80629941,0.788523459,大於百萬,316.709449
60.0,22.51866848,8.211918044,大於百萬,208.827418
78.0,20.850507,0.903613579,小於一萬,279.687174
13.0,4.2172924,0.15064496,小於一萬,46.757658
25.0,4.09728668,2.29020686,十萬到百萬,89.305484
79.0,33.69096007,7.889353903,一萬到十萬,279.691829
15.0,12.09400595,1.192826643,十萬到百萬,54.927691
96.0,33.01778056,5.625786859,十萬到百萬,338.796999
64.0,23.08148805,3.056298128,大於百萬,219.568184
74.0,29.20318144,5.343637998,十萬到百萬,265.6949
29.0,11.39467134,2.510669081,小於一萬,102.958204
74.0,23.05922246,7.068861538,十萬到百萬,264.459883
66.0,12.05703979,3.722753612,大於百萬,236.756793
16.0,3.6393068,2.077946459,小於一萬,54.31874
44.0,17.26939778,4.424545391,一萬到十萬,158.572071
71.0,24.04424273,3.088346775,十萬到百萬,247.780599
76.0,32.6687401,6.549804387,一萬到十萬,269.031401
41.0,20.37854572,3.688392213,十萬到百萬,145.408254
65.0,23.20506523,2.070453608,小於一萬,229.998704
43.0,11.65183738,3.36668963,一萬到十萬,145.418657
80.0,31.5992473,5.409547295,十萬到百萬,280.21364
99.0,36.72156196,7.917322224,小於一萬,352.930114
23.0,9.02457746,3.276219428,十萬到百萬,85.9399
31.0,5.38164053,0.013626625,一萬到十萬,102.583567
15.0,2.52496519,4.075476124,十萬到百萬,54.682862
87.0,34.6902751,5.616502273,一萬到十萬,305.713579
42.0,20.92321366,3.35024021,十萬到百萬,154.549281
47.0,18.04699408,1.401191326,大於百萬,170.993524
77.0,16.07402028,2.696286698,小於一萬,274.931854
67.0,23.6283028,4.805357168,十萬到百萬,235.920429
47.0,16.93952644,2.858758675,小於一萬,166.948469
58.0,20.50407599,3.431358073,十萬到百萬,208.959211
100.0,38.47062883,5.793620023,大於百萬,358.350539
34.0,16.85678293,3.886005263,十萬到百萬,118.916384
26.0,4.94950752,0.508675133,大於百萬,94.428763
34.0,10.64010399,0.805867329,一萬到十萬,116.151319
58.0,9.56012546,1.010489382,一萬到十萬,206.40833
56.0,22.65913506,0.484667648,十萬到百萬,201.976446
64.0,22.1945826,3.116904294,大於百萬,228.638818
30.0,10.30888202,1.221518819,大於百萬,106.471535
90.0,24.509163,5.201518953,小於一萬,324.39317
44.0,16.48492471,1.282186653,一萬到十萬,157.005888
87.0,36.12613503,6.662022421,一萬到十萬,311.743669
55.0,17.46309474,4.0178371,小於一萬,202.977997
42.0,12.81137191,2.234517357,十萬到百萬,150.52884
70.0,29.74677107,4.842879655,小於一萬,245.158013
33.0,18.44134045,2.713985708,小於一萬,118.346405
81.0,31.38218949,7.024130677,大於百萬,293.303314
48.0,12.10869182,0.745238723,大於百萬,172.731188
18.0,0.0262955,2.08232788,一萬到十萬,62.970889
22.0,11.34566071,0.030706718,十萬到百萬,79.614163
83.0,33.36304269,2.612161332,十萬到百萬,300.045854
40.0,15.16117672,1.608331687,小於一萬,141.627955
17.0,6.93395811,1.745695372,大於百萬,60.641358
25.0,5.71731407,0.126471551,一萬到十萬,91.032155
44.0,11.90949864,3.863594664,十萬到百萬,152.220027
26.0,17.83664974,5.109696734,一萬到十萬,91.751214
39.0,5.04461794,2.012805814,大於百萬,138.856211
92.0,36.90254427,7.630973429,小於一萬,326.229641
54.0,25.98585962,5.632778725,大於百萬,192.52049
10.0,2.29681822,0.334893148,十萬到百萬,40.5191
37.0,4.53936338,0.807812497,十萬到百萬,128.110496
71.0,20.61068542,6.54557309,小於一萬,249.101916
80.0,24.74200406,1.469919578,十萬到百萬,284.173001
93.0,34.79511805,4.269074383,小於一萬,326.434448
98.0,30.37795016,3.96458204,一萬到十萬,351.383619
97.0,34.78643691,5.168134754,一萬到十萬,344.029587
39.0,21.55430149,3.285517042,一萬到十萬,145.708603
49.0,16.93806801,0.071734979,大於百萬,175.946477
34.0,15.85130193,2.468160476,大於百萬,130.342015
80.0,24.00926522,0.277916714,大於百萬,288.660555
80.0,23.68899056,8.226684392,一萬到十萬,285.243836
92.0,16.70376892,1.888403291,大於百萬,325.513711
30.0,7.37734834,4.990927845,大於百萬,106.483048
67.0,20.08171295,0.884518198,大於百萬,233.085007
64.0,19.21061664,3.087815141,大於百萬,221.731674
57.0,16.7999394,2.953104068,小於一萬,205.670295
51.0,24.00692574,4.152022007,小於一萬,183.327735
54.0,15.39714942,2.588692921,小於一萬,192.963887
47.0,14.59516994,0.573235814,小於一萬,162.147954
13.0,0.74771832,1.912693178,大於百萬,45.757233
44.0,26.10580982,5.549674314,一萬到十萬,157.918206
16.0,10.32754546,1.40656398,一萬到十萬,57.409854
40.0,5.90377111,3.454079966,小於一萬,139.460097
63.0,17.9879371,3.817063176,一萬到十萬,222.909624
72.0,23.69108173,1.627593518,十萬到百萬,253.269916
41.0,7.12522332,1.156608183,十萬到百萬,148.225763
72.0,18.55239266,4.52416234,大於百萬,254.800892
73.0,23.66456112,7.655588185,一萬到十萬,253.763419
40.0,12.03495904,1.471282913,一萬到十萬,139.441963
67.0,16.09668684,1.386043169,大於百萬,238.720366
29.0,8.71494256,0.956601942,大於百萬,100.28651
99.0,41.46858112,7.520477072,大於百萬,357.133617
60.0,17.74524356,5.489125047,十萬到百萬,214.115303
99.0,37.12787724,3.057987485,大於百萬,354.966422
85.0,31.79693826,2.16250238,十萬到百萬,303.397391
79.0,30.0181942,4.184199312,一萬到十萬,283.59439
83.0,27.4575452,5.358948693,一萬到十萬,293.831485
43.0,8.87139897,3.545252188,大於百萬,154.022656
34.0,5.49137695,2.357565194,小於一萬,119.105297
88.0,21.33298526,8.327309347,一萬到十萬,318.417588
97.0,35.7618836,7.309638816,大於百萬,347.323308
21.0,3.10835967,1.361972659,十萬到百萬,73.428382
15.0,7.88821085,3.998362072,大於百萬,53.544008
64.0,19.5644649,5.795215035,大於百萬,224.426733
97.0,28.37534439,6.324932659,大於百萬,348.546466
14.0,1.30456,2.523884417,十萬到百萬,49.646021
13.0,4.78249524,1.413944986,一萬到十萬,46.90198
88.0,34.00584879,5.99737,十萬到百萬,312.10703
38.0,10.73453527,0.51088457,小於一萬,136.590284
62.0,17.79116447,0.878425861,小於一萬,216.139095
31.0,16.8762305,1.04950058,大於百萬,108.852312
66.0,22.33069931,4.741691262,大於百萬,236.081497
75.0,31.22615523,4.872158084,十萬到百萬,262.648763
20.0,12.30120609,1.12340663,十萬到百萬,75.221267
41.0,17.41067699,3.407154022,十萬到百萬,146.081465
81.0,36.01062277,9.307983043,一萬到十萬,291.87025
54.0,24.36575611,5.020143563,大於百萬,194.531264
85.0,36.0777564,11.40362504,大於百萬,304.970626
43.0,22.95583839,3.316618583,一萬到十萬,153.538323
90.0,23.85096981,1.784880296,大於百萬,319.635864
58.0,21.746656,4.451849392,小於一萬,210.22387
66.0,22.46543434,0.283374568,十萬到百萬,236.17191
10.0,10.30266681,2.397550882,大於百萬,37.156339
99.0,36.02417394,4.288754978,大於百萬,355.807121
84.0,25.52112396,6.982196583,一萬到十萬,303.941789
73.0,17.20243034,5.265145607,十萬到百萬,263.007957
34.0,18.30838926,4.750979211,小於一萬,118.293364
46.0,19.57509597,4.310967846,大於百萬,162.378717
96.0,34.65952748,2.733309859,大於百萬,342.498394
37.0,5.58048769,4.347285454,大於百萬,134.445973
12.0,0.68347611,0.765877712,一萬到十萬,43.579117
26.0,5.77065366,0.878954101,一萬到十萬,93.033418
30.0,0.55936414,0.865257524,大於百萬,104.014127
49.0,13.38629377,0.812175296,十萬到百萬,171.445303
43.0,15.62476383,5.683331226,小於一萬,155.612439
12.0,3.56766071,3.558311365,小於一萬,40.792195
20.0,3.31555073,0.424423006,一萬到十萬,71.754233
26.0,10.72282034,2.627919227,大於百萬,90.790286
89.0,36.89091987,10.29764311,小於一萬,317.866489
63.0,20.70580331,3.522060728,大於百萬,223.249705
90.0,32.03602195,2.232688226,小於一萬,316.371238
81.0,32.00621358,5.572236777,小於一萬,287.960938
84.0,29.28103583,4.182346523,一萬到十萬,300.753933
80.0,19.32978829,2.659791544,大於百萬,286.724148
23.0,14.39672785,3.09997532,十萬到百萬,84.302398
98.0,34.03836813,3.568004941,小於一萬,349.208986
86.0,25.10445361,6.322648609,小於一萬,306.810714
48.0,10.37404092,2.612899858,一萬到十萬,166.200348
95.0,39.3614212,6.182300153,大於百萬,342.778792
38.0,7.90877423,0.143314224,一萬到十萬,139.505306
19.0,1.49019226,1.485684144,一萬到十萬,66.3938
92.0,32.31705024,4.646319634,小於一萬,328.326134
92.0,34.42143164,8.177003715,一萬到十萬,326.096435
30.0,11.87771692,0.521646686,小於一萬,105.540287
47.0,17.74772264,5.058791336,大於百萬,164.74763
37.0,14.82608899,5.056452865,十萬到百萬,133.966501
91.0,24.70800033,1.160337309,一萬到十萬,324.160944
75.0,22.15841736,2.535527683,十萬到百萬,263.507942
69.0,24.57404491,8.260131069,大於百萬,246.967186
18.0,6.77055829,0.753333515,大於百萬,69.647083
71.0,9.96078391,0.563444389,十萬到百萬,255.847937
18.0,6.17535918,1.206347827,大於百萬,64.055348
21.0,9.72608837,0.863382785,小於一萬,75.9278
94.0,31.26698648,5.332790413,十萬到百萬,339.190205
69.0,22.44665475,6.654602404,十萬到百萬,243.814402
74.0,22.67029057,4.618754518,小於一萬,261.234144
50.0,17.478614,6.264962348,一萬到十萬,173.853692
70.0,24.70391519,5.052822575,十萬到百萬,253.938774
89.0,31.77088669,5.88922997,大於百萬,316.269759
36.0,12.46065694,1.91697969,小於一萬,130.308934
97.0,31.59758582,6.09616703,大於百萬,345.600241
52.0,18.15994431,0.318088036,十萬到百萬,182.929604
89.0,38.20357545,6.574378925,十萬到百萬,316.573483
66.0,14.56091329,6.555528147,小於一萬,234.684894
44.0,19.00284737,4.362036251,十萬到百萬,154.23303
28.0,11.74288588,1.545790536,小於一萬,108.654241
97.0,32.81499473,6.469135436,十萬到百萬,347.146006
36.0,10.79687452,3.619462671,一萬到十萬,125.54135
37.0,17.592606,2.569460824,大於百萬,130.268632
97.0,34.46795513,4.088163909,小於一萬,347.589133
59.0,11.79531244,5.28554619,大於百萬,208.859421
27.0,10.33353047,1.130122514,大於百萬,97.612363
54.0,9.67417441,1.365669378,一萬到十萬,191.159559
69.0,21.53031815,0.808431096,大於百萬,244.359392
39.0,19.59319699,1.603298206,一萬到十萬,143.127537
26.0,9.17504722,0.906720708,一萬到十萬,92.184239
22.0,9.6166845,4.067506017,小於一萬,76.627264
48.0,25.37723103,3.997027881,一萬到十萬,172.885459
86.0,23.39740195,3.27863247,大於百萬,307.629318
48.0,18.08395137,3.041877866,一萬到十萬,174.728138
50.0,22.22292707,3.600054733,小於一萬,174.892767
62.0,13.25095926,2.680226827,小於一萬,218.173142
41.0,7.27507175,3.573620196,小於一萬,143.384489
44.0,20.73054448,7.469616948,一萬到十萬,157.790292
21.0,15.77276268,1.943856468,小於一萬,70.434341
21.0,7.7717266,2.075967643,一萬到十萬,73.395802
17.0,10.62493206,5.604877885,十萬到百萬,62.500502
43.0,17.79694208,3.052953409,大於百萬,153.801743
97.0,34.85516799,8.128920858,大於百萬,349.278669
59.0,22.19699053,4.710262205,十萬到百萬,210.844349
73.0,31.85438735,5.430961826,十萬到百萬,260.141048
59.0,24.00006894,2.348452517,小於一萬,210.731896
96.0,34.09118325,6.356479674,小於一萬,342.198386
79.0,26.74288882,4.026507794,小於一萬,285.68388
55.0,20.873105,2.839873992,十萬到百萬,193.900068
65.0,28.94536709,3.995953974,十萬到百萬,235.603326
41.0,18.82047294,2.036738638,一萬到十萬,146.048646
95.0,30.89825295,4.79585416,大於百萬,340.178768
26.0,10.27052279,1.711637177,十萬到百萬,96.788636
83.0,31.8388312,3.84892856,一萬到十萬,292.024707
88.0,25.62127221,4.608967452,十萬到百萬,312.559541
82.0,27.64758545,5.611221835,大於百萬,294.952415
39.0,11.06056355,3.690414895,一萬到十萬,140.389857
11.0,5.58432378,0.170465605,十萬到百萬,39.212977
66.0,18.4512205,5.734660378,大於百萬,237.635754
15.0,0.38803955,1.104823047,大於百萬,52.038374
76.0,23.59569776,4.519114653,一萬到十萬,267.740284
92.0,34.75861536,3.828845154,小於一萬,325.056864
34.0,5.161887,0.592363282,大於百萬,126.028224
72.0,20.22131618,6.062822259,大於百萬,252.705946
56.0,14.70641376,3.98567555,一萬到十萬,200.002557
35.0,14.77655678,3.728001083,小於一萬,121.317404
75.0,19.52474885,2.011565642,一萬到十萬,272.412773
74.0,28.1170026,5.894168882,一萬到十萬,260.181049
28.0,10.93200857,1.867646115,小於一萬,97.200553
28.0,15.98710355,0.831085792,十萬到百萬,95.672041
11.0,3.78189122,1.888196109,小於一萬,41.637499
26.0,0.20563954,3.980317771,十萬到百萬,90.037708
96.0,23.98104459,1.166863302,十萬到百萬,344.863012
38.0,18.43696066,2.419836853,大於百萬,140.531193
33.0,23.17995162,4.492850796,大於百萬,120.655294
15.0,17.87852819,6.684451448,大於百萬,50.735599
45.0,19.26995186,2.34568982,一萬到十萬,154.823653
97.0,25.47353261,1.533320645,小於一萬,343.673375
32.0,10.36859883,2.023882836,十萬到百萬,111.453157
46.0,17.79013454,4.117631989,一萬到十萬,168.036539
54.0,20.11177512,3.804180277,一萬到十萬,194.129171
52.0,19.40080063,5.766919399,十萬到百萬,189.981886
18.0,12.09442343,0.487387374,大於百萬,64.207093
71.0,29.26880589,4.327218673,一萬到十萬,254.9615
85.0,32.11478337,6.307491644,小於一萬,304.55592
58.0,18.8625911,7.744558511,大於百萬,207.635847
79.0,23.67214647,2.209946727,一萬到十萬,283.430212
72.0,29.40183996,0.883780673,一萬到十萬,255.282903
33.0,13.27208767,5.465264124,大於百萬,117.047403
63.0,11.20427955,1.845740304,十萬到百萬,222.135012
81.0,30.66125373,7.211115245,一萬到十萬,291.143557
83.0,26.01949395,4.824377926,小於一萬,295.053625
60.0,21.43888957,3.147751404,小於一萬,212.169119
72.0,17.91038389,1.864167533,一萬到十萬,255.419902
61.0,22.40469773,6.194422557,十萬到百萬,218.13099
49.0,18.60629352,5.167471593,小於一萬,175.539135
80.0,26.19652482,5.181134485,十萬到百萬,286.77011
22.0,16.10246464,4.881430652,十萬到百萬,74.814596
68.0,26.99061065,2.552594587,大於百萬,238.337812
83.0,32.83596609,5.757350405,小於一萬,293.303188
87.0,34.53602104,4.63217989,十萬到百萬,303.698983
46.0,15.57567824,3.61510014,小於一萬,168.71568
65.0,23.25107396,2.460484219,一萬到十萬,232.107967
78.0,30.95151095,6.412862561,小於一萬,279.665089
47.0,17.54913506,3.5932496,小於一萬,166.124099
52.0,25.43144364,4.58797385,一萬到十萬,185.73417
72.0,19.4392213,2.993106463,十萬到百萬,256.142634
57.0,16.68509976,0.667511487,十萬到百萬,201.081135
88.0,20.58313089,3.181661603,大於百萬,312.271323
35.0,3.23107669,0.850271175,小於一萬,127.37993
91.0,25.04555745,6.109369688,大於百萬,322.100496
70.0,25.1423791,3.418215318,小於一萬,248.981991
22.0,8.78146848,5.393660696,十萬到百萬,76.399335
72.0,20.74214379,4.946222913,一萬到十萬,256.773158
20.0,12.92065658,1.865530074,小於一萬,72.346268
41.0,9.63276633,3.042221761,大於百萬,146.946553
37.0,15.55091019,0.381845418,小於一萬,130.38413
11.0,7.22835441,5.250181854,一萬到十萬,46.529697
33.0,14.21518214,2.005887022,一萬到十萬,122.204899
55.0,21.06207556,3.82003968,一萬到十萬,193.609573
72.0,24.32547288,3.671370321,小於一萬,259.992715
58.0,20.79986713,4.461833955,小於一萬,209.194538
46.0,9.02087806,1.983441738,一萬到十萬,162.278748
36.0,21.64067045,4.667504418,十萬到百萬,128.1336
75.0,23.68041523,3.618129755,一萬到十萬,266.369034
61.0,19.81327192,0.733182064,十萬到百萬,217.339951
73.0,20.36512667,4.010355503,小於一萬,259.577262
43.0,6.89825317,0.646096057,小於一萬,154.399113
61.0,20.78954416,2.473938172,大於百萬,225.822151
22.0,0.86128694,0.129393639,十萬到百萬,76.142812
50.0,17.54113274,4.515252989,小於一萬,180.186983
41.0,11.74088996,1.639608836,十萬到百萬,144.565709
93.0,32.52159528,6.428194995,一萬到十萬,326.653001
19.0,11.43205585,3.113767187,十萬到百萬,63.006135
79.0,27.88320654,7.467941688,小於一萬,282.748098
11.0,2.60812652,2.573891358,一萬到十萬,42.183146
100.0,33.56740156,6.740516964,大於百萬,353.622053
93.0,25.98992347,4.655323383,大於百萬,333.319843
26.0,15.96243391,3.251310532,十萬到百萬,94.263381
19.0,11.41121511,1.302072125,大於百萬,66.219697
34.0,6.50850047,0.278443512,大於百萬,121.029771
30.0,14.83026662,1.166411428,大於百萬,102.24421
68.0,23.84490026,1.673252591,小於一萬,244.028466
36.0,14.41288029,3.113926336,十萬到百萬,129.825378
65.0,16.42661311,4.59993881,小於一萬,235.132597
99.0,30.30840623,7.342506617,小於一萬,351.042619
67.0,22.27987654,2.004705935,小於一萬,241.656806
92.0,26.86626542,5.435402212,一萬到十萬,328.443794
27.0,6.49132367,1.109301779,大於百萬,90.575696
100.0,33.3317102,6.057539518,大於百萬,355.893482
36.0,14.75867975,0.807413059,一萬到十萬,125.073686
63.0,26.40015451,1.373655412,小於一萬,223.298866
31.0,6.16874096,1.04364922,小於一萬,112.719639
40.0,9.10042914,2.705529895,大於百萬,147.593573
79.0,37.37903665,4.767527236,大於百萬,281.114792
54.0,26.07759747,3.808178699,大於百萬,188.723202
99.0,29.46090412,3.652058045,小於一萬,352.688661
17.0,8.79729142,2.409158219,大於百萬,61.219108
26.0,9.72454319,0.926883355,大於百萬,96.75763
96.0,22.45101738,1.115810985,小於一萬,344.9342
57.0,18.17476033,2.498876616,十萬到百萬,199.278153
31.0,12.22596591,0.397207276,大於百萬,111.143106
13.0,1.17841623,6.490106168,十萬到百萬,49.107787
46.0,14.39237842,1.240397092,一萬到十萬,162.900145
33.0,21.08177132,1.295927415,小於一萬,120.632259
89.0,25.89509413,2.400939144,小於一萬,315.479054
24.0,14.68411591,0.975862762,一萬到十萬,87.86503
55.0,20.84266334,3.351639207,十萬到百萬,189.967024
36.0,7.08395957,1.081620709,小於一萬,124.133206
72.0,25.6542875,6.396459843,十萬到百萬,250.666944
45.0,15.53732896,0.125813206,十萬到百萬,157.687298
94.0,47.11629339,9.322957802,一萬到十萬,336.59342
85.0,30.20696161,8.387590266,大於百萬,297.840692
28.0,10.05191293,3.716741602,大於百萬,97.243639
18.0,4.32467821,1.383422123,十萬到百萬,60.913775
94.0,27.44276637,2.375615308,一萬到十萬,336.004897
64.0,22.85908473,7.595223422,一萬到十萬,226.727492
72.0,15.43129391,3.006825317,大於百萬,258.028842
62.0,24.17106528,6.347881927,小於一萬,217.364647
98.0,34.89357897,6.591226551,小於一萬,352.318678
24.0,4.01431314,1.258968767,大於百萬,91.496569
49.0,20.26585723,3.446132597,一萬到十萬,171.856668
44.0,0.13241791,0.091141363,十萬到百萬,155.79684
89.0,31.55684861,6.639293117,一萬到十萬,316.176936
48.0,14.81567322,2.458459238,小於一萬,170.110494
90.0,30.45987894,6.350355454,十萬到百萬,315.179205
88.0,28.32811978,2.4669255,小於一萬,313.048267
10.0,0.68874934,0.982755686,十萬到百萬,33.459886
61.0,19.56867636,4.721144433,一萬到十萬,214.050518
23.0,1.11993345,2.024287502,一萬到十萬,84.370022
17.0,0.10355512,0.469527665,小於一萬,61.355648
55.0,20.48868764,5.290458667,十萬到百萬,202.354758
59.0,15.29205006,3.340436207,大於百萬,208.274452
25.0,5.57378321,0.880543705,小於一萬,85.23427
72.0,26.13477794,2.501086045,十萬到百萬,258.432261
67.0,12.84948587,3.413281045,十萬到百萬,237.559992
10.0,4.95223344,2.039853759,大於百萬,37.942483
84.0,24.59918411,4.602429717,大於百萬,298.581172
93.0,27.81154194,4.878628858,大於百萬,330.073723
86.0,29.91962703,6.312902998,十萬到百萬,303.609646
64.0,14.49372202,0.737132129,一萬到十萬,228.67055
18.0,11.9832318,1.622753899,大於百萬,60.986897
11.0,4.95200239,7.309016168,大於百萬,40.141054
33.0,10.89567751,2.858010734,小於一萬,121.326912
71.0,28.98931813,4.510760387,小於一萬,250.151755
55.0,15.39492963,4.813227646,十萬到百萬,196.718714
46.0,18.90404688,3.609313091,小於一萬,161.587336
31.0,8.27586939,2.131422502,大於百萬,112.19288
18.0,11.60578187,1.587599101,一萬到十萬,63.090859
94.0,29.34460985,3.436481014,十萬到百萬,336.372616
52.0,15.70165246,3.943078855,大於百萬,184.883206
63.0,23.23704807,5.816140203,一萬到十萬,224.507506
80.0,26.45466629,7.956071282,小於一萬,279.18027
69.0,18.66741369,4.807658808,十萬到百萬,246.282833
36.0,11.45063644,0.383865663,十萬到百萬,126.635764
59.0,21.49268803,1.530348612,大於百萬,205.684797
16.0,2.2842643,1.365836702,十萬到百萬,59.338415
42.0,23.23917706,3.820399478,小於一萬,147.226375
96.0,33.16691487,4.802682588,十萬到百萬,345.054354
12.0,2.68997309,1.873918167,十萬到百萬,46.74453
22.0,0.21538063,2.2912306,大於百萬,77.995218
52.0,20.59744192,5.687517289,十萬到百萬,183.612001
74.0,22.32464234,4.001166429,大於百萬,266.362757
58.0,21.59094563,5.880669368,小於一萬,208.740327
17.0,5.16633181,0.210617998,小於一萬,56.370268
84.0,28.27780956,3.840343724,小於一萬,299.021988
46.0,8.76392038,8.357128383,一萬到十萬,163.66707
85.0,28.20271003,7.586978644,大於百萬,300.021922
49.0,10.55474179,0.342502633,大於百萬,178.562485
78.0,21.17355108,1.521428549,小於一萬,279.841784
10.0,0.85880991,3.621606085,十萬到百萬,36.882298
18.0,12.96311522,0.910273486,大於百萬,66.708868
63.0,24.99845725,5.37051983,一萬到十萬,227.597367
79.0,28.54447728,4.952881046,小於一萬,277.361873
46.0,14.71086338,0.961338138,十萬到百萬,166.264936
67.0,18.3929601,1.625678012,一萬到十萬,235.576529
48.0,15.83963977,5.286098271,十萬到百萬,170.448633
71.0,17.14796237,3.407461351,大於百萬,255.971629
28.0,4.14097391,2.501202365,大於百萬,97.136873
28.0,20.1486607,3.254181348,一萬到十萬,100.747249
88.0,33.12247008,10.45510884,小於一萬,313.341447
20.0,11.47823414,0.69576991,小於一萬,74.531857
95.0,24.08392299,3.537059462,一萬到十萬,338.297341
61.0,26.14881955,1.866911198,小於一萬,219.078354
57.0,19.8795092,8.274529348,一萬到十萬,201.425138
62.0,27.34392422,1.912193777,十萬到百萬,221.540725
63.0,23.04076574,5.078547759,一萬到十萬,225.409374
10.0,7.93148844,5.022012056,小於一萬,34.771548
39.0,5.90696728,3.5879983,十萬到百萬,140.024739
45.0,7.11657568,2.3036211,大於百萬,162.059735
67.0,14.96789081,0.99267693,小於一萬,235.79587
95.0,26.64284202,6.894241261,大於百萬,339.902103
90.0,29.30928806,2.974964668,一萬到十萬,314.811725
79.0,20.6830343,2.820506276,大於百萬,281.410415
40.0,18.00291183,3.036473483,十萬到百萬,142.333126
95.0,31.0557159,6.758467165,十萬到百萬,340.623359
73.0,24.18800586,5.899739191,小於一萬,264.221833
86.0,34.12647526,6.036185407,一萬到十萬,304.719936
28.0,5.93053826,0.861035978,大於百萬,103.162832
91.0,27.85349299,7.912248122,大於百萬,327.304958
66.0,32.8621864,8.186191406,十萬到百萬,238.068832
74.0,20.71704181,3.564433801,小於一萬,263.529844
58.0,21.45827878,4.237901938,大於百萬,202.234854
34.0,6.79598563,5.336991084,大於百萬,123.303447
33.0,11.50253176,2.911123858,一萬到十萬,114.15441
93.0,23.77163648,3.688207002,小於一萬,334.871743
67.0,10.44756548,2.178328312,十萬到百萬,236.9799
39.0,18.17030662,4.848508766,小於一萬,133.424719
57.0,21.66626693,11.53462604,十萬到百萬,200.805601
32.0,8.07237561,3.938810437,小於一萬,108.533578
61.0,9.57418931,1.846560373,小於一萬,215.911723
80.0,24.29031744,7.600781837,小於一萬,281.176513
94.0,34.15861088,5.82074361,一萬到十萬,330.640837
86.0,24.11731486,7.885150229,一萬到十萬,297.417984
87.0,28.93984477,4.558251395,一萬到十萬,309.115983
45.0,14.76514666,4.973730489,十萬到百萬,159.811595
64.0,20.71221941,5.464031097,小於一萬,228.432597
72.0,26.93997283,2.332437144,大於百萬,257.180458
85.0,25.24181707,5.969538042,小於一萬,296.2486
46.0,20.35389675,3.989674716,大於百萬,165.840805
63.0,20.91620696,4.093511379,十萬到百萬,218.830545
11.0,1.8773611,1.31866338,一萬到十萬,36.971817
26.0,7.20291348,1.408307077,一萬到十萬,89.790288
43.0,15.50500023,2.07810808,大於百萬,149.163019
15.0,3.51806964,2.293790324,一萬到十萬,55.261284
54.0,24.93457064,2.991638586,一萬到十萬,193.059915
98.0,26.1898417,0.681756659,十萬到百萬,345.962898
66.0,21.37608291,4.584668421,一萬到十萬,236.574479
29.0,18.18480338,1.570359462,大於百萬,102.533431
85.0,24.74836655,2.607544268,一萬到十萬,306.420672
75.0,29.24105443,3.969112218,一萬到十萬,266.465681
35.0,13.462027,1.42884286,小於一萬,119.121765
46.0,18.54842127,2.45558294,小於一萬,164.756203
89.0,26.11806108,4.020019107,小於一萬,320.588295
97.0,39.72720142,5.700071103,一萬到十萬,345.400242
73.0,18.81071051,3.011655016,大於百萬,262.496247
75.0,26.68858037,7.527451339,小於一萬,267.600764
84.0,29.65912031,5.892874671,小於一萬,300.33184
80.0,30.28224548,7.438100621,大於百萬,283.281154
21.0,5.7779966,0.342541946,十萬到百萬,66.496644
23.0,5.93991405,0.572550121,大於百萬,80.295304
47.0,25.46799432,2.998558134,一萬到十萬,163.205761
53.0,17.7104836,0.670137979,小於一萬,185.03303
21.0,7.57823006,1.031606867,小於一萬,76.599218
48.0,14.96439256,0.029690363,十萬到百萬,172.705138
75.0,27.70803536,2.231371578,大於百萬,266.914038
26.0,12.78850362,3.01349173,一萬到十萬,97.744364
70.0,21.05815129,5.146705872,大於百萬,249.811466
65.0,23.57866143,2.856656795,十萬到百萬,232.555023
39.0,9.4487122,0.656320737,小於一萬,133.390314
85.0,31.35910881,3.82809637,十萬到百萬,304.456871
60.0,19.44251219,3.36149892,小於一萬,207.624182
36.0,16.58347729,0.710402473,十萬到百萬,128.750082
84.0,27.93352343,3.978525877,大於百萬,300.567831
87.0,32.39081231,2.967629819,小於一萬,310.988319
100.0,26.45201531,3.438501994,小於一萬,353.747011
89.0,30.51487365,9.431987087,大於百萬,314.25191
18.0,10.73061151,0.827735972,十萬到百萬,67.580622
23.0,11.3262451,1.308263234,十萬到百萬,80.977606
80.0,25.7239637,4.586275674,十萬到百萬,283.975969
58.0,19.31265786,7.152376619,大於百萬,205.850161
28.0,10.76096294,0.627232382,一萬到十萬,98.360754
19.0,8.37528056,2.664241648,一萬到十萬,67.43855
11.0,3.63493091,1.388209091,大於百萬,41.02131
67.0,21.66430854,4.774567506,一萬到十萬,239.800736
13.0,0.43112782,2.229423022,十萬到百萬,48.280582
87.0,29.35332175,6.940423544,大於百萬,303.594157
70.0,25.22857993,1.980812384,十萬到百萬,251.403637
41.0,9.14421053,0.180242273,十萬到百萬,152.713898
59.0,16.64673559,6.234787461,十萬到百萬,210.121506
23.0,10.69072552,3.635755458,小於一萬,84.807772
60.0,15.52766221,2.055274228,大於百萬,210.905168
81.0,35.74400862,8.48557931,十萬到百萬,290.199183
46.0,17.94687212,1.643429846,一萬到十萬,158.667916
26.0,13.89189629,2.39359741,一萬到十萬,90.677917
96.0,36.92625445,8.933148973,一萬到十萬,336.436557
37.0,14.42898333,0.246283393,大於百萬,131.29209
50.0,12.39492222,0.742938135,十萬到百萬,176.928108
60.0,17.22084922,5.41143896,十萬到百萬,216.66824
88.0,31.02302738,7.352545034,大於百萬,318.149536
66.0,21.83513317,6.269988283,十萬到百萬,232.622238
32.0,16.97849321,3.037709099,十萬到百萬,119.223482
12.0,2.5953162,0.334169058,十萬到百萬,44.023568
96.0,33.28958396,6.573732291,一萬到十萬,342.952628
25.0,5.43815945,0.017011212,小於一萬,88.434218
28.0,5.31370647,2.473598787,小於一萬,91.497529
87.0,36.25456287,5.905905777,大於百萬,311.208387
51.0,20.1474308,4.116821554,小於一萬,178.593573
55.0,24.07212451,5.369232218,大於百萬,194.559074
50.0,18.90277978,0.953107406,大於百萬,180.32986
26.0,6.43690001,1.163715191,十萬到百萬,94.18914
94.0,33.99373618,5.491583816,小於一萬,334.791421
74.0,22.36140177,2.046320049,小於一萬,271.234816
48.0,5.93177691,0.520852596,十萬到百萬,169.615774
15.0,6.29085817,0.67851384,十萬到百萬,53.729356
73.0,22.37030589,0.171148051,小於一萬,257.672781
67.0,22.05171417,3.380999278,十萬到百萬,240.361592
18.0,8.83812254,2.715304509,小於一萬,66.898806
87.0,26.2868629,1.777654087,小於一萬,307.390096
10.0,7.10984032,0.35804823,大於百萬,35.873783
93.0,26.97803866,6.000294191,小於一萬,327.352632
91.0,25.51282008,5.125009083,十萬到百萬,324.04771
20.0,13.07810577,0.249820404,十萬到百萬,71.480693
27.0,8.35687605,3.829888213,一萬到十萬,97.930253
50.0,9.96047377,0.904872702,一萬到十萬,179.725057
26.0,10.95649923,2.940480542,十萬到百萬,92.132726
99.0,30.66885609,4.401725907,小於一萬,351.421148
34.0,10.9248179,2.761077651,小於一萬,120.448082
43.0,11.96907259,5.149783609,大於百萬,152.097056
73.0,23.16628697,4.273919017,十萬到百萬,257.668112
51.0,23.05943072,4.309633654,一萬到十萬,177.495873
61.0,27.02285841,2.95767597,大於百萬,218.36758
18.0,0.7673828,0.514440496,十萬到百萬,66.723378
55.0,16.935831,6.276924491,十萬到百萬,200.269233
59.0,16.97645374,4.517268013,小於一萬,208.111933
44.0,17.68086233,2.147842325,小於一萬,159.351859
32.0,8.45938731,0.474236007,十萬到百萬,115.552505
66.0,22.15855916,2.197680767,大於百萬,234.328813
42.0,16.05076847,1.614349914,大於百萬,147.555422
84.0,22.47695972,2.357758852,一萬到十萬,295.713565
56.0,20.84734986,4.647692649,十萬到百萬,202.392124
56.0,22.81045197,2.525908541,十萬到百萬,205.4841
33.0,16.58869133,2.016096817,大於百萬,121.086353
21.0,4.01527935,0.073865848,大於百萬,73.514363
82.0,22.66547098,2.926556978,十萬到百萬,291.837195
37.0,7.77045412,1.797070674,一萬到十萬,135.72138
61.0,23.67190912,3.362017203,十萬到百萬,217.368027
43.0,12.32309593,1.312615046,大於百萬,154.699962
94.0,26.87287001,2.585689594,大於百萬,333.048442
79.0,23.51057067,2.188926056,大於百萬,281.578942
59.0,13.0213872,3.264331675,一萬到十萬,211.077773
21.0,9.75038972,4.396804065,大於百萬,74.259115
59.0,18.5906666,1.662433769,一萬到十萬,207.7181
50.0,13.83946774,1.042655278,一萬到十萬,174.479109
59.0,15.35208505,0.201442064,十萬到百萬,210.349351
21.0,9.677598,2.621158928,小於一萬,72.678459
17.0,7.00281381,0.236655441,一萬到十萬,64.248944
44.0,7.15914712,1.94613341,一萬到十萬,157.885422
26.0,3.20584481,1.792202945,大於百萬,95.060035
99.0,28.78290675,7.412178995,大於百萬,351.529519
11.0,2.56564892,2.035296833,十萬到百萬,37.592925
92.0,27.8684782,2.766438696,一萬到十萬,323.402097
60.0,21.11999146,5.703028235,大於百萬,209.32683
82.0,30.25009056,3.334021873,十萬到百萬,292.75468
15.0,7.63156066,1.459345124,小於一萬,55.446681
73.0,15.85081095,3.055215876,十萬到百萬,262.64173
57.0,22.68934587,4.243392228,小於一萬,200.784352
47.0,15.59829684,5.327113425,小於一萬,167.969747
64.0,26.08926355,6.297890399,小於一萬,225.980791
98.0,29.72194699,5.393795763,大於百萬,348.49702
53.0,14.34088963,1.005351601,小於一萬,187.440866
56.0,11.22170396,1.626544308,大於百萬,200.347425
40.0,8.85499122,0.149939278,十萬到百萬,145.297943
63.0,20.35692774,1.927395643,小於一萬,222.501672
12.0,2.43325446,2.478694936,一萬到十萬,42.771248
78.0,37.59808506,5.780036656,一萬到十萬,277.09295
75.0,28.10015017,6.641151306,大於百萬,265.465914
46.0,15.22052675,5.422181754,小於一萬,166.06936
63.0,16.52948801,3.351418583,一萬到十萬,223.695062
42.0,6.88896789,1.847115421,一萬到十萬,151.067748
67.0,18.30464111,4.895171905,一萬到十萬,234.021177
33.0,13.46389184,1.837696108,小於一萬,116.792058
92.0,35.31185933,5.238633498,小於一萬,329.031199
72.0,21.82794456,2.858835995,十萬到百萬,261.620188
27.0,9.5698248,2.216601931,十萬到百萬,97.360119
81.0,22.41030226,2.189639013,小於一萬,287.637807
64.0,26.37581692,3.715556358,十萬到百萬,225.782103
16.0,17.69455302,0.342647794,大於百萬,52.851383
84.0,33.9556193,4.479871088,小於一萬,299.346604
77.0,25.69736441,4.354449016,大於百萬,273.672106
34.0,7.76852988,0.826269553,小於一萬,122.815762
23.0,7.69652388,0.088922876,大於百萬,84.191341
93.0,37.34778216,8.278557955,小於一萬,333.874293
28.0,10.34705868,1.330435169,一萬到十萬,96.979415
50.0,14.21822384,2.842302575,十萬到百萬,179.498764
49.0,9.29676576,1.840306536,大於百萬,170.806851
49.0,7.87096062,4.867663371,一萬到十萬,176.128246
16.0,6.85647427,0.635842754,小於一萬,54.871468
11.0,1.60638787,1.58496215,一萬到十萬,37.745951
46.0,15.55341525,1.648887001,十萬到百萬,161.73687
22.0,8.27732711,0.572917278,小於一萬,71.990353
56.0,15.92090337,0.310011712,一萬到十萬,197.126271
18.0,9.71688467,1.20773669,小於一萬,64.978568
24.0,3.74526348,1.877094065,十萬到百萬,83.402413
71.0,27.63860309,6.434458431,大於百萬,251.97983
46.0,15.43266188,1.018386283,十萬到百萬,154.830419
99.0,30.96792254,5.586192961,小於一萬,352.821376
62.0,21.34402806,1.262535921,十萬到百萬,222.592925
57.0,24.12221974,5.012811682,大於百萬,205.361684
85.0,27.89100194,7.145666677,一萬到十萬,302.831727
52.0,15.04080543,2.272803588,十萬到百萬,182.727109
48.0,12.33661999,1.217325392,大於百萬,166.731075
73.0,23.60921933,3.105811614,小於一萬,256.901647
16.0,5.73573124,2.354334527,大於百萬,58.209518
38.0,10.83336646,0.830750887,小於一萬,137.660563
58.0,20.90685872,4.012199218,十萬到百萬,210.174332
99.0,37.7178052,3.590086383,小於一萬,349.423974
66.0,23.52461444,7.94705706,大於百萬,232.314771
88.0,27.54281898,4.614034843,十萬到百萬,315.376867
11.0,1.5308523,2.412231941,一萬到十萬,36.970501
20.0,14.14182146,1.024806177,大於百萬,70.030214
88.0,23.2144694,1.176796593,大於百萬,320.173639
88.0,33.64954284,6.652385998,小於一萬,314.8715
16.0,2.33922215,0.563120609,十萬到百萬,52.4238
31.0,14.95348305,0.048020677,一萬到十萬,109.541122
98.0,29.35026643,6.913729654,小於一萬,347.50737
32.0,0.08417469,0.64327624,十萬到百萬,113.300857
90.0,34.618359,4.361735086,小於一萬,321.957337
65.0,27.45177105,4.551897382,大於百萬,235.771189
33.0,11.29236649,0.945960767,小於一萬,116.344212
70.0,26.16107046,3.582985818,十萬到百萬,247.480346
59.0,13.45217597,1.50308216,大於百萬,208.749505
20.0,0.89859809,0.364684826,十萬到百萬,71.644701
82.0,28.98362002,5.778260941,十萬到百萬,292.957894
67.0,28.63117245,9.072549075,十萬到百萬,238.419766
95.0,33.32069261,3.488541517,大於百萬,340.949817
27.0,5.26644146,1.353228723,十萬到百萬,98.374971
41.0,11.21191726,5.767485022,一萬到十萬,143.122398
84.0,29.13806872,4.47779358,十萬到百萬,294.836508
69.0,17.55118962,3.143709747,一萬到十萬,246.23885
47.0,7.61712795,2.274600961,一萬到十萬,163.341809
93.0,33.05945096,5.78929841,一萬到十萬,335.20907
87.0,27.73488768,3.636000569,一萬到十萬,315.318648
74.0,31.10028424,4.276767478,小於一萬,263.91063
34.0,5.86778706,4.071008852,十萬到百萬,119.600417
78.0,28.7304925,5.352241057,大於百萬,276.721133
88.0,31.64818367,2.021944599,小於一萬,311.911972
44.0,11.41018973,2.206969456,十萬到百萬,156.356246
71.0,19.47415695,4.433751454,小於一萬,252.052266
11.0,7.3223363,1.174883484,一萬到十萬,36.969052
38.0,12.90576954,0.090806236,一萬到十萬,136.244521
56.0,25.32563097,2.071338689,大於百萬,203.423118
68.0,22.38968684,1.506105779,一萬到十萬,243.081663
84.0,28.04443897,3.311678578,一萬到十萬,301.138568
45.0,17.45057273,3.797949477,一萬到十萬,156.794308
38.0,7.73668024,2.05960976,十萬到百萬,137.813094
43.0,14.50355259,5.540172367,大於百萬,153.105031
26.0,12.59696072,2.103348433,一萬到十萬,91.81486
23.0,12.05614618,3.597400217,小於一萬,82.792088
95.0,25.73376486,2.270527985,小於一萬,336.657139
67.0,18.27604405,2.348785403,一萬到十萬,237.759577
95.0,36.42230623,9.997472195,小於一萬,335.301431
54.0,22.45001505,3.389499568,小於一萬,188.828644
88.0,33.99232228,5.781691282,十萬到百萬,311.607752
10.0,5.13435024,0.689810674,一萬到十萬,36.811137
33.0,20.81105562,4.438582726,十萬到百萬,118.500209
15.0,8.592103,4.880310779,十萬到百萬,54.884919
65.0,22.06340243,3.577571811,一萬到十萬,229.252239
63.0,23.91406052,3.340211678,十萬到百萬,224.808168
79.0,21.06477438,7.17742182,一萬到十萬,283.04186
84.0,30.18997846,3.43325727,小於一萬,302.092905
49.0,15.76031391,2.761035651,大於百萬,179.393267
89.0,23.72064054,0.690473124,十萬到百萬,321.323018
60.0,22.0455874,0.180601963,十萬到百萬,213.95239
77.0,18.65217152,1.370781655,十萬到百萬,272.348945
22.0,10.90658815,0.283125518,十萬到百萬,80.509885
80.0,29.71334143,2.22160046,一萬到十萬,283.083495
70.0,23.21694607,4.202648436,一萬到十萬,250.252152
71.0,26.23145593,3.893304561,小於一萬,252.853727
73.0,21.29185882,4.094001423,十萬到百萬,258.143547
38.0,19.20198497,2.827452097,十萬到百萬,131.752343
79.0,23.18345295,0.762159967,小於一萬,282.710855
52.0,17.29692445,1.341983961,一萬到十萬,182.685951
51.0,11.9448119,1.367738794,大於百萬,180.270102
62.0,29.39688348,4.153702921,小於一萬,220.982094
40.0,17.98433334,1.719860401,小於一萬,144.958833
76.0,28.3134171,5.173771428,一萬到十萬,266.327872
92.0,32.50731066,6.995889112,小於一萬,331.02384
82.0,21.68701274,2.537905135,小於一萬,290.618183
47.0,10.99758175,2.293062106,小於一萬,167.115881
45.0,8.37499807,1.439268363,十萬到百萬,159.062481
12.0,8.2706642,1.837365198,一萬到十萬,43.641779
39.0,9.71179335,4.085503675,一萬到十萬,136.2617
32.0,15.40516167,4.049889123,小於一萬,109.146962
34.0,12.63758596,0.308467931,一萬到十萬,112.814794
88.0,25.59728155,4.903209547,一萬到十萬,314.31133
59.0,18.35068386,1.831142407,一萬到十萬,214.269115
94.0,32.14620508,4.61092529,大於百萬,334.645916
55.0,20.04545281,3.068510586,大於百萬,196.542787
67.0,22.28131803,5.024264569,十萬到百萬,237.488704
39.0,14.37870711,2.671230095,一萬到十萬,138.751829
10.0,6.17129941,2.248700745,十萬到百萬,37.099214
65.0,11.65648785,0.358471532,一萬到十萬,228.564649
66.0,18.92735337,7.016310108,小於一萬,232.620534
89.0,34.52637823,7.837740232,大於百萬,317.487869
40.0,10.83821968,3.212553047,大於百萬,143.382086
25.0,21.57160034,0.182594127,一萬到十萬,89.093245
15.0,8.24089854,4.207676862,小於一萬,54.813341
37.0,18.61053827,0.070855842,大於百萬,131.015451
11.0,6.88610482,3.476852778,大於百萬,37.111993
82.0,26.52121969,8.80643288,大於百萬,295.120769
38.0,9.43771171,4.377587812,十萬到百萬,133.565489
61.0,11.51253111,2.793347914,大於百萬,220.165067
26.0,6.63204813,1.415371282,大於百萬,95.14129
93.0,33.74742661,2.79805324,十萬到百萬,333.07737
49.0,17.82159027,2.732126315,十萬到百萬,175.897983
15.0,8.43740768,1.40599815,一萬到十萬,56.594181
67.0,23.74360068,2.231237256,一萬到十萬,237.017139
69.0,17.02750719,3.249834162,小於一萬,244.853252
27.0,5.17645118,3.561284656,小於一萬,100.145857
64.0,22.23688421,5.39787857,十萬到百萬,225.082701
18.0,5.10403432,2.428498516,一萬到十萬,60.266156
66.0,29.203523,7.078862302,一萬到十萬,237.950975
61.0,11.73759835,1.040604116,大於百萬,218.972622
68.0,29.3015032,0.673080227,小於一萬,238.675711
59.0,19.37961097,2.883499957,十萬到百萬,211.230183
13.0,8.23360747,1.324969168,十萬到百萬,47.601291
60.0,17.69173462,3.241365169,小於一萬,216.078962
21.0,13.85032361,2.900443085,十萬到百萬,73.83087
85.0,29.91287893,5.690365858,小於一萬,302.374625
46.0,5.52366554,1.952389236,大於百萬,159.068412
44.0,16.60931402,5.15906663,十萬到百萬,157.490072
72.0,30.02854198,7.25837797,一萬到十萬,259.976079
90.0,26.77426032,5.958191412,大於百萬,318.545002
74.0,21.16288162,2.039521432,小於一萬,262.659744
25.0,4.59091198,1.016804919,十萬到百萬,91.085335
87.0,27.02176623,1.799590879,一萬到十萬,309.140974
55.0,20.83503638,3.654609898,十萬到百萬,199.521596
98.0,27.93306892,6.098290028,一萬到十萬,345.221641
65.0,18.18146552,2.970729615,十萬到百萬,232.225685
68.0,18.75119331,4.596953264,一萬到十萬,245.237774
88.0,26.00963987,1.495600762,小於一萬,321.046689
25.0,1.90846567,1.922723544,小於一萬,90.193507
14.0,7.38848571,0.120490397,十萬到百萬,49.976497
16.0,5.76564639,1.595524725,一萬到十萬,52.997255
78.0,35.56822382,2.832450089,大於百萬,276.40134
32.0,11.52414895,2.566791358,十萬到百萬,111.899712
13.0,14.2755592,2.329490869,一萬到十萬,48.981124
63.0,14.58661204,2.221679639,小於一萬,226.019273
77.0,24.18854494,5.133802599,一萬到十萬,280.5497
38.0,11.25013604,3.18319928,一萬到十萬,134.587114
89.0,31.06459542,6.00634362,十萬到百萬,321.353775
90.0,32.26545634,5.473180079,一萬到十萬,317.385812
85.0,30.88592551,2.762634911,大於百萬,297.12101
83.0,26.74193614,3.619405288,大於百萬,300.520736
95.0,36.36570198,1.944664898,大於百萬,339.115278
46.0,13.66666813,5.592577136,大於百萬,167.13528
14.0,5.24203637,1.379918092,十萬到百萬,49.398065
94.0,30.49815694,8.823311925,大於百萬,331.484094
60.0,16.60417853,5.253646762,小於一萬,212.487444
50.0,14.95740704,1.952884786,十萬到百萬,178.374552
13.0,9.43436198,1.80338467,一萬到十萬,49.11766
51.0,24.16107957,4.792641558,小於一萬,180.785091
77.0,23.07796216,2.215638886,大於百萬,273.260308
64.0,22.81691505,6.280742013,一萬到十萬,226.59017
97.0,39.23230636,3.698661076,小於一萬,345.313164
99.0,33.43132208,3.017408356,小於一萬,351.230812
36.0,12.4369939,0.903680035,一萬到十萬,133.588174
43.0,5.73874753,0.043311281,十萬到百萬,152.051551
26.0,15.26673306,2.205879856,大於百萬,88.967829
93.0,27.05446611,5.748857069,一萬到十萬,328.674004
34.0,8.35330882,0.260972544,一萬到十萬,114.382532
100.0,30.4451489,7.897284137,十萬到百萬,353.745918
13.0,14.52212352,2.823846857,小於一萬,48.85725
55.0,12.20695949,5.385105587,一萬到十萬,196.456934
71.0,18.51355605,0.825055868,十萬到百萬,250.940441
36.0,14.16404637,0.497245703,大於百萬,134.998647
55.0,13.81363025,3.245540816,十萬到百萬,193.84108
69.0,26.89374417,4.596614853,大於百萬,247.573885
26.0,3.49718471,1.675119633,大於百萬,94.286634
13.0,5.35882172,3.103557138,小於一萬,47.508141
29.0,8.03184485,3.237071791,十萬到百萬,99.407045
76.0,30.98988307,8.301339322,小於一萬,268.385836
62.0,18.22598841,6.618429614,小於一萬,219.889985
80.0,24.53154648,5.517524789,小於一萬,286.002178
62.0,24.31903081,0.722076955,小於一萬,220.669976
44.0,25.39485225,6.637342214,小於一萬,156.717134
12.0,3.81257843,0.346377813,小於一萬,41.906709
62.0,22.51118185,5.611983098,大於百萬,217.570255
62.0,24.48263709,3.48394074,大於百萬,222.803556
63.0,16.10084562,3.055372489,一萬到十萬,224.197899
63.0,20.34360352,2.500255148,大於百萬,228.647693
90.0,24.74690445,7.061842686,十萬到百萬,323.855405
51.0,12.40537883,2.253725276,十萬到百萬,182.641149
12.0,5.03780898,1.199564471,十萬到百萬,45.273661
39.0,16.88059995,4.300450043,十萬到百萬,134.581991
72.0,24.49953205,3.518819199,大於百萬,257.44344
26.0,1.7395783,6.435910993,大於百萬,96.317299
39.0,16.53246746,1.140112518,十萬到百萬,135.102792
54.0,13.09647398,1.75071503,十萬到百萬,195.815049
63.0,17.25010011,0.87748155,大於百萬,227.292965
13.0,11.97337764,0.12416714,十萬到百萬,49.498013
79.0,35.94267446,3.479529086,十萬到百萬,280.119145
60.0,16.68841769,2.946457918,大於百萬,211.479146
37.0,15.40876685,1.935104705,大於百萬,133.611409
86.0,33.58317694,5.258118263,小於一萬,305.798332
73.0,25.14783209,3.786915705,小於一萬,256.954759
63.0,20.16504866,3.549288353,一萬到十萬,225.463376
90.0,28.66004546,3.637390017,大於百萬,321.744457
64.0,26.17395298,5.061944746,一萬到十萬,225.458712
48.0,18.0116912,5.942587756,大於百萬,164.700878
57.0,20.71769224,2.66330205,一萬到十萬,209.02895
73.0,26.57564178,2.874401986,小於一萬,260.18392
15.0,3.2902386,2.496801639,大於百萬,54.257554
21.0,10.86014433,1.318393616,十萬到百萬,75.894406
71.0,24.92095681,2.421698753,十萬到百萬,252.276317
43.0,15.84401592,2.529435016,一萬到十萬,151.19672
42.0,9.08077368,3.203523671,小於一萬,146.91015
23.0,14.80553314,1.818714968,一萬到十萬,80.272517
95.0,28.5315743,5.572196695,十萬到百萬,331.594008
99.0,33.28287172,5.603827495,大於百萬,357.517771
15.0,2.79729062,4.83886776,小於一萬,48.86115
99.0,34.19292834,7.824969974,一萬到十萬,357.105091
23.0,4.51009079,0.033647813,十萬到百萬,77.402149
71.0,26.92055929,5.625046446,一萬到十萬,248.16053
36.0,20.38097787,3.928353632,小於一萬,123.425973
69.0,28.00048104,7.370702567,一萬到十萬,243.09102
55.0,13.72729882,3.332910977,小於一萬,201.156842
47.0,17.98768499,4.832000332,十萬到百萬,169.777092
35.0,18.09583854,2.099576563,十萬到百萬,127.225802
89.0,28.02612122,3.15244949,一萬到十萬,314.88626
40.0,18.15010991,3.230139036,大於百萬,145.522259
50.0,23.18930833,2.019916653,一萬到十萬,173.833527
45.0,6.35935401,0.7043668,十萬到百萬,159.707336
83.0,28.35233604,3.111934148,大於百萬,302.226878
84.0,26.41066438,5.163949549,小於一萬,298.971194
64.0,14.19845566,3.631962564,小於一萬,231.764264
49.0,17.57987378,1.218985086,大於百萬,173.612079
40.0,10.48745064,2.202956943,一萬到十萬,142.612703
77.0,27.15924867,6.883559609,小於一萬,275.957911
89.0,30.57969119,5.915506812,小於一萬,315.20589
62.0,13.4829249,2.810263336,大於百萬,215.124031
70.0,6.44744897,0.381426418,一萬到十萬,248.312749
91.0,24.92555148,4.999090743,十萬到百萬,322.301436
46.0,14.77131146,2.053779217,一萬到十萬,163.349798
54.0,22.15078407,5.855266971,大於百萬,200.401479
94.0,40.13111896,5.87651394,小於一萬,333.422829
93.0,21.69683624,2.925124833,小於一萬,330.552298
61.0,20.91410383,1.168951922,一萬到十萬,221.388675
66.0,24.70953165,3.145122616,大於百萬,238.779664
15.0,9.04757121,1.340007941,一萬到十萬,57.405316
96.0,34.71355558,3.437714608,一萬到十萬,345.19595
36.0,9.09915863,1.051392464,一萬到十萬,125.486716
36.0,17.57188246,1.500329303,小於一萬,129.817682
63.0,28.52795281,3.168882093,大於百萬,224.46624
76.0,31.36438375,7.209496962,大於百萬,269.952457
83.0,23.07633733,0.831079356,一萬到十萬,291.962441
64.0,17.73913594,7.069535685,十萬到百萬,229.302551
37.0,6.46070193,1.332038473,小於一萬,132.427
78.0,26.71815053,3.363133607,十萬到百萬,279.229196
36.0,3.90019598,0.060401795,小於一萬,123.526113
97.0,27.20282364,8.986277187,小於一萬,343.769533
83.0,36.0042875,6.299889469,小於一萬,295.281181
92.0,29.34050811,4.968613722,十萬到百萬,329.695342
24.0,14.0009677,0.919025298,小於一萬,87.567524
75.0,24.90444884,2.148412803,小於一萬,269.530113
43.0,12.21216027,3.794746614,一萬到十萬,151.408626
76.0,24.64889821,7.130115956,大於百萬,270.1894
59.0,17.21377371,3.625658422,一萬到十萬,213.977658
30.0,11.91600349,2.576946627,小於一萬,102.33141
40.0,12.18911788,2.852072048,十萬到百萬,145.909805
83.0,30.64496663,6.844189108,一萬到十萬,286.098165
100.0,27.31829646,3.269504966,大於百萬,356.256236
62.0,17.83636305,3.980693917,一萬到十萬,222.54403
19.0,10.87774957,4.665977177,十萬到百萬,67.662773
47.0,17.37652562,1.905040273,十萬到百萬,161.785152
27.0,11.58423742,2.547683061,大於百萬,95.491149
87.0,36.60536537,9.215618373,小於一萬,307.935834
72.0,30.36493938,5.110394334,十萬到百萬,259.695649
12.0,12.10063922,2.98563609,大於百萬,42.689581
70.0,18.75537671,4.499500158,一萬到十萬,256.242875
77.0,32.71817895,4.068253588,一萬到十萬,271.542296
75.0,31.43960904,5.03708252,一萬到十萬,258.312726
45.0,10.52286115,1.8555802,一萬到十萬,162.754091
36.0,17.03355173,4.427632709,大於百萬,130.996083
20.0,11.75733151,3.733754349,小於一萬,70.207701
32.0,3.52375042,0.028430966,大於百萬,115.122004
64.0,21.4781953,7.187973139,小於一萬,233.403537
81.0,26.09919087,4.351757741,十萬到百萬,289.03648
61.0,24.66406819,0.643440065,一萬到十萬,223.247307
17.0,8.48269791,0.946148453,小於一萬,58.925323
89.0,36.00483653,3.979359359,一萬到十萬,316.050205
88.0,25.7813623,5.715407905,大於百萬,313.657339
83.0,23.74402735,3.853397609,大於百萬,298.184302
31.0,7.91984946,0.075237086,十萬到百萬,107.038174
89.0,36.06087241,2.325705692,小於一萬,316.582362
74.0,25.67430718,3.229394656,一萬到十萬,255.856644
92.0,26.8926879,3.890886001,小於一萬,327.869539
82.0,31.60769079,3.952448108,十萬到百萬,288.982239
55.0,21.8064834,2.570983167,大於百萬,193.559832
33.0,13.92505939,3.029450851,一萬到十萬,113.964362
49.0,21.18136319,4.522900343,大於百萬,171.393386
76.0,20.75626701,1.645051456,大於百萬,270.667291
64.0,18.10614293,3.746012095,十萬到百萬,222.341928
18.0,9.71407244,3.383355406,十萬到百萬,65.420697
17.0,8.19793247,2.119872253,十萬到百萬,63.253782
90.0,33.5117751,4.663526779,大於百萬,322.469756
24.0,5.61740125,3.243773719,大於百萬,89.245371
30.0,17.31812448,0.263189631,大於百萬,110.016175
33.0,10.17684557,1.872567716,大於百萬,117.552849
10.0,5.21755881,1.075065424,小於一萬,31.199409
30.0,6.37457147,2.643270095,十萬到百萬,108.441904
45.0,13.66591101,1.50638398,十萬到百萬,158.864762
66.0,22.00610289,4.981503424,十萬到百萬,229.294735
31.0,7.23192774,5.155800945,大於百萬,111.793866
10.0,2.5632796,2.194326393,小於一萬,36.91918
81.0,36.12313135,4.584246415,十萬到百萬,289.653414
79.0,25.28409682,6.045621605,小於一萬,283.290895
68.0,29.8927411,6.096743741,十萬到百萬,237.772164
91.0,30.23149256,4.807255552,十萬到百萬,326.023109
24.0,5.11750865,2.209701443,十萬到百萬,83.751482
99.0,35.30814816,8.233628806,大於百萬,347.882139
23.0,6.62163532,0.113631173,十萬到百萬,79.939987
48.0,23.65891291,2.309970166,小於一萬,173.068294
59.0,18.05024365,2.889912691,大於百萬,210.503712
25.0,8.07799726,0.739072022,大於百萬,89.390459
96.0,37.00648765,7.150101013,十萬到百萬,343.320475
75.0,28.55660496,4.744486496,一萬到十萬,264.785701
10.0,9.84833766,3.852180825,一萬到十萬,36.574907
54.0,18.12225321,6.685431919,小於一萬,194.035815
37.0,6.17268667,0.339882776,十萬到百萬,135.377923
55.0,22.37478299,5.066577857,十萬到百萬,197.011137
100.0,27.77989541,5.280720518,十萬到百萬,359.038843
97.0,38.17272809,5.546782045,一萬到十萬,347.765939
10.0,3.77992404,1.188229762,大於百萬,40.695901
99.0,29.85251876,9.316561995,小於一萬,353.445888
15.0,7.65064004,3.483067269,一萬到十萬,56.346212
40.0,15.5960957,3.286725772,小於一萬,133.021187
50.0,19.34885503,2.369900004,大於百萬,177.955369
27.0,15.96407307,2.807301417,大於百萬,98.350313
64.0,11.24505485,1.363032749,一萬到十萬,229.217894
23.0,7.56824928,1.344170818,一萬到十萬,79.204668
56.0,21.02285901,3.664076004,小於一萬,194.961033
17.0,7.75934253,1.962255801,小於一萬,61.872976
62.0,22.7802953,6.853968812,小於一萬,218.216213
36.0,7.87050759,1.157604556,十萬到百萬,129.358352
49.0,12.07216987,4.381532375,大於百萬,176.835526
11.0,4.20579034,3.05864083,十萬到百萬,38.6342
66.0,16.78678642,3.787461161,一萬到十萬,238.711543
20.0,4.30757925,0.047124006,十萬到百萬,72.181066
90.0,20.40428624,2.217787717,小於一萬,322.220995
61.0,13.62383917,1.081630027,十萬到百萬,218.796742
75.0,32.98398494,5.622825529,小於一萬,267.744803
94.0,29.8950106,6.500131863,大於百萬,333.700736
20.0,9.57854318,2.141996655,十萬到百萬,72.311563
74.0,19.29015403,4.359484985,小於一萬,266.937714
18.0,9.84545077,3.252628408,十萬到百萬,65.274236
11.0,2.5880701,0.331165434,十萬到百萬,37.481392
65.0,24.56354623,3.41966808,大於百萬,231.670048
14.0,2.64896887,2.182940143,小於一萬,55.574283
87.0,30.68709234,1.275253398,小於一萬,310.815324
59.0,31.00062729,2.464132207,一萬到十萬,214.238914
29.0,12.86904427,5.144390057,大於百萬,100.277054
89.0,21.76612646,2.193168407,一萬到十萬,317.471044
73.0,18.96636214,4.058402635,十萬到百萬,260.890448
83.0,23.77898268,2.930681192,一萬到十萬,295.491527
11.0,11.85393949,3.008452988,大於百萬,37.706529
37.0,2.32175472,1.76389766,小於一萬,129.815856
36.0,6.10104582,3.262967852,一萬到十萬,136.939727
25.0,17.80623496,2.724311667,一萬到十萬,90.533733
74.0,27.15731801,4.948756954,小於一萬,266.65539
20.0,7.75687576,2.572286867,十萬到百萬,67.574904
13.0,9.23776457,2.409567204,十萬到百萬,46.677897
72.0,22.66567386,5.289217664,一萬到十萬,257.115876
25.0,10.69837915,1.359456063,十萬到百萬,87.956554
25.0,14.06659351,1.322903892,一萬到十萬,90.811965
11.0,0.4016489,1.160768013,小於一萬,35.101506
66.0,22.43386587,0.874304744,一萬到十萬,232.409531
16.0,10.15692231,2.584043071,大於百萬,51.482489
10.0,2.11208942,2.920708705,十萬到百萬,32.23703
22.0,1.55159104,0.486129113,大於百萬,80.973457
14.0,18.64944183,4.529927084,十萬到百萬,49.815674
52.0,20.30070166,4.283666628,大於百萬,184.971778
16.0,6.56623079,2.907982773,十萬到百萬,54.732757
85.0,32.63667971,6.619127623,大於百萬,304.419999
23.0,7.98978736,0.508955059,十萬到百萬,84.707338
89.0,25.7685786,4.213173006,小於一萬,320.405144
39.0,13.22123736,3.660566126,一萬到十萬,135.773151
92.0,27.07432784,7.76501425,一萬到十萬,326.682205
34.0,4.45094973,4.79777927,一萬到十萬,123.589121
15.0,6.09232634,2.210370127,十萬到百萬,53.90032
92.0,36.50269966,5.544405637,小於一萬,327.592502
86.0,29.45326416,4.046313063,小於一萬,300.717182
59.0,17.56421199,2.188043777,一萬到十萬,210.812733
53.0,18.97956401,2.374604112,十萬到百萬,187.451452
94.0,34.02585643,6.345909164,大於百萬,335.980663
95.0,27.60890998,5.965674717,一萬到十萬,342.374752
12.0,6.67484596,1.986066032,十萬到百萬,41.563415
26.0,2.88174904,1.83033633,小於一萬,96.049505
42.0,11.85387899,0.425868638,一萬到十萬,148.894568
28.0,10.97367816,2.558390415,十萬到百萬,102.97883
77.0,21.26509998,5.22210992,一萬到十萬,272.865489
96.0,31.45066121,5.395932867,十萬到百萬,343.910849
34.0,9.58161196,3.153043917,小於一萬,121.23858
57.0,11.27077509,0.489079881,小於一萬,202.364301
54.0,26.81127265,7.62812867,十萬到百萬,193.871203
30.0,10.89003569,3.371902326,十萬到百萬,104.40819
43.0,14.10622944,0.750124734,大於百萬,146.532112
43.0,26.13090993,8.160684173,一萬到十萬,157.47492
100.0,31.73905151,6.53042334,大於百萬,353.251334
57.0,23.21993797,3.253903065,十萬到百萬,201.139224
36.0,19.24574054,0.229962294,十萬到百萬,123.30723
69.0,23.88586038,2.516655365,小於一萬,248.432262
91.0,36.1004354,4.332061718,一萬到十萬,319.905645
11.0,6.24416229,0.759346585,大於百萬,42.196108
62.0,19.80149851,7.431546241,一萬到十萬,220.364743
80.0,36.08842395,6.192077771,一萬到十萬,278.389121
75.0,29.62144863,10.26018838,十萬到百萬,264.48525
95.0,35.16812138,6.795153993,十萬到百萬,345.003033
56.0,12.97856308,1.005704299,大於百萬,204.376413
95.0,38.05125413,3.180587039,一萬到十萬,337.016851
35.0,11.70660872,1.951565452,大於百萬,121.789309
95.0,33.33366031,6.90988426,一萬到十萬,343.089786
38.0,12.06842573,0.85156322,大於百萬,133.295227
57.0,16.9661789,4.938305555,小於一萬,202.882581
93.0,29.0064675,5.653696785,大於百萬,325.658978
97.0,34.96819327,6.731469772,一萬到十萬,342.089947
78.0,37.47760817,12.10801729,一萬到十萬,277.337551
83.0,24.14078851,5.204844004,一萬到十萬,292.313545
47.0,14.07755898,0.062540126,大於百萬,170.468878
52.0,12.04481355,0.370684494,小於一萬,187.710916
24.0,7.54470279,2.339837083,十萬到百萬,83.557122
20.0,0.34573089,0.787325148,一萬到十萬,71.318649
36.0,3.47891113,1.239673052,十萬到百萬,125.612278
65.0,12.40162472,4.215878847,大於百萬,226.938076
40.0,21.78629319,7.451511141,一萬到十萬,139.517209
96.0,36.36399032,4.408971244,一萬到十萬,338.293953
27.0,15.44922108,4.645825936,十萬到百萬,96.821284
30.0,10.5639763,2.855990067,一萬到十萬,104.590904
50.0,11.10971142,3.949362396,小於一萬,172.982906
39.0,14.58854843,5.478277994,一萬到十萬,140.540703
41.0,13.95180765,4.477142031,一萬到十萬,147.150178
28.0,12.27441919,0.323515501,小於一萬,95.352757
25.0,12.54018005,1.757871648,小於一萬,90.331845
92.0,36.2813941,7.693023889,十萬到百萬,334.254823
56.0,11.62903347,6.679102573,小於一萬,194.525614
100.0,29.08925518,2.287391235,一萬到十萬,354.764768
24.0,0.84826448,1.592571775,小於一萬,83.771568
43.0,14.92235288,2.357322546,大於百萬,152.205452
37.0,11.42740433,0.01459412,大於百萬,130.26341
97.0,35.16687525,5.677768967,十萬到百萬,342.731527
64.0,10.93089931,3.085375073,十萬到百萬,225.064055
44.0,10.55719558,7.345437512,一萬到十萬,159.798753
67.0,24.13761593,5.573093351,十萬到百萬,234.851025
94.0,35.77368976,2.094505692,小於一萬,332.92274
100.0,32.73514194,5.361312107,十萬到百萬,360.109683
69.0,22.38809556,4.68004768,大於百萬,245.760394
69.0,21.07949092,3.125858631,一萬到十萬,246.896811
43.0,28.08376176,4.45708679,十萬到百萬,148.215554
97.0,32.66492942,3.404343568,一萬到十萬,342.131861
48.0,22.61030252,3.849709776,小於一萬,169.138763
13.0,6.34576237,3.579855416,一萬到十萬,44.851652
99.0,38.26367194,3.918182853,十萬到百萬,348.837593
14.0,5.47851079,2.250340619,大於百萬,49.661015
39.0,13.63285082,2.890436804,一萬到十萬,136.801919
10.0,4.69366263,2.156240536,大於百萬,34.56679
10.0,1.1799666,0.939788674,十萬到百萬,34.20517
21.0,6.82410451,3.386305653,十萬到百萬,72.115524
74.0,28.296297,5.03540586,小於一萬,260.095341
49.0,21.03218038,5.087016957,一萬到十萬,174.564113
45.0,12.66662023,1.415740851,小於一萬,160.240926
34.0,8.20317571,6.045596308,一萬到十萬,120.067475
13.0,5.03960786,5.038277048,大於百萬,48.154403
24.0,5.09597928,2.833283442,小於一萬,82.399301
99.0,32.67209561,1.801486331,一萬到十萬,349.37633
88.0,26.8080032,5.01968692,小於一萬,314.657126
74.0,16.85524707,4.161090186,十萬到百萬,266.490543
94.0,27.47401916,5.880689586,大於百萬,336.333619
24.0,15.57823282,0.613989803,大於百萬,78.674769
66.0,23.9153958,3.955480444,十萬到百萬,240.692927
70.0,17.63694287,4.824467434,大於百萬,252.744802
70.0,22.17449472,1.088762382,十萬到百萬,249.715801
80.0,27.72147524,6.86624796,小於一萬,289.192495
26.0,2.17069337,0.057924027,大於百萬,91.768133
22.0,4.47748977,1.52846934,小於一萬,71.645594
27.0,8.38618528,4.05505902,十萬到百萬,98.98877
76.0,26.19267329,4.127600897,大於百萬,269.603006
58.0,16.21319014,1.808076507,大於百萬,204.655302
14.0,1.17346778,1.04234225,小於一萬,54.059615
76.0,18.62923764,3.880480663,大於百萬,271.132615
78.0,27.93358042,5.902596689,十萬到百萬,276.098803
22.0,15.12646596,3.792188111,小於一萬,86.803956
31.0,11.9454269,1.410199557,十萬到百萬,112.772108
74.0,29.66161056,6.605580895,十萬到百萬,264.240218
69.0,21.32044497,4.852932371,小於一萬,249.2061
32.0,13.71375994,0.826277105,一萬到十萬,109.927856
52.0,14.56589504,1.9982184,十萬到百萬,182.986014
13.0,7.43019711,1.294086175,一萬到十萬,44.849053
97.0,29.94711311,4.767623725,十萬到百萬,345.946708
45.0,16.6104103,0.00097659,十萬到百萬,155.233634
38.0,12.60091687,2.97134281,十萬到百萬,140.137007
89.0,29.55612297,6.364723126,大於百萬,310.472506
27.0,6.44750816,1.415638249,十萬到百萬,96.433433
41.0,4.510233,0.651581966,十萬到百萬,148.907361
40.0,15.21581134,2.527104197,一萬到十萬,143.537492
64.0,20.24042393,3.921147972,一萬到十萬,229.632381
39.0,14.85751537,4.283919463,十萬到百萬,142.924886
73.0,23.01551995,2.959907987,一萬到十萬,255.805258
77.0,28.46882717,3.439719406,大於百萬,274.906773
77.0,28.94958279,1.239417276,一萬到十萬,272.549498
94.0,31.21314927,6.894316975,小於一萬,334.320576
79.0,19.48177541,2.244635012,大於百萬,277.443727
69.0,23.74410652,5.035551434,小於一萬,244.375478
47.0,18.40910552,9.195497391,小於一萬,167.739801
55.0,10.29724464,1.36503372,十萬到百萬,188.667483
99.0,28.34481642,5.939716823,十萬到百萬,348.27425
79.0,26.4735364,7.295709647,大於百萬,281.951611
25.0,6.83110521,1.051652994,一萬到十萬,94.288902
54.0,21.01929195,4.458744221,大於百萬,194.387268
40.0,13.56691537,3.323877768,十萬到百萬,140.373732
97.0,23.98940195,4.887500214,十萬到百萬,347.31042
68.0,29.43517599,3.224934232,一萬到十萬,240.191875
97.0,31.41745386,4.01690321,小於一萬,343.481665
99.0,34.85208783,4.438102223,一萬到十萬,351.073661
28.0,9.1846594,0.686658382,一萬到十萬,102.279183
32.0,8.0608183,3.624347691,小於一萬,113.419828
34.0,7.66672567,0.319328304,小於一萬,125.841656
80.0,27.73499051,5.223389145,小於一萬,285.425674
79.0,28.23216199,4.76982045,大於百萬,280.320969
85.0,20.84691258,8.21413169,大於百萬,297.105382
85.0,33.88151018,5.708518932,十萬到百萬,303.660324
27.0,2.74298084,0.29066076,十萬到百萬,96.015125
74.0,26.31231351,5.591730811,大於百萬,264.544722
65.0,18.7429314,7.643730103,十萬到百萬,233.292708
59.0,9.2845008,0.800781459,十萬到百萬,212.271717
36.0,9.09677989,3.81883449,十萬到百萬,127.092674
46.0,19.51073972,3.107126419,十萬到百萬,163.231088
90.0,34.3769832,5.298158719,十萬到百萬,321.410916
95.0,38.04846725,6.955765598,一萬到十萬,339.293445
38.0,0.85728064,0.218739353,小於一萬,137.697369
100.0,32.57274847,5.430991677,一萬到十萬,355.329724
83.0,34.68510091,10.0302438,十萬到百萬,298.63941
36.0,14.77598499,8.008030729,十萬到百萬,124.165907
47.0,19.3125584,0.574250311,小於一萬,169.233689
89.0,25.7252168,2.967397866,一萬到十萬,317.003301
100.0,39.52324828,9.351920567,一萬到十萬,355.949983
15.0,1.61945517,0.263737433,小於一萬,56.222708
99.0,33.87824351,8.091610987,十萬到百萬,356.582143
86.0,33.99132588,4.794126579,小於一萬,310.350396
38.0,17.17151486,4.116564215,大於百萬,139.000494
32.0,14.48421832,0.612035667,一萬到十萬,112.994215
40.0,21.84297247,4.621465773,一萬到十萬,147.424588
70.0,28.11519313,5.700976365,大於百萬,251.235912
42.0,15.50442945,2.861961964,十萬到百萬,145.797656
65.0,24.23537069,3.319695807,大於百萬,233.643343
89.0,32.45209007,4.445174089,一萬到十萬,324.589277
18.0,10.61128089,2.088636201,小於一萬,64.967395
60.0,29.23658685,8.323847071,小於一萬,210.121641
66.0,19.70536729,6.268882402,大於百萬,235.419761
17.0,6.86783425,0.023448897,一萬到十萬,55.373131
39.0,9.72274602,0.903060425,一萬到十萬,135.54432
70.0,23.02194895,8.345155386,一萬到十萬,245.412638
49.0,10.05574197,3.472817536,一萬到十萬,179.131556
83.0,21.93601248,4.436259637,一萬到十萬,294.493335
100.0,42.22523217,8.977117102,十萬到百萬,364.079752
50.0,17.63728761,1.085353836,十萬到百萬,176.67475
72.0,23.9201259,4.595566086,一萬到十萬,260.143266
43.0,13.20914931,1.987019937,十萬到百萬,151.168924
47.0,27.98651144,5.474037323,大於百萬,167.672612
21.0,10.57592766,1.063323097,小於一萬,73.19279
98.0,33.05515873,6.063457718,十萬到百萬,349.745296
59.0,21.73227479,1.164412348,小於一萬,213.54622
37.0,14.95661588,3.961661465,大於百萬,128.718791
65.0,21.82868204,3.852364912,大於百萬,226.068098
51.0,20.08311019,3.352908382,大於百萬,183.57476
24.0,6.68883258,1.043337879,十萬到百萬,83.990099
21.0,6.39764824,0.151215719,小於一萬,70.770508
22.0,3.59847428,4.325620528,一萬到十萬,78.812572
90.0,29.55800369,3.425633439,大於百萬,316.816652
69.0,20.7102426,5.120845126,十萬到百萬,250.456462
11.0,2.47850254,1.480315228,一萬到十萬,38.865966
44.0,15.66926662,1.086781261,小於一萬,153.117176
30.0,10.64510759,1.915517115,大於百萬,104.180967
51.0,13.35489142,6.071647853,大於百萬,180.628307
89.0,29.91788025,7.203811959,十萬到百萬,322.521991
23.0,12.3698842,0.564642432,一萬到十萬,82.775295
23.0,10.2124244,0.104238928,一萬到十萬,83.197179
97.0,31.69082641,5.548205454,小於一萬,342.426132
96.0,36.72307745,3.950392592,小於一萬,343.087746
70.0,25.92397364,4.101003394,大於百萬,249.048573
46.0,7.17937408,3.421230648,大於百萬,166.49574
37.0,2.82897246,4.556701242,一萬到十萬,128.484662
21.0,1.08656449,1.233637133,小於一萬,75.258436
85.0,29.10767609,2.656169932,小於一萬,299.415106
11.0,0.4911534,1.505058922,一萬到十萬,34.933002
66.0,19.53230719,3.884088166,小於一萬,235.918764
60.0,20.78911569,7.601170729,十萬到百萬,211.210806
54.0,26.53273409,4.434096476,小於一萬,193.261015
74.0,25.85526144,5.046778104,大於百萬,260.979014
68.0,29.49996311,3.520463252,十萬到百萬,242.827857
42.0,8.34232756,4.017463021,小於一萬,155.179463
88.0,26.71216178,5.834040145,十萬到百萬,308.059846
53.0,13.63457957,3.33947268,十萬到百萬,186.279366
63.0,18.0716099,4.009603049,大於百萬,222.395167
96.0,29.50164045,4.919930365,大於百萬,344.09007
21.0,3.58058005,0.165207857,大於百萬,74.516768
42.0,15.64684698,1.920959216,小於一萬,151.069736
58.0,18.24844637,0.464631537,大於百萬,207.278716
96.0,32.94845025,7.862944073,一萬到十萬,338.790627
36.0,15.19445096,2.799221115,十萬到百萬,128.021186
21.0,7.046414,0.056054843,大於百萬,72.075417
81.0,20.55172834,5.130861803,大於百萬,287.150296
96.0,32.60250268,0.539458042,一萬到十萬,348.775124
34.0,12.55262291,1.431271991,一萬到十萬,118.998302
33.0,16.10664487,0.423792124,十萬到百萬,116.489731
55.0,16.4816156,3.267172118,大於百萬,196.448799
13.0,2.80779577,0.60165589,十萬到百萬,48.158675
47.0,18.76508582,6.298226829,大於百萬,160.50207
47.0,13.39621739,4.181491721,十萬到百萬,164.760792
30.0,8.32167458,0.139613948,一萬到十萬,104.42795
52.0,14.71875781,5.067918073,一萬到十萬,184.283268
28.0,19.75022142,4.689765848,一萬到十萬,98.106118
28.0,11.26841221,1.373882899,十萬到百萬,102.679046
73.0,29.58800787,5.256752406,大於百萬,262.882383
35.0,11.02127115,2.528031813,小於一萬,123.12585
59.0,24.66295001,4.291873948,一萬到十萬,209.18767
82.0,31.74991035,4.827938725,大於百萬,286.066679
21.0,16.05653873,3.539863843,一萬到十萬,71.910441
61.0,25.22937094,3.211597629,十萬到百萬,224.414932
29.0,10.60776751,0.392276142,十萬到百萬,106.807621
14.0,3.44382541,0.082932606,十萬到百萬,52.360978
70.0,24.78821501,7.581210788,十萬到百萬,246.090578
59.0,23.46416167,3.671607869,大於百萬,210.486536
28.0,7.51516901,1.384553635,十萬到百萬,101.452907
15.0,2.77711716,2.523639962,一萬到十萬,56.886976
89.0,34.21397898,4.786459552,大於百萬,318.711731
98.0,37.57095206,8.529604366,十萬到百萬,351.773068
53.0,24.25593991,3.567089593,一萬到十萬,188.784952
28.0,8.17597636,0.989815074,大於百萬,98.667883
82.0,29.49738981,6.111231604,一萬到十萬,291.319491
12.0,2.20147732,0.166173465,一萬到十萬,44.998139
41.0,13.32463678,5.088006037,十萬到百萬,141.314699
90.0,36.55151239,9.883176364,十萬到百萬,317.576616
68.0,20.71881535,0.144885367,十萬到百萬,244.427785
92.0,31.49086179,2.679171631,一萬到十萬,328.502058
51.0,27.16698915,1.952594516,一萬到十萬,185.146154
47.0,19.08549213,2.485246038,小於一萬,162.506373
75.0,32.25518431,6.076591747,大於百萬,266.792528
30.0,6.76726609,2.455374837,小於一萬,110.218898
20.0,3.65561883,0.901505113,小於一萬,59.491579
63.0,10.24669396,0.39228441,大於百萬,230.1453
22.0,13.32653424,3.470841069,一萬到十萬,80.424952
51.0,18.07310728,5.706993806,一萬到十萬,178.473921
65.0,22.56391988,7.395603642,十萬到百萬,232.271159
70.0,20.27098613,3.989554606,小於一萬,256.97433
89.0,31.34456883,5.531733764,一萬到十萬,313.838457
81.0,24.00579144,3.774497494,一萬到十萬,287.932149
72.0,29.09432783,4.46136209,大於百萬,256.141153
20.0,8.52903183,4.146156202,大於百萬,76.285302
98.0,34.76307368,3.207630038,一萬到十萬,347.24493
61.0,24.02670153,4.468540014,大於百萬,214.506738
99.0,28.76670512,5.585103137,大於百萬,352.317912
29.0,9.85077583,1.774849524,小於一萬,96.694358
53.0,17.36953424,4.404963491,大於百萬,188.212386
64.0,23.62140255,3.370604572,小於一萬,226.508116
45.0,13.4913782,0.427454636,大於百萬,164.152735
53.0,13.90281276,0.50415037,一萬到十萬,188.026769
68.0,19.53554781,2.056270378,一萬到十萬,245.082818
19.0,7.72615192,2.074506079,大於百萬,66.317517
36.0,10.86043151,0.898713087,一萬到十萬,130.900751
31.0,6.2743918,0.189037455,一萬到十萬,109.333532
23.0,17.88277776,0.724534451,小於一萬,80.758585
45.0,10.97413389,0.165895992,大於百萬,155.50458
21.0,1.55131274,0.198567755,小於一萬,70.554559
76.0,27.79645954,3.915785408,大於百萬,270.355105
48.0,20.83411647,0.539190245,一萬到十萬,171.739091
17.0,4.75585335,5.440347967,十萬到百萬,58.435985
64.0,22.46616939,7.150085369,小於一萬,233.015469
42.0,5.92914268,0.934337091,十萬到百萬,153.53219
89.0,30.08565306,4.965533461,小於一萬,314.483948
61.0,20.16105438,3.305574466,小於一萬,219.188777
27.0,8.72023728,1.05124005,一萬到十萬,100.641571
35.0,17.76937744,1.421504768,十萬到百萬,123.868558
20.0,12.91275537,0.141228007,一萬到十萬,66.20189
58.0,13.94936767,4.793888364,大於百萬,210.060346
89.0,30.98092574,4.599569215,小於一萬,318.045207
35.0,7.88170522,1.73269323,一萬到十萬,129.069486
40.0,13.50408741,1.5672662,十萬到百萬,139.075149
26.0,10.81384681,2.310877745,一萬到十萬,95.28065
49.0,13.50306851,0.392220254,一萬到十萬,172.79517
54.0,22.28131461,1.493831312,小於一萬,190.977541
57.0,20.88550566,0.552810251,大於百萬,202.791992
79.0,20.47557359,4.375098213,小於一萬,276.546509
54.0,18.61129829,5.139317624,大於百萬,192.109175
98.0,32.97063473,7.890909685,一萬到十萬,349.063833
79.0,29.27454206,1.791240836,小於一萬,278.783037
38.0,14.03210293,0.298856444,大於百萬,141.217673
34.0,9.51089467,0.979738318,大於百萬,118.342401
64.0,17.61714144,5.116676896,一萬到十萬,228.54247
52.0,18.40548389,4.588627993,一萬到十萬,182.230109
25.0,5.38465635,0.63199073,十萬到百萬,83.574354
61.0,17.07116687,3.800921079,小於一萬,222.596375
40.0,8.20985057,5.633470777,大於百萬,142.849144
84.0,28.25824209,4.849899418,十萬到百萬,298.12401
50.0,15.36043208,7.610970713,一萬到十萬,175.93378
94.0,30.74081606,1.325993613,一萬到十萬,335.527953
54.0,17.88647662,2.236199275,十萬到百萬,191.637788
63.0,19.28371879,0.481806199,小於一萬,224.112962
93.0,29.08470705,9.310734949,十萬到百萬,327.240447
38.0,4.33884304,0.028073247,十萬到百萬,139.834365
78.0,24.73579762,4.85653667,小於一萬,279.52277
52.0,10.65220223,0.81995501,大於百萬,184.1597
46.0,15.73424826,3.670681166,十萬到百萬,160.467581
75.0,29.03335197,1.937485672,十萬到百萬,265.965619
80.0,21.82701759,1.183157336,大於百萬,284.293468
35.0,13.94233165,1.387046445,十萬到百萬,123.552959
53.0,24.63674178,3.396340616,大於百萬,186.807815
71.0,17.5346403,1.94087322,大於百萬,253.610411
100.0,36.07207366,7.602359551,大於百萬,354.449558
57.0,17.50937376,3.912910486,大於百萬,204.453381
76.0,22.22593968,2.580100287,小於一萬,272.941616
25.0,15.66067741,4.894260232,十萬到百萬,93.293216
68.0,32.64512772,3.405064622,小於一萬,242.521939
45.0,18.09700717,0.102153377,一萬到十萬,160.435104
54.0,19.69719543,1.434318245,小於一萬,193.735841
55.0,10.11533608,2.92221083,十萬到百萬,191.272542
51.0,20.67313753,2.285148533,一萬到十萬,183.61635
70.0,27.8250589,7.517227186,十萬到百萬,251.837384
82.0,33.67469531,8.243045066,小於一萬,290.019848
98.0,34.94758415,3.385312582,大於百萬,351.114204
78.0,15.73486797,0.509432226,大於百萬,281.906863
74.0,24.55606412,3.088863718,十萬到百萬,260.014311
83.0,32.56646841,5.179906086,小於一萬,295.781829
60.0,19.56382452,3.911593076,十萬到百萬,213.841872
21.0,5.41799956,4.626973896,十萬到百萬,72.738979
10.0,5.49050742,2.469998038,小於一萬,37.319328
38.0,6.35339374,2.851748052,一萬到十萬,137.731737
33.0,11.22418965,5.585571387,十萬到百萬,115.060685
60.0,13.09853245,5.210825936,一萬到十萬,215.583359
25.0,1.83377248,1.466704533,大於百萬,90.30093
37.0,14.07541414,0.27774083,小於一萬,131.666253
33.0,8.23107921,1.830718076,一萬到十萬,118.463665
13.0,1.68598522,1.511993819,小於一萬,49.080144
40.0,13.94665782,2.117291138,大於百萬,138.023957
47.0,19.42239584,3.602285923,大於百萬,167.120797
65.0,19.80994369,6.390368242,大於百萬,232.327337
94.0,33.41641605,4.995088425,十萬到百萬,333.055041
88.0,31.06040008,5.598760009,一萬到十萬,313.124945
26.0,1.99592436,0.167337894,小於一萬,90.950734
79.0,17.97181312,1.541124943,一萬到十萬,281.534277
16.0,1.41451001,1.221977592,大於百萬,59.307226
42.0,15.20469724,2.230216304,小於一萬,151.224807
78.0,31.21946728,7.587730571,小於一萬,270.653595
98.0,32.21629028,5.011827563,十萬到百萬,346.207049
99.0,31.83537627,7.836499255,十萬到百萬,354.736674
40.0,7.85224361,0.349657474,一萬到十萬,144.15591
24.0,4.79985069,0.570028459,大於百萬,90.333152
79.0,23.62769699,4.313288112,一萬到十萬,283.23928
11.0,7.39852738,1.313158384,一萬到十萬,37.992923
42.0,6.58132946,1.641510704,大於百萬,148.464825
56.0,12.41464256,0.67122054,小於一萬,196.594508
46.0,13.43845073,1.228182851,十萬到百萬,161.9678
65.0,17.07409018,1.832808412,一萬到十萬,236.706724
54.0,14.96723698,0.840083166,小於一萬,187.656447
11.0,8.57213236,3.802582991,大於百萬,40.677451
96.0,29.649119,5.09171967,大於百萬,343.114423
49.0,8.28316356,1.257285088,十萬到百萬,177.44369
33.0,0.94680009,0.659368424,大於百萬,118.092968
83.0,31.67189416,3.754571593,一萬到十萬,296.638694
47.0,18.34351719,1.261528644,一萬到十萬,167.408102
35.0,14.30888641,1.266797266,十萬到百萬,123.467245
76.0,30.18229439,4.016900096,大於百萬,269.390206
65.0,23.33843751,3.875179167,大於百萬,233.989406
21.0,5.09281875,1.400162555,十萬到百萬,81.000137
43.0,14.62315899,3.608015493,小於一萬,154.264706
88.0,25.78800886,5.001771868,大於百萬,309.293335
44.0,18.94795499,2.229813818,一萬到十萬,160.579639
72.0,18.15760992,3.376908824,大於百萬,254.456662
43.0,18.23019243,4.079293023,小於一萬,155.599195
31.0,12.32745975,1.450388739,十萬到百萬,106.762541
61.0,24.66064552,3.371495534,十萬到百萬,217.44237
79.0,23.13587607,1.40636985,小於一萬,279.512617
82.0,25.84421495,5.576685984,小於一萬,294.43599
31.0,6.90010505,0.7423989,小於一萬,111.826884
38.0,14.81513871,6.190336545,十萬到百萬,135.216518
38.0,8.93794786,0.801876265,一萬到十萬,134.780038
49.0,13.85687212,0.150053364,小於一萬,173.756497
62.0,30.09534582,8.267241169,小於一萬,220.853926
63.0,18.44423052,0.952442375,大於百萬,220.344136
43.0,4.24682801,1.182699755,一萬到十萬,151.641576
36.0,20.90492829,1.336251172,小於一萬,129.495484
81.0,27.33577511,5.263650376,一萬到十萬,290.777574
78.0,28.99112621,6.265845002,一萬到十萬,275.48687
83.0,30.05661135,4.918533475,大於百萬,297.358961
47.0,19.60088777,8.160758956,十萬到百萬,166.975854
22.0,11.78493468,0.009092532,小於一萬,80.962315
62.0,27.59890985,3.606600914,小於一萬,218.202092
56.0,14.65286853,2.096605189,十萬到百萬,200.450163
14.0,4.43279846,0.637216069,十萬到百萬,48.503178
75.0,22.3029843,5.177042419,大於百萬,268.767539
11.0,1.77342788,1.882742602,小於一萬,40.816884
48.0,21.5039439,4.735400459,十萬到百萬,168.056491
69.0,26.58051398,5.179786502,十萬到百萬,247.643623
36.0,13.80111588,1.731192518,小於一萬,129.236675
24.0,6.15511645,1.258231325,一萬到十萬,86.583221
98.0,27.41215735,4.655176013,大於百萬,351.417913
52.0,20.82910512,3.906481634,小於一萬,182.748732
58.0,14.62053793,1.667640013,十萬到百萬,204.833802
20.0,7.51826398,1.381464824,小於一萬,68.42501
74.0,26.13517633,5.781930642,大於百萬,263.372678
57.0,16.93276889,0.570012164,十萬到百萬,205.320967
43.0,9.72673605,0.337998227,大於百萬,152.254668
63.0,14.02166314,2.265041568,小於一萬,226.196057
45.0,16.51570417,6.973442838,一萬到十萬,160.170014
69.0,26.11436417,2.022409609,小於一萬,244.267056
58.0,17.79137836,4.621131863,大於百萬,201.908505
54.0,23.74559638,3.850858082,大於百萬,187.491383
16.0,6.00443197,2.725432887,大於百萬,56.858099
49.0,15.85805646,3.969103203,十萬到百萬,173.151929
44.0,14.63163885,0.635238342,小於一萬,156.863268
15.0,1.4469838,2.921059933,一萬到十萬,56.04128
43.0,12.51243715,2.496333383,十萬到百萬,149.232431
68.0,21.28876131,3.213254208,小於一萬,239.413659
97.0,32.3661171,2.549591051,小於一萬,351.790474
11.0,15.25965583,1.938091205,一萬到十萬,42.719955
24.0,18.9731144,5.827214413,大於百萬,91.065453
62.0,23.86330204,4.208564348,一萬到十萬,221.483769
63.0,13.47689876,3.355966243,大於百萬,226.135425
46.0,8.06679914,0.508134517,一萬到十萬,165.275953
20.0,3.79975139,2.624138468,十萬到百萬,66.453677
47.0,15.58848883,4.779978973,十萬到百萬,166.45073
59.0,24.08190215,3.331667207,一萬到十萬,211.636724
96.0,32.89164931,2.377670015,小於一萬,344.664982
21.0,11.16659227,1.464148126,大於百萬,69.807732
37.0,16.69619826,4.790839785,一萬到十萬,131.250026
26.0,14.75836595,0.605994361,小於一萬,93.881056
77.0,34.14759364,6.433184714,大於百萬,270.348981
43.0,15.03138623,0.742116974,十萬到百萬,152.049374
64.0,14.60464647,1.769477138,小於一萬,220.304746
46.0,25.28199938,2.798757505,十萬到百萬,163.639621
100.0,36.07233519,7.343767899,一萬到十萬,353.618634
45.0,23.88271762,3.316917257,小於一萬,159.419688
96.0,27.05157984,2.847943087,小於一萬,339.68796
28.0,5.20006347,2.294252711,大於百萬,100.868262
51.0,18.27354261,4.86975182,小於一萬,177.243541
92.0,32.16716867,6.726771343,一萬到十萬,331.931511
78.0,29.99020666,4.661344669,十萬到百萬,278.864811
22.0,4.07978885,0.922612615,十萬到百萬,81.130909
85.0,24.15551314,4.220903998,十萬到百萬,303.297686
37.0,10.25291621,0.86532872,小於一萬,135.530079
51.0,14.76555949,4.811434198,小於一萬,180.756591
45.0,8.41713121,4.06002921,大於百萬,156.884424
17.0,10.65327885,1.82859956,大於百萬,61.88191
90.0,30.48464888,5.005497564,十萬到百萬,316.461115
96.0,25.060946,8.261168242,一萬到十萬,338.015537
38.0,12.76650992,0.102854565,小於一萬,142.357095
59.0,19.70210755,3.903538448,小於一萬,207.092493
54.0,17.47277703,1.477320945,大於百萬,194.026262
50.0,22.48656303,4.686640068,大於百萬,170.814517
20.0,7.83370945,4.783670357,十萬到百萬,71.074659
69.0,21.91504373,1.356265564,一萬到十萬,245.810215
14.0,12.22643543,2.751871742,大於百萬,51.785633
39.0,4.85612301,0.874163256,大於百萬,131.077254
77.0,28.85380575,6.217753837,一萬到十萬,279.765548
34.0,17.36318028,4.198920401,大於百萬,118.859904
97.0,31.70701011,4.365166691,小於一萬,347.15476
32.0,8.30783087,3.835013023,一萬到十萬,112.929838
16.0,14.11605382,2.421047312,一萬到十萬,56.110375
45.0,15.44215432,1.161453302,大於百萬,160.990806
59.0,21.18724484,1.117233143,小於一萬,206.62121
20.0,1.02842772,0.921794519,小於一萬,72.763942
94.0,28.34632962,2.769185314,大於百萬,341.096146
54.0,15.69645629,3.306405925,大於百萬,184.643663
24.0,7.22579968,1.333769168,大於百萬,81.653904
39.0,2.34719341,0.588160135,一萬到十萬,135.261644
54.0,23.65763584,3.84699715,十萬到百萬,186.285323
82.0,25.14587476,2.923125392,大於百萬,288.746338
73.0,28.4645976,5.545684409,十萬到百萬,256.425226
80.0,23.19605289,8.143661019,小於一萬,283.199889
35.0,15.25354503,0.935726218,大於百萬,123.656186
90.0,32.75641678,1.581845181,大於百萬,321.747878
91.0,40.10852728,7.236170474,十萬到百萬,326.381712
12.0,9.3590629,5.249310703,十萬到百萬,46.287555
72.0,24.68121877,6.002450357,小於一萬,256.037202
24.0,3.59559816,0.980335778,大於百萬,86.937144
29.0,11.27808484,3.290785312,小於一萬,100.802563
16.0,2.07597143,1.435038997,一萬到十萬,52.415119
31.0,11.09229645,1.840255605,大於百萬,111.315657
14.0,6.75482065,4.942437287,小於一萬,47.026115
66.0,26.44214863,3.116634564,小於一萬,237.919528
26.0,10.85572363,1.338036432,一萬到十萬,88.007553
41.0,14.36171426,2.625772385,十萬到百萬,151.794227
74.0,25.11653866,5.846600188,十萬到百萬,261.974796
21.0,1.39737111,1.444591132,小於一萬,77.547948
78.0,29.7134494,5.312680855,小於一萬,271.126009
64.0,16.07763967,2.392235948,十萬到百萬,224.515538
100.0,36.11609149,3.67429598,大於百萬,353.804639
87.0,27.14848005,1.178327441,一萬到十萬,308.233427
43.0,13.84475165,5.092254231,十萬到百萬,156.982317
85.0,27.11256453,5.223855748,十萬到百萬,304.223293
63.0,19.29607338,2.482620404,小於一萬,226.569207
21.0,1.43456188,0.076376517,十萬到百萬,70.077281
20.0,6.6609246,0.657145317,小於一萬,74.78781
98.0,37.29968791,5.509882621,十萬到百萬,346.949036
10.0,8.93908484,1.008130201,一萬到十萬,34.101895
98.0,27.03638314,3.360608235,十萬到百萬,350.202644
49.0,21.10566879,7.20966175,十萬到百萬,170.04574
78.0,23.73785644,7.551389095,小於一萬,272.079125
75.0,23.48296489,3.750273951,一萬到十萬,263.375045
14.0,0.50890917,1.278568268,小於一萬,47.789858
69.0,20.97212652,3.386159119,小於一萬,242.465261
35.0,7.82034146,0.16292609,一萬到十萬,120.937509
21.0,1.38031107,5.286680958,十萬到百萬,80.940725
42.0,12.05907089,1.472850958,一萬到十萬,146.823453
41.0,5.52639366,0.482566921,一萬到十萬,147.427697
54.0,22.93800806,0.049662684,小於一萬,188.461114
26.0,10.59953251,0.679275349,大於百萬,91.922297
12.0,13.93826554,0.411806407,小於一萬,43.62627
19.0,4.71875797,1.231213712,小於一萬,71.687776
51.0,19.84177838,4.035106928,一萬到十萬,178.557418
52.0,23.99344773,0.519212296,大於百萬,190.185345
13.0,11.95248101,3.326804424,小於一萬,52.443773
97.0,37.55223206,6.093938019,大於百萬,348.678387
21.0,6.75305734,1.970540402,大於百萬,75.124159
42.0,9.04243558,0.400175497,小於一萬,150.463523
16.0,1.0950547,1.784711655,十萬到百萬,55.334173
19.0,3.56232512,1.729921479,小於一萬,62.194232
29.0,4.65072912,2.501837104,一萬到十萬,101.185774
87.0,21.84723897,4.848892139,小於一萬,308.745118
37.0,10.00031472,0.039404657,十萬到百萬,132.621346
19.0,12.52181267,1.924052672,一萬到十萬,66.913097
22.0,0.56149167,0.18288451,一萬到十萬,79.337079
49.0,19.77045829,2.139144069,大於百萬,173.878205
96.0,27.98283498,3.500553519,小於一萬,348.437744
75.0,20.35778359,6.382532621,十萬到百萬,269.037878
48.0,14.11561705,3.328378357,十萬到百萬,175.546158
71.0,21.49219873,5.969253678,小於一萬,253.691009
13.0,4.4183176,0.015489152,小於一萬,44.870534
32.0,10.99662027,0.740323295,一萬到十萬,111.453597
43.0,16.34871104,2.814013458,十萬到百萬,150.626495
12.0,10.2207438,4.46418734,一萬到十萬,45.252693
83.0,24.74086407,5.191617123,大於百萬,289.189089
63.0,14.43895625,2.954981196,一萬到十萬,220.228013
80.0,26.88480845,6.158385471,小於一萬,280.660878
18.0,8.61923361,0.380371928,十萬到百萬,66.169314
72.0,11.81185289,0.497252493,一萬到十萬,256.660799
68.0,18.70863089,1.950714199,十萬到百萬,244.405551
37.0,7.13905622,2.660930829,小於一萬,129.887268
82.0,27.1165686,4.626630461,十萬到百萬,291.531418
100.0,45.08292131,4.511628276,十萬到百萬,352.657695
40.0,11.90789251,1.958036191,小於一萬,138.676998
30.0,13.41725958,6.440215299,一萬到十萬,102.653169
60.0,19.49995648,4.912336165,大於百萬,216.268157
37.0,11.26805079,2.303197825,一萬到十萬,132.828004
93.0,28.03820883,2.924281836,小於一萬,333.966432
82.0,27.29885728,2.750432923,十萬到百萬,289.52301
100.0,28.65671877,3.518439608,大於百萬,358.420739
87.0,33.70789822,3.327272719,小於一萬,309.361668
14.0,6.16769961,0.901902768,小於一萬,45.773789
38.0,10.81858114,0.61243765,一萬到十萬,140.02249
35.0,7.88644763,1.758378079,十萬到百萬,124.256858
44.0,15.28763889,4.180978812,十萬到百萬,157.882209
98.0,25.83842228,6.986829858,一萬到十萬,353.133998
71.0,35.11346181,4.409213287,十萬到百萬,255.797121
91.0,25.30746615,3.608188794,大於百萬,320.439769
41.0,16.68829782,4.329400124,大於百萬,144.353908
85.0,29.38878187,2.734049922,一萬到十萬,302.060017
74.0,30.96750738,13.08395694,十萬到百萬,266.757198
84.0,29.83428924,2.578412201,一萬到十萬,296.142236
93.0,37.70803265,6.43094939,大於百萬,326.264982
29.0,6.04313661,2.687085163,大於百萬,101.719072
63.0,24.27373202,2.836324904,一萬到十萬,220.863588
62.0,19.93974943,1.581668395,十萬到百萬,222.469248
13.0,1.31158398,0.91786893,一萬到十萬,48.232083
67.0,18.24098393,0.564129081,十萬到百萬,234.596018
95.0,35.2543515,7.879232437,一萬到十萬,337.465173
47.0,14.90938897,0.172817665,大於百萬,164.122387
60.0,22.60144502,6.898288302,大於百萬,213.717153
85.0,24.18110445,2.542531154,十萬到百萬,301.994116
77.0,29.86234905,0.917605295,大於百萬,276.173661
89.0,40.0286937,8.219310183,一萬到十萬,313.914923
46.0,15.49815546,0.169996911,大於百萬,166.983312
18.0,7.02206761,0.289604731,一萬到十萬,61.84675
66.0,24.9112458,3.124255381,小於一萬,236.649176
66.0,18.90171732,4.247814704,一萬到十萬,230.321091
95.0,25.54636769,1.963490079,一萬到十萬,333.368255
78.0,21.96746823,2.471420712,一萬到十萬,277.459436
13.0,7.44438336,5.103530387,小於一萬,44.050968
60.0,19.17142898,4.820069297,大於百萬,211.203686
76.0,28.88737713,5.953678828,一萬到十萬,264.664145
28.0,5.55235602,1.01689872,一萬到十萬,100.577659
30.0,11.26567713,0.144117014,十萬到百萬,102.471209
47.0,19.69648546,3.041314013,大於百萬,167.510112
32.0,14.80241086,4.810377057,小於一萬,108.885316
70.0,18.39714752,1.654340278,大於百萬,248.034799
12.0,2.19854356,0.346488071,小於一萬,41.630498
15.0,3.61889035,0.424484925,一萬到十萬,57.132088
99.0,34.51295267,4.817666841,大於百萬,347.672338
78.0,25.44110996,2.025284492,十萬到百萬,272.623282
40.0,8.48301103,1.590988073,十萬到百萬,139.144926
53.0,23.78936741,2.363466948,一萬到十萬,187.812906
20.0,1.34220477,1.901254957,十萬到百萬,77.52464
29.0,8.94341548,2.715735436,小於一萬,105.320521
44.0,12.5643202,4.04894823,小於一萬,153.036183
86.0,31.98979236,4.802363644,十萬到百萬,303.318836
46.0,12.56388433,5.640950375,大於百萬,169.40357
38.0,12.25305035,2.427705252,一萬到十萬,137.920763
40.0,19.63906306,0.795725948,一萬到十萬,146.145686
23.0,9.64461029,2.980151081,一萬到十萬,80.441994
24.0,13.022179,0.776760663,大於百萬,84.819245
21.0,2.43885213,2.350370592,大於百萬,65.534254
12.0,8.46670897,4.076583625,十萬到百萬,41.869916
36.0,15.54358234,4.829662566,十萬到百萬,129.332379
20.0,6.41672078,2.258860613,小於一萬,66.767203
40.0,9.00691591,1.575542558,大於百萬,139.580648
56.0,25.65263615,3.484751126,一萬到十萬,194.243083
55.0,10.70403354,3.313741031,大於百萬,192.220148
56.0,16.5687787,3.151386833,小於一萬,200.381265
70.0,16.25832885,1.726270065,一萬到十萬,252.148411
89.0,32.18271929,3.791252056,大於百萬,316.540034
40.0,20.13539246,4.956791317,一萬到十萬,142.7438
70.0,14.41461909,1.874666304,十萬到百萬,249.998497
74.0,27.96329539,2.837584957,小於一萬,258.375426
84.0,24.84851521,1.84106861,一萬到十萬,302.405518
86.0,18.90730836,4.165039776,一萬到十萬,305.204371
98.0,28.55638293,5.407817067,小於一萬,346.185845
85.0,36.16908593,7.523611218,十萬到百萬,309.666256
29.0,9.61438204,1.02716349,十萬到百萬,105.889148
13.0,1.52393547,3.518965997,小於一萬,51.336908
90.0,25.15940757,2.74330655,小於一萬,322.591039
81.0,24.06207496,1.540092049,小於一萬,292.546531
82.0,28.75451711,1.621090004,十萬到百萬,291.324032
87.0,37.93348578,7.081628466,大於百萬,305.291644
93.0,16.53028988,2.319053522,小於一萬,336.213584
13.0,8.07750159,0.013230147,小於一萬,48.303751
24.0,10.79356441,2.557924297,十萬到百萬,79.268637
43.0,10.50127161,0.545957832,一萬到十萬,153.887538
58.0,19.60865788,2.15523984,大於百萬,210.45849
41.0,11.93316821,0.379865341,小於一萬,144.628402
43.0,17.43919472,2.697972086,十萬到百萬,153.051111
80.0,29.33668376,3.456429808,一萬到十萬,288.178062
68.0,19.98811488,1.958181971,十萬到百萬,236.339815
38.0,5.43386183,4.68229946,大於百萬,134.784298
56.0,14.68210758,3.733367354,一萬到十萬,204.114019
45.0,18.80608405,1.052299168,小於一萬,156.574162
22.0,20.34673491,5.491167097,十萬到百萬,76.961671
69.0,21.04661271,5.599101966,小於一萬,245.643145
82.0,27.87458605,2.319345751,一萬到十萬,287.786164
40.0,6.84043439,2.21127782,一萬到十萬,141.114886
35.0,16.58991748,2.529490549,十萬到百萬,118.10165
67.0,24.34232653,3.136783252,小於一萬,233.9109
53.0,25.68728247,5.371543508,小於一萬,192.097796
44.0,13.79194397,4.325957086,大於百萬,155.787445
59.0,18.73693928,4.166428183,小於一萬,210.688643
61.0,24.55433977,4.214668094,小於一萬,219.877294
70.0,15.2477262,4.587703384,大於百萬,247.139401
63.0,19.33340894,6.70398406,小於一萬,225.461042
30.0,6.43377166,0.718034664,大於百萬,106.652765
87.0,35.64589864,5.481844244,大於百萬,307.499928
83.0,32.79010616,10.2437346,十萬到百萬,296.812238
84.0,17.79784434,2.45772109,十萬到百萬,299.045775
93.0,14.97152964,4.950837638,小於一萬,330.152383
27.0,7.77263697,0.026536086,一萬到十萬,91.739145
77.0,24.50900907,5.51559835,十萬到百萬,272.549011
100.0,30.43535718,5.012795155,十萬到百萬,353.838193
59.0,16.84366435,1.582101781,一萬到十萬,207.189311
90.0,29.74804469,0.191958978,十萬到百萬,323.089058
89.0,18.42630998,3.158669402,大於百萬,316.314865
38.0,15.1755205,3.707866988,一萬到十萬,139.34466
46.0,13.18020546,3.23549134,一萬到十萬,160.095153
39.0,13.18725635,2.766352269,大於百萬,140.415286
87.0,28.08387256,3.530834327,十萬到百萬,308.82625
35.0,16.6133403,2.9376344,小於一萬,128.471735
85.0,22.85941276,7.506443292,小於一萬,300.249264
75.0,20.77119006,1.930360197,小於一萬,268.862987
97.0,38.2427277,7.11700822,一萬到十萬,350.114037
36.0,19.40384887,3.950262553,一萬到十萬,128.580085
14.0,11.24439034,2.602426966,十萬到百萬,53.871494
54.0,27.34182453,5.53069564,十萬到百萬,188.944877
52.0,19.83234262,1.810460465,大於百萬,188.852324
88.0,37.28722266,11.96433309,一萬到十萬,311.773774
45.0,17.0231992,1.057001575,十萬到百萬,165.631359
41.0,3.92154002,2.527850591,小於一萬,145.9192
25.0,14.16591288,0.496059904,小於一萬,87.279779
100.0,29.61090382,4.297266947,十萬到百萬,355.411331
98.0,26.23075658,4.307673455,十萬到百萬,347.57474
64.0,20.53317132,4.245637001,一萬到十萬,226.780651
64.0,14.11271658,3.313544954,小於一萬,227.190332
44.0,8.4470342,1.086840262,十萬到百萬,164.238952
63.0,10.24455279,1.64791391,小於一萬,218.159984
60.0,12.23406316,1.659737604,一萬到十萬,214.191754
31.0,17.35504181,2.289854925,小於一萬,108.733932
24.0,9.74808552,0.409903698,大於百萬,85.237915
32.0,9.63462802,4.311247152,大於百萬,117.126083
48.0,12.5319978,1.825444389,一萬到十萬,171.303376
38.0,21.97177734,3.883806758,小於一萬,138.001052
18.0,14.46110551,2.347338423,十萬到百萬,62.328507
54.0,26.55541659,4.633747811,小於一萬,192.943678
41.0,19.71084564,2.568993237,十萬到百萬,144.537599
54.0,23.84382575,2.481614073,十萬到百萬,191.581724
31.0,18.12941166,3.425164997,大於百萬,113.548098
16.0,1.11421561,0.124305507,一萬到十萬,55.749758
40.0,14.68525338,1.862294023,一萬到十萬,140.531246
17.0,3.98030862,0.779478748,小於一萬,60.506121
57.0,21.06609239,1.367707729,十萬到百萬,199.478327
30.0,22.46689109,4.616527829,一萬到十萬,104.444666
10.0,2.19770932,1.486695536,十萬到百萬,31.402262
24.0,7.16376032,3.215148198,一萬到十萬,87.760362
68.0,27.81491888,2.873346769,小於一萬,243.286434
31.0,7.0470152,4.181179206,小於一萬,107.972791
38.0,18.90360911,4.889993447,大於百萬,131.101519
52.0,12.8135709,3.97040315,一萬到十萬,182.977191
57.0,25.31524585,3.522263977,小於一萬,203.771826
12.0,7.52587111,4.351137632,小於一萬,45.368482
13.0,12.37241338,6.51582713,一萬到十萬,46.127596
67.0,22.5334402,1.805945665,小於一萬,241.305238
41.0,15.399307,1.168398986,十萬到百萬,150.258849
85.0,32.16505613,5.313501318,十萬到百萬,299.831784
79.0,23.39125587,5.083688528,小於一萬,281.860946
60.0,19.01558716,5.895165277,十萬到百萬,214.457614
34.0,13.8062023,1.953826728,一萬到十萬,120.067237
92.0,29.64528436,2.641853177,大於百萬,330.26432
36.0,19.22949803,3.440342386,一萬到十萬,130.555109
38.0,16.08943737,2.525347278,一萬到十萬,138.026903
21.0,8.64868491,6.921289406,小於一萬,73.54133
16.0,2.08185867,2.995109293,一萬到十萬,53.803152
50.0,10.70249963,3.106184502,小於一萬,181.483982
50.0,16.96804126,3.494945946,十萬到百萬,178.128762
49.0,16.59159546,0.394758957,一萬到十萬,177.308789
80.0,32.20083678,5.583016234,一萬到十萬,282.61784
55.0,18.58636671,2.324645797,十萬到百萬,197.708576
55.0,18.05470687,3.922401368,小於一萬,193.652514
42.0,14.64938056,0.651575128,十萬到百萬,150.462017
78.0,24.89028294,3.531093274,大於百萬,277.094071
63.0,15.49398588,0.383257582,大於百萬,222.690372
29.0,12.05821148,2.638573422,小於一萬,101.255978
69.0,34.17860922,5.927940808,小於一萬,240.035022
32.0,16.82166633,1.585219121,一萬到十萬,114.669542
28.0,18.40492335,2.688172679,小於一萬,102.388622
76.0,31.20750747,4.292261144,十萬到百萬,271.222418
88.0,25.79314124,3.094833521,小於一萬,317.037426
91.0,30.72941231,8.1039854,小於一萬,327.005588
54.0,4.34189637,1.135469579,大於百萬,191.964905
13.0,1.06730104,0.825314156,大於百萬,45.406622
83.0,26.50247528,5.901473185,大於百萬,296.326787
11.0,7.63301487,4.595993855,大於百萬,40.911164
44.0,12.01934706,4.631654336,小於一萬,160.052295
11.0,4.51280094,2.2934618,小於一萬,35.050805
11.0,8.23182009,1.674710688,一萬到十萬,37.029669
29.0,14.4341063,0.463277331,大於百萬,104.352665
74.0,27.4972281,4.245206285,十萬到百萬,260.700882
68.0,18.96855432,3.658658469,大於百萬,238.599751
28.0,15.73250128,7.952641069,十萬到百萬,101.239819
70.0,22.02797304,5.556095046,大於百萬,247.972588
36.0,8.84011251,0.962941668,小於一萬,125.387064
25.0,8.5772948,1.765273027,一萬到十萬,88.391522
92.0,37.09719741,5.853243068,一萬到十萬,325.258368
82.0,34.76779038,4.248044829,一萬到十萬,292.177417
40.0,8.2105805,0.54506686,一萬到十萬,142.494861
13.0,2.52894652,1.071299959,十萬到百萬,44.474793
33.0,5.33871073,2.31694426,大於百萬,120.252124
70.0,19.86645844,1.948666468,一萬到十萬,251.241492
53.0,19.93695574,5.788043334,小於一萬,182.593756
21.0,8.22872638,1.59572773,十萬到百萬,72.916447
48.0,10.8228892,1.350736827,十萬到百萬,162.161589
38.0,10.62808317,4.223887377,小於一萬,136.929996
34.0,10.92058269,1.175521194,小於一萬,117.111484
77.0,22.9553127,2.642504816,十萬到百萬,272.632136
64.0,24.05736443,8.153003774,十萬到百萬,226.603694
71.0,24.37537742,3.050471293,大於百萬,253.859973
18.0,1.27118065,1.050902776,十萬到百萬,62.800198
47.0,14.73574073,0.827430976,小於一萬,168.49977
62.0,23.88464708,4.74068007,十萬到百萬,219.881119
35.0,18.81472652,3.041468747,十萬到百萬,123.952141
71.0,25.76614235,4.75250808,大於百萬,256.223601
91.0,33.66042024,7.639596242,十萬到百萬,321.265737
87.0,31.07122783,4.894238959,小於一萬,309.660917
97.0,28.72454528,6.334771996,十萬到百萬,348.109648
77.0,27.90609645,4.144917168,大於百萬,277.733409
86.0,27.46516556,4.518231362,一萬到十萬,305.516268
15.0,5.99308278,0.052900571,大於百萬,54.19133
23.0,7.15259883,2.853751524,十萬到百萬,84.823263
55.0,22.93162206,2.01995944,小於一萬,195.896348
88.0,24.62803209,9.751647012,一萬到十萬,314.492417
79.0,25.95737332,5.781871261,十萬到百萬,282.971744
100.0,28.59728685,6.150342746,十萬到百萬,350.251435
68.0,19.16538374,0.917988194,小於一萬,240.393743
99.0,44.86129883,8.579322566,大於百萬,355.148081
21.0,5.18032691,1.332821498,小於一萬,77.692552
27.0,7.28008896,2.179478014,一萬到十萬,96.749373
32.0,12.08256585,0.365613326,大於百萬,112.275613
47.0,11.50318371,2.519338224,小於一萬,162.315614
89.0,28.3891393,2.447626741,大於百萬,318.302988
100.0,39.30321723,7.077221972,一萬到十萬,355.895104
16.0,7.32769733,3.236219566,大於百萬,58.137984
17.0,13.33245508,3.854678784,十萬到百萬,61.398753
41.0,6.03282696,6.145541885,大於百萬,146.562088
90.0,32.98908421,5.114303431,大於百萬,321.266614
32.0,11.21930355,0.656788657,一萬到十萬,114.729088
18.0,10.65529469,1.368274421,一萬到十萬,64.709884
82.0,32.44415878,5.42544944,小於一萬,291.1947
71.0,17.55050904,4.041451356,大於百萬,252.373213
16.0,6.35291413,5.654725259,小於一萬,64.560535
61.0,20.19729211,1.344451932,一萬到十萬,214.740705
26.0,14.81694261,5.930061418,十萬到百萬,95.036069
18.0,7.7594925,1.463724215,一萬到十萬,66.349387
12.0,14.33248452,0.653011165,小於一萬,43.058872
24.0,11.01989424,0.759861818,大於百萬,86.737324
21.0,16.69215422,1.982434619,大於百萬,72.216447
50.0,11.36398701,2.32129586,十萬到百萬,185.310293
33.0,1.02926417,1.512697044,大於百萬,112.315408
29.0,8.2176075,1.975593443,小於一萬,103.872703
68.0,25.61370018,6.464483068,小於一萬,241.034347
92.0,28.10042831,6.381561037,大於百萬,325.161014
24.0,0.89452205,1.024989237,一萬到十萬,85.811648
21.0,5.71915316,1.08986217,一萬到十萬,75.266001
43.0,7.64010461,2.263525827,十萬到百萬,150.110265
90.0,36.33821886,6.054413782,小於一萬,321.134433
91.0,35.43036545,4.872217981,小於一萬,324.852501
31.0,0.41744117,1.904980213,大於百萬,111.394025
75.0,24.46123389,7.508531221,小於一萬,261.515351
19.0,7.29935907,1.577311553,一萬到十萬,71.39785
16.0,3.88688728,1.722977656,十萬到百萬,54.578557
85.0,18.80897495,5.653697173,大於百萬,303.02714
12.0,5.30937103,0.886191819,一萬到十萬,40.690359
15.0,2.23429341,1.07771826,十萬到百萬,55.009712
47.0,18.2339617,0.827545346,十萬到百萬,166.13722
41.0,12.99793945,3.006704771,一萬到十萬,147.386756
57.0,17.26553001,3.183217517,十萬到百萬,205.651697
42.0,6.40945208,3.61896382,十萬到百萬,144.0515
70.0,15.3541893,1.049369556,一萬到十萬,250.751388
47.0,7.90349252,1.551582154,一萬到十萬,173.589607
55.0,19.7220372,4.378775534,一萬到十萬,195.561476
46.0,10.35752477,6.720744372,大於百萬,161.899223
61.0,17.99966763,0.689676121,小於一萬,210.805044
99.0,36.73607325,7.608349815,小於一萬,347.754681
53.0,5.8566168,2.762125352,小於一萬,190.619282
98.0,33.64967765,5.078640803,一萬到十萬,348.707344
55.0,16.34726096,1.401877027,一萬到十萬,193.398946
14.0,8.00126585,4.18783431,一萬到十萬,51.442984
53.0,24.70222638,0.169467336,十萬到百萬,192.124909
78.0,26.04688499,2.488182726,十萬到百萬,276.249062
54.0,17.13626299,3.315389379,小於一萬,190.214326
36.0,1.54654456,0.259152416,一萬到十萬,128.341659
90.0,29.0968972,6.041618334,大於百萬,322.836333
54.0,9.96601316,1.321266997,大於百萬,195.267905
27.0,5.59584533,1.583301743,大於百萬,98.554111
86.0,27.73800583,5.293540405,大於百萬,307.893332
25.0,5.73996565,0.235851848,大於百萬,83.430907
37.0,12.22871601,1.749290106,十萬到百萬,129.014839
55.0,14.4918081,3.340074777,十萬到百萬,195.951428
74.0,21.19623719,2.288930782,小於一萬,265.219798
64.0,26.71359667,7.772853029,一萬到十萬,229.952856
92.0,30.33052366,6.592402221,大於百萬,329.550647
63.0,28.35259165,4.69537646,十萬到百萬,229.141912
74.0,20.42705084,6.319060522,大於百萬,261.931446
47.0,19.83138083,2.825675852,一萬到十萬,170.979336
86.0,33.25005023,10.0637457,大於百萬,304.428485
88.0,30.24576552,6.376378066,大於百萬,313.260459
21.0,0.22083504,2.792110085,一萬到十萬,74.899736
32.0,11.95566454,3.206331913,小於一萬,115.616933
55.0,16.86494698,4.255422961,一萬到十萬,194.398801
43.0,15.88374141,0.352862306,小於一萬,152.493071
49.0,14.29071783,4.671001994,小於一萬,172.890876
47.0,13.73828647,3.330651447,小於一萬,169.254708
23.0,3.51026126,1.060978149,一萬到十萬,84.486588
62.0,16.44434995,7.48999682,小於一萬,217.919005
75.0,29.3906457,5.909569393,十萬到百萬,267.044336
67.0,17.5538255,3.39216147,十萬到百萬,237.742495
82.0,25.51805538,2.738878738,十萬到百萬,288.530583
31.0,12.53100733,2.685308786,小於一萬,114.048761
92.0,25.05226608,7.118749557,一萬到十萬,333.018506
92.0,31.09859014,5.451928941,十萬到百萬,328.209159
47.0,16.5207045,0.595258971,一萬到十萬,171.732331
65.0,23.37873921,0.496559529,十萬到百萬,240.27168
37.0,6.1284366,1.455540155,十萬到百萬,130.21727
25.0,1.89659105,1.966394722,一萬到十萬,84.309435
83.0,26.87088292,3.440192694,小於一萬,296.705127
27.0,7.35157984,3.159416944,十萬到百萬,96.745912
64.0,25.52828252,3.140870036,小於一萬,226.276965
89.0,29.61754574,4.126546307,一萬到十萬,312.550049
35.0,7.1987786,1.50952132,小於一萬,128.737287
34.0,1.38372486,1.830701441,一萬到十萬,124.865393
92.0,35.20135777,3.687555874,一萬到十萬,330.053293
68.0,16.41037116,3.082835585,大於百萬,243.34308
32.0,5.47195557,0.672964457,一萬到十萬,110.374864
68.0,30.72403855,7.606630452,一萬到十萬,237.648111
50.0,22.72817663,3.794120277,十萬到百萬,184.040212
42.0,25.04344301,7.954162784,大於百萬,151.130227
89.0,32.42627304,5.848850272,小於一萬,319.503446
60.0,18.47461371,1.883694635,十萬到百萬,210.468958
72.0,33.19821998,2.388289664,一萬到十萬,257.236723
69.0,28.45307095,7.099474906,小於一萬,245.189391
77.0,31.94357839,4.004854458,一萬到十萬,274.583842
72.0,24.40263571,1.995127175,大於百萬,253.708224
98.0,33.80416617,6.854701422,大於百萬,349.641083
25.0,0.98114016,1.377660378,小於一萬,92.302431
19.0,7.78950723,4.06782199,大於百萬,62.079524
52.0,18.43202672,5.483112242,大於百萬,178.191468
60.0,27.28676842,4.912130766,十萬到百萬,216.626332
82.0,31.27216356,7.156201274,十萬到百萬,292.800006
51.0,19.50772328,3.276653643,十萬到百萬,182.888771
33.0,5.80982087,1.228691086,十萬到百萬,112.811066
61.0,20.21722551,6.875922114,小於一萬,216.681154
95.0,43.12933167,10.17498349,一萬到十萬,339.871732
78.0,28.71579999,6.852004197,小於一萬,278.850835
98.0,33.92428664,7.869647949,小於一萬,350.259398
40.0,22.15892791,1.900721502,十萬到百萬,138.113811
53.0,12.94363013,1.404957117,十萬到百萬,187.157555
14.0,4.64317573,0.637375788,一萬到十萬,53.974615
100.0,37.403986,6.441653552,小於一萬,354.572402
58.0,19.21888874,0.582177191,一萬到十萬,209.017956
10.0,5.82516705,0.105714735,大於百萬,33.929084
46.0,22.09302415,3.789152807,大於百萬,167.40784
56.0,15.38414712,1.618385333,十萬到百萬,197.273013
79.0,28.96967508,5.72254515,小於一萬,281.355419
85.0,30.35464777,7.753122794,一萬到十萬,305.612061
45.0,14.29397472,1.906690103,大於百萬,156.463371
26.0,18.65206124,5.769453827,小於一萬,92.760073
63.0,22.61215309,5.02351081,小於一萬,228.615892
69.0,21.00808675,2.478178486,一萬到十萬,244.181839
73.0,32.16939905,6.718189775,小於一萬,264.139901
51.0,18.95737635,2.877555299,大於百萬,183.484046
60.0,22.22851939,1.901751815,一萬到十萬,212.516227
65.0,16.2577251,3.206348981,小於一萬,231.657468
77.0,25.66988236,2.14056622,一萬到十萬,273.284274
32.0,21.47726978,3.45746956,大於百萬,113.675139
18.0,3.39823638,0.905116643,大於百萬,64.50258
42.0,15.21523612,1.501445964,小於一萬,145.216475
94.0,28.65512418,7.869187058,小於一萬,337.397975
35.0,16.29976047,0.058387425,大於百萬,124.029384
24.0,11.18989537,0.329939678,小於一萬,83.489053
54.0,14.11905996,4.21564213,小於一萬,190.284464
51.0,11.85768831,0.976363129,十萬到百萬,184.239553
60.0,11.20191354,3.278170228,一萬到十萬,210.069569
92.0,31.62614758,2.225636163,十萬到百萬,327.818253
30.0,2.76316192,1.491292036,小於一萬,108.70799
56.0,22.46814636,3.369146029,小於一萬,201.690381
94.0,34.83022342,6.007376739,十萬到百萬,330.30906
88.0,31.53306437,4.70058828,一萬到十萬,312.579789
39.0,9.42954998,0.617180797,一萬到十萬,138.267703
29.0,2.17259634,4.208324504,十萬到百萬,103.634866
70.0,24.12286029,1.07874688,小於一萬,252.088242
38.0,13.97381157,2.937255499,小於一萬,133.387627
74.0,29.34550253,3.295645315,小於一萬,262.01244
86.0,29.093976,4.849590492,一萬到十萬,306.090701
38.0,7.88262902,0.921557242,小於一萬,137.586251
60.0,19.07589515,0.028584966,一萬到十萬,215.863021
46.0,18.28916702,3.367685945,小於一萬,162.761069
76.0,29.04312897,1.68483329,一萬到十萬,273.969194
100.0,30.35892668,5.196090554,大於百萬,352.3044
52.0,16.26671791,3.204358716,小於一萬,181.059151
51.0,14.29224744,0.469666552,一萬到十萬,182.526457
51.0,11.93587139,1.614925811,大於百萬,178.227836
77.0,19.19058531,1.96627845,一萬到十萬,279.224426
98.0,30.10192414,6.11314931,小於一萬,348.530441
75.0,32.4386176,4.859321808,一萬到十萬,269.533609
29.0,9.00241271,0.609849942,小於一萬,105.433105
95.0,26.72353586,3.600530083,十萬到百萬,333.922516
21.0,1.50594332,2.438904189,十萬到百萬,73.87342
21.0,4.98146589,3.017010069,小於一萬,75.362155
23.0,5.56466647,0.327746146,小於一萬,82.648714
77.0,31.41643985,5.671164791,十萬到百萬,272.406339
44.0,12.23972705,3.772519962,一萬到十萬,152.541541
23.0,9.66597014,3.653518074,小於一萬,77.787366
56.0,20.55128397,1.437485088,一萬到十萬,200.475809
85.0,24.48397916,5.918985615,一萬到十萬,297.056491
43.0,17.61064561,1.7945904,小於一萬,149.406872
17.0,6.64454094,0.889902454,小於一萬,57.85481
19.0,10.61709956,1.277720616,大於百萬,68.243927
66.0,20.15441348,3.50221048,一萬到十萬,236.001644
95.0,27.53643281,8.981325852,大於百萬,336.431852
13.0,1.43068425,1.661340041,一萬到十萬,46.633332
15.0,4.40561203,3.454121714,大於百萬,49.600353
28.0,2.20850055,1.329471082,大於百萬,104.198021
97.0,28.90739759,3.861604872,一萬到十萬,344.228888
46.0,17.78260917,3.773452773,大於百萬,170.781325
86.0,40.5572006,3.490643013,一萬到十萬,307.832233
86.0,27.93960266,6.37750394,大於百萬,307.718937
22.0,16.95506909,3.637021955,一萬到十萬,78.035767
32.0,17.77874558,6.010796578,大於百萬,108.835265
42.0,8.89819444,2.816417418,大於百萬,144.07533
82.0,24.90431818,4.074219874,一萬到十萬,292.974022
16.0,8.81632066,1.782789571,小於一萬,53.214248
100.0,30.05731411,6.120963746,一萬到十萬,352.013353
72.0,34.51243521,6.146297355,十萬到百萬,258.375426
95.0,28.46452027,3.601174633,十萬到百萬,344.920792
87.0,33.30849773,7.820146668,小於一萬,310.896544
41.0,17.50679395,1.258508241,一萬到十萬,148.060082
16.0,1.6567504,0.038167672,小於一萬,56.462764
82.0,28.51798649,5.24218225,小於一萬,291.563706
67.0,27.53356057,10.45392075,大於百萬,242.587371
100.0,36.73413489,7.359714283,一萬到十萬,354.10397
20.0,4.63643787,5.109243538,一萬到十萬,72.467913
74.0,16.77799061,2.297885997,大於百萬,261.217139
48.0,15.83879227,4.468691942,一萬到十萬,169.207065
27.0,13.22766271,5.247674761,小於一萬,98.781797
35.0,14.07835325,1.116862626,十萬到百萬,121.215797
32.0,7.23516967,4.165978174,一萬到十萬,114.222552
48.0,16.06992836,4.783021098,小於一萬,165.992056
17.0,5.11430462,0.260751503,十萬到百萬,61.813936
49.0,14.16394929,1.040513946,一萬到十萬,173.800016
19.0,11.30005574,1.951961716,十萬到百萬,66.929742
17.0,10.44745162,3.356106421,小於一萬,58.590091
35.0,19.97502187,3.222876164,小於一萬,121.528855
35.0,14.50214433,3.448791566,十萬到百萬,125.162096
40.0,19.94695027,4.409942415,小於一萬,144.876594
88.0,35.54456113,7.522555177,大於百萬,309.903896
91.0,28.08005623,6.062588606,大於百萬,322.373949
24.0,7.47427064,0.440111075,十萬到百萬,84.233636
56.0,21.41117235,3.944672626,一萬到十萬,199.004102
90.0,36.71377854,8.103656838,一萬到十萬,320.678408
36.0,5.4022871,6.949626356,大於百萬,126.940221
45.0,19.52113112,5.018550323,十萬到百萬,159.639575
58.0,18.36779222,4.583140154,一萬到十萬,202.429526
54.0,9.42171819,0.760326336,大於百萬,190.049084
57.0,23.27044919,5.741407966,一萬到十萬,204.236881
89.0,39.10625599,8.950138985,大於百萬,316.186351
58.0,25.10416247,6.380922006,大於百萬,203.677428
37.0,18.37349871,4.085720398,十萬到百萬,136.209059
77.0,34.01181552,4.378510541,小於一萬,279.706342
21.0,19.97442857,1.474610408,大於百萬,64.570811
67.0,15.1421411,2.24962288,大於百萬,240.107728
70.0,16.12366782,4.368896191,小於一萬,253.172404
59.0,23.06216322,2.518604614,一萬到十萬,207.20018
46.0,17.61333015,3.480429694,大於百萬,160.61509
39.0,10.88633139,0.109931925,小於一萬,133.678656
29.0,7.6156871,1.294083271,大於百萬,107.695404
90.0,30.82298689,1.891624828,小於一萬,322.847853
19.0,7.95837325,2.432539852,一萬到十萬,66.429014
48.0,14.59080695,0.457234705,十萬到百萬,175.001346
100.0,32.38632069,6.903400294,十萬到百萬,350.843741
43.0,27.20006849,8.702652377,十萬到百萬,153.656721
45.0,6.13413148,2.619106545,大於百萬,160.398153
47.0,15.70133839,0.377178568,小於一萬,172.141206
41.0,10.00619167,2.910335869,十萬到百萬,146.984459
39.0,17.29712291,2.14164632,小於一萬,135.364396
69.0,20.72249672,1.677068517,十萬到百萬,245.518027
38.0,9.95326912,0.713255761,小於一萬,134.396095
78.0,24.58785494,4.628858613,大於百萬,276.260378
86.0,19.98864888,1.227231469,小於一萬,302.160149
23.0,6.66227091,0.142948635,小於一萬,83.415357
50.0,16.66951578,4.302800082,大於百萬,177.797882
56.0,11.37558877,0.711758296,小於一萬,199.499931
78.0,26.53771888,3.961284729,大於百萬,280.858862
28.0,6.00865604,2.789498789,一萬到十萬,100.805037
22.0,12.65418479,1.185976057,大於百萬,78.51737
14.0,10.43400455,2.627862541,一萬到十萬,49.62291
74.0,21.09890403,3.621742881,一萬到十萬,261.84976
96.0,27.15106798,3.544254764,大於百萬,337.943053
46.0,10.58168047,1.401502174,小於一萬,164.599604
28.0,15.04649578,4.417364136,大於百萬,97.301207
58.0,11.7731273,0.101324028,一萬到十萬,209.293894
94.0,39.22119838,10.42085288,十萬到百萬,336.888405
69.0,23.96530468,4.49419079,一萬到十萬,244.654806
65.0,22.50506462,6.523355861,大於百萬,227.624483
95.0,33.70899235,4.448986898,小於一萬,337.795953
87.0,24.73827816,3.608007687,十萬到百萬,313.193269
20.0,5.52966016,1.538808526,大於百萬,71.378166
65.0,23.29031005,7.389827731,十萬到百萬,229.196974
84.0,28.06256577,3.420994554,小於一萬,294.020782
66.0,15.01433754,3.656985086,大於百萬,230.817199
47.0,20.82015775,3.598794638,十萬到百萬,165.785648
59.0,17.85584792,4.287900392,大於百萬,209.593219
85.0,22.61804745,4.160026631,十萬到百萬,301.370677
21.0,14.44136866,0.342016761,一萬到十萬,74.216487
91.0,29.30289498,2.054143187,十萬到百萬,324.2026
22.0,5.55931568,2.410001518,一萬到十萬,80.303338
92.0,28.84839121,2.581624373,一萬到十萬,331.356586
21.0,2.02771836,0.54277143,小於一萬,70.908767
84.0,23.97771882,4.967358267,一萬到十萬,299.748575
33.0,13.19329779,0.782495368,一萬到十萬,123.85781
58.0,31.49936776,5.37443682,一萬到十萬,203.057894
97.0,33.35293523,5.652608391,大於百萬,344.225406
30.0,11.03989483,0.224889558,一萬到十萬,108.360295
17.0,0.00068395,0.672619169,小於一萬,58.098631
61.0,23.13228707,6.415854366,一萬到十萬,223.43876
56.0,17.73673383,2.094383195,一萬到十萬,201.021538
18.0,7.74591076,1.059993514,大於百萬,56.794607
46.0,24.51757273,1.461142201,大於百萬,162.7824
55.0,20.10848671,2.728374334,十萬到百萬,195.102176
33.0,19.33747589,0.742523265,小於一萬,114.036895
56.0,24.39503194,7.606384879,一萬到十萬,210.568945
59.0,15.50264678,2.655940387,小於一萬,213.43627
56.0,16.13003967,3.866936616,十萬到百萬,196.396466
27.0,14.02210263,1.088194757,小於一萬,98.929091
87.0,22.29068202,3.487820374,十萬到百萬,309.215434
21.0,15.22178197,2.481028664,大於百萬,69.014768
11.0,5.5615863,3.530209276,小於一萬,39.992087
93.0,19.95638677,2.261406312,十萬到百萬,333.579113
89.0,26.90236509,3.092274781,小於一萬,317.316866
58.0,20.06195686,2.818226959,十萬到百萬,210.302454
37.0,16.50000902,3.138409019,大於百萬,130.758891
48.0,10.45590551,1.708632243,小於一萬,170.371989
72.0,11.3926569,4.185864342,十萬到百萬,258.239453
36.0,13.68058332,2.503554117,大於百萬,125.817245
53.0,22.58564193,2.507439565,十萬到百萬,185.527033
25.0,13.96921225,5.209408375,十萬到百萬,90.625185
63.0,18.07295181,4.072741693,十萬到百萬,221.539641
69.0,23.3830835,6.09007978,大於百萬,246.875412
17.0,1.43754627,0.175893869,小於一萬,59.802393
48.0,23.00852362,0.325432503,一萬到十萬,167.343436
23.0,12.8642464,0.024461348,一萬到十萬,84.683707
26.0,3.97700114,0.130780036,十萬到百萬,90.181678
21.0,2.53515514,0.809429431,大於百萬,75.102981
90.0,26.91428685,6.074164732,十萬到百萬,322.466797
23.0,10.70057023,0.582369459,小於一萬,79.201472
89.0,36.77792785,3.933795213,一萬到十萬,322.324528
27.0,2.83815222,0.755762023,小於一萬,98.34374
14.0,1.17132028,2.402996799,大於百萬,47.391724
39.0,9.57408401,2.508975852,小於一萬,139.663301
30.0,9.82059749,3.39200924,十萬到百萬,104.191859
44.0,11.82249558,1.840562767,大於百萬,155.630229
31.0,7.6829845,1.443827375,小於一萬,110.027203
24.0,14.53701186,5.115165808,一萬到十萬,82.959109
53.0,14.10567486,1.324027483,一萬到十萬,188.12297
15.0,9.80964726,2.175099221,大於百萬,51.151737
83.0,24.96773561,6.371890502,一萬到十萬,294.658669
94.0,33.27375618,5.605628024,小於一萬,330.7216
21.0,5.00053917,0.199657398,大於百萬,75.821964
34.0,7.76769258,2.769472522,大於百萬,117.971425
48.0,18.0594551,1.632843105,一萬到十萬,173.49016
38.0,6.21519587,5.315751143,十萬到百萬,138.321124
55.0,15.76697775,3.123576476,小於一萬,197.731274
55.0,11.31363936,1.457213766,小於一萬,192.800062
42.0,15.02521022,4.47224007,大於百萬,151.755395
53.0,15.46760824,3.337645908,十萬到百萬,191.399509
51.0,16.57349003,0.928129377,大於百萬,189.920303
88.0,35.92794676,8.670850647,一萬到十萬,311.908145
74.0,26.3268719,0.204875336,大於百萬,267.457855
49.0,21.10940259,4.247449589,大於百萬,171.189155
56.0,8.7314093,3.349439969,小於一萬,199.5648
23.0,0.84122548,0.663195999,十萬到百萬,82.486511
75.0,30.08100939,6.303425067,小於一萬,268.812033
71.0,30.93431708,4.066906068,大於百萬,251.143669
11.0,3.3357334,1.314762104,十萬到百萬,39.788117
72.0,24.18358539,4.736877628,十萬到百萬,249.427963
32.0,18.32416851,2.612609807,小於一萬,111.19528
47.0,9.26686563,4.040010034,十萬到百萬,164.638095
82.0,23.57063476,5.577005503,十萬到百萬,286.658904
64.0,25.82704983,5.193276624,大於百萬,230.250803
41.0,15.88644602,2.913410175,十萬到百萬,150.177829
62.0,26.58627729,4.520665601,一萬到十萬,222.122981
53.0,10.67865124,3.724557377,一萬到十萬,189.564922
100.0,35.08319587,6.750893552,十萬到百萬,353.128708
47.0,13.83842892,2.524159498,十萬到百萬,166.783832
45.0,14.18460355,5.545421141,大於百萬,153.578704
79.0,20.55638571,2.57738922,大於百萬,281.295396
23.0,6.1158979,2.00102528,一萬到十萬,80.960337
23.0,0.33728094,1.659522761,十萬到百萬,85.585506
60.0,17.8876588,4.215976155,大於百萬,219.154457
28.0,10.82316525,0.023109357,一萬到十萬,94.736895
20.0,3.59437159,0.189194993,一萬到十萬,71.90033
95.0,33.30369314,5.275759812,大於百萬,335.740303
54.0,18.49857849,2.407925531,小於一萬,193.340779
35.0,16.17611461,2.801679964,十萬到百萬,127.059556
63.0,21.11777814,0.500862283,大於百萬,223.870454
62.0,15.96713564,1.18040903,大於百萬,220.054764
52.0,19.52140396,5.296023403,大於百萬,188.037471
41.0,6.72399305,2.762772605,小於一萬,149.345618
80.0,28.50516115,5.403039713,十萬到百萬,284.908997
42.0,17.86317794,4.313004614,大於百萬,152.602186
35.0,14.57976711,3.274513943,小於一萬,124.17635
64.0,13.46172084,1.849160984,十萬到百萬,229.4978
94.0,27.85248821,8.473494927,小於一萬,339.585288
58.0,21.03563703,2.676063422,小於一萬,201.130634
46.0,3.15982994,4.261809686,小於一萬,161.182955
98.0,17.53880402,2.351623952,小於一萬,342.575854
49.0,24.35904434,3.797367287,小於一萬,174.198139
61.0,21.37665498,5.541438341,一萬到十萬,214.290922
80.0,20.53619813,4.65380506,小於一萬,288.312864
23.0,2.8227398,2.647984558,小於一萬,82.076202
72.0,25.9071224,4.715780067,一萬到十萬,260.16967
81.0,29.12147199,7.916414207,小於一萬,289.640586
45.0,9.01652947,2.7795578,一萬到十萬,157.405869
79.0,18.67936578,1.179350528,小於一萬,281.271475
65.0,26.9743057,5.266266037,小於一萬,231.351394
97.0,38.91395638,9.088162781,小於一萬,349.394371
10.0,2.60914311,2.819618562,一萬到十萬,38.767762
31.0,11.05497474,0.739569127,一萬到十萬,114.753198
17.0,10.32892552,0.22490442,一萬到十萬,63.358306
12.0,7.46670429,1.363468221,十萬到百萬,38.139258
20.0,14.68531892,2.331899828,十萬到百萬,68.639899
69.0,23.61530268,5.555739478,大於百萬,246.137609
75.0,27.37790545,6.011353686,大於百萬,261.807769
17.0,6.78222814,2.37336051,小於一萬,61.895921
65.0,23.90796255,2.558253102,大於百萬,234.181453
38.0,9.06026684,0.887353031,大於百萬,139.228628
84.0,26.76644607,3.817537409,十萬到百萬,294.202871
59.0,19.15990669,4.831583416,小於一萬,212.408628
39.0,10.42906573,4.37599992,大於百萬,138.431595
34.0,3.97417691,2.878866014,小於一萬,117.6209
68.0,20.31684589,2.650210785,小於一萬,238.77829
97.0,32.09708248,6.671544862,一萬到十萬,340.841576
26.0,8.09305976,2.677550763,大於百萬,91.567497
61.0,18.08794359,3.124233649,一萬到十萬,217.392453
72.0,23.0710855,0.934353612,小於一萬,253.651294
83.0,29.04890683,1.976047337,小於一萬,287.244693
84.0,34.98456952,11.26042983,大於百萬,301.49312
55.0,14.18862454,4.034137594,小於一萬,196.161492
77.0,28.86749641,3.481911572,小於一萬,270.065323
81.0,32.46276288,7.394593343,一萬到十萬,282.471468
13.0,9.97580717,4.087393544,一萬到十萬,53.368003
80.0,23.62942306,4.262442573,大於百萬,282.859617
33.0,3.88749356,2.279986256,十萬到百萬,116.015302
69.0,23.29045109,5.671686076,十萬到百萬,245.979961
83.0,32.19193052,4.530124006,大於百萬,293.065592
77.0,28.53692221,3.714551546,十萬到百萬,271.690631
28.0,11.42209084,0.986710374,十萬到百萬,93.291729
100.0,30.10706369,8.054539885,十萬到百萬,357.788195
69.0,13.21271627,2.51343887,十萬到百萬,245.463505
84.0,23.15883778,6.493394974,大於百萬,301.979689
33.0,16.36099547,2.198071571,小於一萬,116.679891
15.0,0.98743219,1.921882034,小於一萬,50.353373
83.0,30.02002826,6.922303959,十萬到百萬,298.24634
86.0,24.78624404,6.349962293,十萬到百萬,309.204327
41.0,12.26171856,1.62291368,十萬到百萬,146.659516
92.0,30.28793619,5.38930619,一萬到十萬,326.948196
22.0,2.68557125,2.783753323,大於百萬,84.115663
42.0,15.79333037,1.878801595,大於百萬,148.790258
24.0,9.22585471,3.542555386,一萬到十萬,90.494264
51.0,12.78804679,3.632374533,大於百萬,185.551823
36.0,11.33544306,0.147556766,一萬到十萬,134.956475
65.0,24.23743524,5.698040664,十萬到百萬,225.452594
48.0,7.63938381,0.025406846,十萬到百萬,171.001567
50.0,14.7442409,2.676620177,十萬到百萬,176.91051
35.0,4.43577282,0.372863616,大於百萬,126.653957
51.0,14.59833479,1.9868408,一萬到十萬,178.522642
27.0,16.23737165,3.19229395,一萬到十萬,93.618855
46.0,15.49217812,1.251590075,大於百萬,164.198893
99.0,25.0654369,5.419793658,一萬到十萬,352.158873
36.0,14.29764842,4.724222889,十萬到百萬,128.136948
88.0,38.86435129,2.621418947,小於一萬,311.114695
62.0,21.56658905,1.046840025,小於一萬,219.900144
30.0,14.79008358,4.56781832,大於百萬,106.348778
73.0,25.82738523,6.636373592,大於百萬,261.156039
76.0,32.02831924,6.749787308,大於百萬,274.039022
55.0,16.18407556,3.600790314,十萬到百萬,195.656116
16.0,12.54786817,2.389338867,十萬到百萬,60.383582
58.0,14.92296684,4.218225759,十萬到百萬,207.713956
73.0,30.35054482,5.230125086,小於一萬,260.23832
78.0,26.82739706,2.389919757,一萬到十萬,277.971904
88.0,28.50814283,5.1302272,小於一萬,311.081325
59.0,26.02847298,5.427977765,一萬到十萬,215.791297
93.0,26.50281649,3.537618612,十萬到百萬,331.647859
58.0,17.93429813,3.457853997,十萬到百萬,206.285097
96.0,28.69482119,1.184927259,大於百萬,347.621744
58.0,16.22488015,3.386847875,十萬到百萬,210.524718
43.0,13.56684889,1.31683429,小於一萬,153.535255
34.0,13.051953,2.381356122,大於百萬,123.303122
28.0,7.94912887,0.926508325,十萬到百萬,102.815116
67.0,21.50116376,2.810213152,十萬到百萬,236.182111
61.0,15.32217522,4.379749933,大於百萬,222.696768
42.0,15.8073374,3.194924641,十萬到百萬,145.543992
32.0,4.01212603,0.427108804,小於一萬,112.203544
46.0,22.8870475,1.144771295,小於一萬,169.446828
42.0,15.31567266,0.605210374,小於一萬,145.500278
33.0,3.92726748,2.376656144,十萬到百萬,118.508262
13.0,0.42666416,1.40326962,小於一萬,49.217335
71.0,22.08457409,1.663684165,小於一萬,248.70311
76.0,32.31926372,6.494517858,十萬到百萬,270.637851
37.0,13.33891846,2.531478926,一萬到十萬,132.875574
19.0,3.53877014,2.106952026,一萬到十萬,65.252065
60.0,23.53730258,4.940351212,一萬到十萬,213.910792
62.0,16.05487189,1.791704679,大於百萬,219.757322
70.0,23.80856837,3.766603039,一萬到十萬,246.494799
31.0,10.97590334,0.973358699,一萬到十萬,103.160182
61.0,20.00446791,6.081970669,十萬到百萬,220.106827
68.0,28.1018425,1.426340997,十萬到百萬,245.494614
15.0,3.0135908,4.312852977,一萬到十萬,51.378771
32.0,11.85926874,1.787562176,十萬到百萬,110.377278
85.0,22.07045663,0.558257155,十萬到百萬,302.918988
34.0,0.22632649,2.372705624,小於一萬,121.336419
84.0,23.41186612,3.38645132,小於一萬,304.132308
39.0,14.37856572,0.241241209,大於百萬,141.112006
22.0,1.63134671,3.584063728,一萬到十萬,79.279514
54.0,16.17955891,2.089970315,一萬到十萬,190.252008
94.0,38.58436016,5.522805833,大於百萬,333.566382
16.0,5.67172129,0.712198048,小於一萬,53.790218
51.0,12.96221782,1.307508427,一萬到十萬,182.02879
56.0,23.96574055,6.276644732,一萬到十萬,197.94495
86.0,28.64511969,4.707488062,小於一萬,311.670241
25.0,19.23206627,4.730563384,大於百萬,85.644385
12.0,6.63605436,0.838317446,一萬到十萬,43.428258
32.0,11.59153516,1.284588077,大於百萬,115.614308
73.0,19.18375248,3.345825344,十萬到百萬,262.281291
53.0,14.44984131,1.122940162,十萬到百萬,192.435779
45.0,12.90064612,0.843237641,大於百萬,164.33905
98.0,34.41226462,1.939969763,大於百萬,352.380325
60.0,26.91641432,5.854134269,小於一萬,215.855014
94.0,30.37270595,5.94611293,十萬到百萬,334.089238
46.0,12.69509229,3.88458384,大於百萬,162.191333
56.0,21.46041579,2.388734762,一萬到十萬,202.760593
34.0,18.15111996,3.103474045,一萬到十萬,120.113023
35.0,10.33273313,2.29723655,十萬到百萬,125.058086
47.0,8.32126132,2.224663337,十萬到百萬,164.715859
13.0,3.08402914,1.00780763,十萬到百萬,50.598036
16.0,4.597246,1.669253333,一萬到十萬,56.075679
95.0,28.7254987,5.147521114,小於一萬,342.832712
10.0,5.59228896,1.396276425,十萬到百萬,36.126426
69.0,27.08276724,3.996892883,十萬到百萬,243.807803
40.0,9.95269779,0.498155859,小於一萬,146.88994
100.0,28.18902322,7.08946877,大於百萬,351.075961
62.0,24.93153398,5.478962155,小於一萬,216.936527
73.0,16.85283064,4.371485674,一萬到十萬,258.869419
79.0,19.15584406,0.014711851,大於百萬,281.59289
35.0,15.36414061,8.140868283,十萬到百萬,128.073436
50.0,14.11823913,0.461927771,十萬到百萬,178.277641
55.0,10.8373,2.078602242,一萬到十萬,198.61745
70.0,30.47388738,5.704360367,小於一萬,248.051483
81.0,27.93114808,4.88405347,一萬到十萬,284.710166
19.0,7.06972028,3.109655988,十萬到百萬,66.334267
52.0,17.45288044,3.909853584,小於一萬,188.116376
66.0,27.96404564,5.055596363,小於一萬,232.265298
19.0,2.38686432,0.60145585,一萬到十萬,63.176075
80.0,22.22190231,3.18559577,一萬到十萬,282.599962
56.0,13.21843022,3.196613591,小於一萬,203.564973
80.0,23.59775824,7.812127296,大於百萬,282.593988
96.0,34.00593633,4.602944767,小於一萬,340.199779
12.0,3.87601094,1.906025559,一萬到十萬,44.413896
38.0,10.84290228,0.306923754,十萬到百萬,133.928226
21.0,11.11699915,0.298541858,小於一萬,75.672418
28.0,10.37265122,2.055377225,大於百萬,97.558711
98.0,31.36391464,5.657550436,小於一萬,351.426672
20.0,2.38828457,0.593664839,十萬到百萬,75.77689
10.0,6.09084331,1.41702401,大於百萬,37.338775
29.0,10.93594964,3.063813087,十萬到百萬,101.290161
46.0,11.41002235,2.694955186,十萬到百萬,158.800473
31.0,16.33744378,3.886172961,十萬到百萬,109.18243
53.0,19.36161231,1.654827873,小於一萬,189.655064
40.0,17.89165524,4.098492828,十萬到百萬,143.452238
64.0,22.87767837,3.198423532,大於百萬,227.885571
19.0,11.83606893,1.584286752,一萬到十萬,62.614184
60.0,26.00435306,2.260037943,十萬到百萬,210.242954
61.0,21.48782482,3.771891615,大於百萬,218.567807
70.0,17.12263904,0.29907415,一萬到十萬,250.72579
91.0,35.48887371,6.478934029,一萬到十萬,324.627334
11.0,3.53866401,0.828501974,小於一萬,41.484899
75.0,26.57604552,6.141799337,大於百萬,265.217236
14.0,7.44216864,1.954879928,一萬到十萬,54.516565
85.0,31.86497083,5.081795137,一萬到十萬,301.744867
54.0,10.7247493,0.3426558,十萬到百萬,195.027045
27.0,8.82791158,3.775343168,小於一萬,93.185847
84.0,31.21585735,1.944918744,一萬到十萬,296.615212
84.0,23.67261088,3.107645702,一萬到十萬,298.903301
77.0,29.76975537,2.856585742,大於百萬,270.488154
25.0,11.14088597,2.011770582,十萬到百萬,91.25034
77.0,21.52322437,3.905081353,小於一萬,273.467668
19.0,9.22885874,1.70702226,一萬到十萬,66.801997
41.0,10.71151338,1.080983657,一萬到十萬,139.630356
35.0,13.51560013,2.032471444,一萬到十萬,125.148206
10.0,5.29817212,0.903993562,十萬到百萬,37.069275
36.0,16.25772483,2.784612646,十萬到百萬,132.169998
14.0,14.95556574,0.924449961,小於一萬,46.586816
100.0,32.920194,9.904286084,小於一萬,357.124573
53.0,20.03308237,4.304445001,大於百萬,190.456597
88.0,24.87143894,3.514416989,十萬到百萬,313.001258
20.0,1.96991745,0.236860685,小於一萬,72.176994
51.0,19.3160696,3.605940065,大於百萬,184.69981
27.0,9.40693829,4.527243502,一萬到十萬,96.751226
70.0,18.78284141,3.505200696,一萬到十萬,249.585949
64.0,13.13494165,2.703723754,一萬到十萬,223.533894
63.0,25.44021521,3.473814317,十萬到百萬,222.988743
83.0,23.661,3.981732914,小於一萬,299.338026
12.0,2.9146544,2.95186781,大於百萬,52.198933
58.0,15.2413917,0.114189919,大於百萬,209.148988
30.0,5.31229999,0.516589987,小於一萬,106.59923
13.0,7.48631338,3.155098432,大於百萬,49.456641
28.0,10.80138028,3.119772273,小於一萬,95.967364
86.0,38.57577862,13.98166208,大於百萬,306.807598
16.0,9.56122926,1.786776024,一萬到十萬,49.169429
35.0,7.22736859,1.144932144,一萬到十萬,122.125669
23.0,12.05716495,1.448221333,十萬到百萬,84.120209
96.0,31.77594405,7.021627245,一萬到十萬,337.264421
17.0,6.33746566,1.733237745,小於一萬,63.184627
94.0,25.98728487,3.090720713,十萬到百萬,336.128518
25.0,10.14884347,4.178689225,小於一萬,90.826262
32.0,9.44503208,0.904710414,小於一萬,115.359244
22.0,3.48253756,1.146371254,大於百萬,81.237796
66.0,20.88661089,4.727851849,一萬到十萬,237.112118
73.0,23.51262647,5.371989647,一萬到十萬,265.896636
17.0,6.15124686,1.483987622,大於百萬,60.762294
25.0,4.13242452,2.2690036,十萬到百萬,92.563071
25.0,13.00455149,5.277124394,一萬到十萬,91.959545
68.0,17.30522246,3.579885761,一萬到十萬,241.325353
28.0,10.96271564,1.364428017,一萬到十萬,99.998235
15.0,6.6039559,0.332433523,十萬到百萬,49.673738
65.0,15.6978375,3.011898971,十萬到百萬,232.670236
94.0,25.30668459,8.030213252,十萬到百萬,332.633462
98.0,41.21683733,6.137985783,一萬到十萬,353.435562
74.0,19.41571685,2.783297563,十萬到百萬,258.443524
42.0,12.58996505,1.843294988,大於百萬,145.307875
96.0,37.19547402,8.66657884,大於百萬,337.202062
87.0,31.331044,7.012678356,大於百萬,307.989343
10.0,1.203624,1.044443974,十萬到百萬,34.158845
80.0,18.86747737,2.041285539,小於一萬,281.500942
81.0,32.15203051,8.363874342,大於百萬,286.310418
49.0,8.20825518,4.305739085,十萬到百萬,172.960982
26.0,12.88857643,4.686955087,一萬到十萬,91.424007
53.0,15.73860438,4.224996581,十萬到百萬,190.682235
64.0,24.69852188,6.741382758,一萬到十萬,223.099146
90.0,28.58855473,4.505421748,小於一萬,319.480125
40.0,13.32266602,2.613952248,一萬到十萬,145.173103
21.0,17.91700078,4.655722638,一萬到十萬,77.388797
26.0,5.92830862,2.03273826,一萬到十萬,85.562807
68.0,30.35777737,4.303529107,大於百萬,241.275318
13.0,0.700883,1.089991801,十萬到百萬,46.173428
17.0,7.08903862,0.26723685,一萬到十萬,56.967449
43.0,5.53180147,0.738537115,大於百萬,150.831356
36.0,4.91886598,0.39581294,小於一萬,127.428186
19.0,7.80977491,2.943760793,大於百萬,67.283273
16.0,5.38192095,1.304031365,小於一萬,54.267617
64.0,25.13907969,3.249423621,小於一萬,231.657694
12.0,4.54997422,0.968120529,大於百萬,39.992554
64.0,27.02480286,3.399217629,大於百萬,226.754031
79.0,21.04641738,4.585300693,一萬到十萬,279.000213
81.0,29.27447207,6.035831622,大於百萬,292.177771
53.0,16.94523174,2.181723009,一萬到十萬,188.824806
16.0,6.71783768,2.14724259,一萬到十萬,57.626214
61.0,18.97689884,2.309437067,十萬到百萬,215.391354
28.0,4.50108154,1.91382614,一萬到十萬,99.735471
65.0,21.07836064,3.607061612,十萬到百萬,232.276183
60.0,21.44859053,1.782911981,一萬到十萬,215.953022
98.0,31.93407082,4.645249764,一萬到十萬,349.085144
69.0,29.59440206,8.243715012,小於一萬,246.091519
42.0,7.97728819,0.983442017,一萬到十萬,147.229632
96.0,38.09039458,4.942815974,大於百萬,345.780683
68.0,16.84529732,4.987388927,大於百萬,243.392808
42.0,16.58242049,2.233249823,小於一萬,149.892068
23.0,16.62502162,0.612275984,小於一萬,80.681449
64.0,22.33541786,0.434649663,十萬到百萬,225.804995
77.0,36.05245844,5.137853745,十萬到百萬,277.621554
43.0,10.36532832,2.844228834,大於百萬,152.107003
64.0,26.89935681,7.413317734,小於一萬,222.469646
29.0,10.41405264,3.798210294,小於一萬,99.423721
66.0,25.80615546,5.848905295,一萬到十萬,236.031311
100.0,41.1538091,4.31660016,大於百萬,353.617947
78.0,20.62100212,1.426906349,大於百萬,277.978253
91.0,31.57090079,5.354754236,小於一萬,331.867174
59.0,28.88785755,5.388404394,一萬到十萬,207.33028
22.0,1.0606444,1.093882341,大於百萬,73.093186
29.0,6.05962605,2.206644363,十萬到百萬,106.074547
33.0,11.32773929,1.322383377,十萬到百萬,119.539224
43.0,13.70486746,2.218968013,小於一萬,151.268873
20.0,5.06396491,0.037356944,一萬到十萬,66.385442
24.0,9.25556034,3.540823973,一萬到十萬,85.372719
35.0,5.92662944,2.13583865,十萬到百萬,124.079427
21.0,17.72849806,1.316670346,一萬到十萬,72.793192
69.0,19.65653268,3.380057305,十萬到百萬,245.094428
56.0,18.77802734,2.522168245,大於百萬,203.567874
28.0,14.92757909,4.441420338,十萬到百萬,98.412404
99.0,29.65963013,7.73038091,一萬到十萬,353.548652
18.0,9.08115728,2.338192893,十萬到百萬,65.653458
14.0,18.28500948,4.157356826,一萬到十萬,46.114704
24.0,7.22516054,0.00131539,大於百萬,86.45386
44.0,10.24267885,0.468675155,大於百萬,159.267743
98.0,30.95609029,8.511028129,一萬到十萬,345.594072
34.0,14.44535454,1.270283967,小於一萬,124.595707
37.0,7.2582068,4.58201222,小於一萬,131.730555
97.0,38.15692117,8.104644048,一萬到十萬,338.261484
85.0,32.61828343,7.461405498,十萬到百萬,301.710478
23.0,14.9101453,3.247083339,十萬到百萬,80.126355
83.0,30.59480726,4.644486108,十萬到百萬,294.980643
30.0,8.42199473,3.279480595,大於百萬,112.308109
33.0,13.34990619,1.461002855,小於一萬,116.126714
30.0,10.78600157,0.476179479,小於一萬,107.756175
50.0,24.2342799,3.802225298,小於一萬,172.796815
43.0,16.40090079,5.537219727,小於一萬,151.149462
27.0,2.04558516,0.051933011,小於一萬,92.929574
15.0,2.25100284,2.071719253,一萬到十萬,44.761717
22.0,2.14367537,2.392674334,小於一萬,75.447402
21.0,9.68779796,3.394478002,小於一萬,78.44892
40.0,13.9310362,3.935940555,小於一萬,143.172888
78.0,36.40241947,5.322761087,大於百萬,277.7073
36.0,16.01664419,2.893217344,小於一萬,126.177634
99.0,27.61422525,3.848628228,一萬到十萬,355.91473
67.0,15.84387923,0.274847731,一萬到十萬,242.932236
24.0,12.79967154,0.04924696,一萬到十萬,85.862612
97.0,23.10529962,5.386107526,大於百萬,347.962541
19.0,12.66996639,1.461187917,十萬到百萬,69.721378
35.0,5.39262429,0.020639976,大於百萬,118.501157
82.0,29.60111386,6.481908539,大於百萬,292.209858
94.0,21.23189006,4.101766949,十萬到百萬,334.24613
37.0,12.26220119,0.43813494,大於百萬,136.556179
39.0,19.77258376,1.932404713,小於一萬,133.882999
12.0,3.18866831,0.276135877,小於一萬,46.848599
38.0,9.60840177,0.266972471,一萬到十萬,137.567219
50.0,8.4123035,3.642783793,一萬到十萬,177.128395
43.0,23.36300311,3.930571161,大於百萬,146.286778
40.0,12.1535313,4.060535456,一萬到十萬,144.985884
80.0,25.32034737,6.524476741,十萬到百萬,288.303098
61.0,23.62333336,0.386922712,十萬到百萬,219.389832
11.0,0.21610117,0.753242703,十萬到百萬,41.396515
86.0,30.68348155,2.984064744,小於一萬,302.816704
74.0,19.41782899,4.035883388,大於百萬,265.939192
29.0,9.19703233,3.246667727,一萬到十萬,99.109337
24.0,11.79796872,5.560012566,大於百萬,82.133472
25.0,7.7875649,1.171257249,十萬到百萬,82.732312
59.0,24.99656438,7.915971311,小於一萬,206.993418
18.0,8.20280233,0.104486847,十萬到百萬,64.167847
26.0,12.10537618,4.007434704,大於百萬,94.002455
13.0,8.22225244,0.500016101,十萬到百萬,45.418477
100.0,33.65814441,6.51658012,小於一萬,356.336208
65.0,22.51872325,2.126138663,一萬到十萬,227.395765
16.0,6.06780796,1.960487823,小於一萬,60.311944
36.0,4.21508426,2.654877943,一萬到十萬,130.285442
76.0,19.10180456,2.327478321,小於一萬,268.892292
42.0,7.59338776,0.350837784,小於一萬,154.346107
93.0,30.45012602,2.841142764,小於一萬,335.506012
63.0,19.71906624,5.481915242,小於一萬,220.70613
75.0,19.12302371,1.254935551,十萬到百萬,266.507987
45.0,11.70794329,3.509534146,小於一萬,166.624815
68.0,16.67482871,1.329460183,大於百萬,242.989888
84.0,23.87481826,4.140342969,十萬到百萬,301.044662
27.0,4.70193898,2.075231234,大於百萬,99.357287
34.0,2.69056515,3.009390089,大於百萬,119.750705
49.0,16.39876978,1.569718706,大於百萬,171.330632
68.0,28.75170232,6.739499589,十萬到百萬,244.926748
75.0,30.9009463,7.483428371,大於百萬,263.44918
40.0,19.51414899,4.048576792,一萬到十萬,140.993508
93.0,25.28514889,2.805839643,大於百萬,327.466288
43.0,18.68496658,1.243232714,小於一萬,158.272704
52.0,13.56066299,2.669573352,小於一萬,187.774044
17.0,9.7353935,4.97714354,十萬到百萬,62.670897
23.0,3.51105848,1.668667492,小於一萬,82.129658
87.0,22.97221688,0.569872983,小於一萬,306.445534
13.0,3.59724402,5.441006056,一萬到十萬,52.30015
72.0,27.98561722,6.255029335,一萬到十萬,256.699341
99.0,34.47576407,4.93427199,大於百萬,347.55241
23.0,6.09732501,1.785855988,一萬到十萬,80.634844
93.0,25.48811975,2.778442938,小於一萬,332.993324
68.0,19.89609401,3.691370434,小於一萬,243.568154
40.0,14.40248296,2.874709242,一萬到十萬,147.028897
37.0,14.14716305,7.161305345,小於一萬,134.641016
31.0,10.42479883,3.18139857,十萬到百萬,113.44964
18.0,1.05611484,0.748769308,一萬到十萬,62.49808
83.0,17.02920312,4.591346122,一萬到十萬,299.663181
75.0,32.43091127,1.524148306,大於百萬,265.874969
32.0,16.29046631,5.212856081,十萬到百萬,112.858291
56.0,16.76213505,5.647998207,十萬到百萬,196.437923
88.0,34.49346538,5.891364406,小於一萬,311.682554
100.0,31.35903037,6.512735644,大於百萬,355.524455
74.0,25.36070505,3.636620364,一萬到十萬,260.10409
98.0,28.93749129,5.478686281,十萬到百萬,341.53051
80.0,23.9546322,3.203461356,一萬到十萬,283.78129
30.0,6.62639823,2.827163775,十萬到百萬,109.08296
12.0,6.24094959,2.19481368,十萬到百萬,41.710366
68.0,26.21474469,5.257853498,一萬到十萬,237.886004
33.0,11.35073417,0.964355355,一萬到十萬,117.588853
92.0,26.46927388,7.070945085,一萬到十萬,328.239378
46.0,19.46702048,1.145521306,一萬到十萬,162.152171
30.0,9.44438249,1.526273315,十萬到百萬,108.423201
81.0,29.72285354,1.837938386,小於一萬,291.33373
12.0,3.18812959,1.048343863,一萬到十萬,40.588605
44.0,8.51766237,0.443216978,十萬到百萬,153.055255
66.0,29.88664663,5.667107554,十萬到百萬,230.667327
34.0,4.44478454,1.415729265,一萬到十萬,121.046012
33.0,8.17761437,3.447205649,小於一萬,119.400585
37.0,1.55558815,0.019312963,大於百萬,130.480891
58.0,15.69086872,3.143849286,一萬到十萬,204.406341
40.0,23.74013807,2.669949446,大於百萬,137.168824
85.0,28.16013453,5.626379201,一萬到十萬,303.147118
61.0,29.98807828,5.491511053,一萬到十萬,215.153731
83.0,19.35093165,0.759754583,一萬到十萬,295.168432
57.0,20.73205864,5.623284528,十萬到百萬,207.486323
43.0,15.69550209,4.621334711,小於一萬,156.959333
27.0,3.43882449,0.749518789,十萬到百萬,97.507959
56.0,18.73208697,5.045613626,大於百萬,195.768013
64.0,24.59745898,7.320931129,小於一萬,231.268351
47.0,14.26513655,0.454169997,十萬到百萬,166.354825
96.0,27.25291238,3.938099223,小於一萬,341.912415
38.0,8.87227468,1.605213404,大於百萬,132.344368
69.0,24.36246064,5.463176008,大於百萬,239.732893
85.0,26.56616206,5.987521897,大於百萬,301.650776
13.0,2.87975334,0.221099517,一萬到十萬,40.565808
94.0,29.84551294,2.783840955,十萬到百萬,332.590096
96.0,31.0321785,2.172376019,十萬到百萬,339.210395
28.0,4.16419868,0.357389068,小於一萬,99.897372
68.0,18.5450234,3.901617087,十萬到百萬,246.526293
15.0,1.76819216,2.568925254,大於百萬,58.273577
14.0,4.26927176,1.705284552,小於一萬,49.113216
44.0,16.23221563,0.81339399,小於一萬,161.45468
34.0,6.28852157,0.784940388,十萬到百萬,118.717563
91.0,26.62861541,4.539204096,大於百萬,325.281977
44.0,16.08347915,1.731768931,大於百萬,152.167948
64.0,18.30859625,3.349844406,大於百萬,232.809895
43.0,18.7292892,2.593969187,大於百萬,156.539004
46.0,12.8045883,0.403183606,大於百萬,162.916827
40.0,6.15143189,5.955430467,十萬到百萬,143.178544
32.0,15.224893,1.161446776,大於百萬,111.493435
62.0,22.15719329,1.174740673,大於百萬,223.043299
12.0,12.84827976,2.810375342,小於一萬,42.651522
27.0,8.3013931,0.297735659,十萬到百萬,98.161922
93.0,33.78890644,5.026881705,大於百萬,328.618348
19.0,7.05564747,2.038211676,十萬到百萬,69.141624
47.0,18.85597236,2.305723529,一萬到十萬,167.636708
61.0,26.66674418,3.698028588,一萬到十萬,215.797298
93.0,26.86739055,2.603665219,小於一萬,329.722484
93.0,23.00790846,4.42627669,一萬到十萬,330.742979
46.0,15.50255633,4.69488484,大於百萬,161.782638
23.0,6.67439165,0.15301899,小於一萬,83.38692
68.0,23.5828261,4.234526407,十萬到百萬,241.230924
43.0,14.23410457,7.556928483,小於一萬,154.998177
62.0,14.94979109,0.274450752,大於百萬,222.741668
84.0,32.98197831,8.476182415,十萬到百萬,306.243101
47.0,23.26848576,1.478256831,小於一萬,172.097695
66.0,15.63237993,5.234691726,小於一萬,232.14688
15.0,7.68703554,2.080461325,小於一萬,55.150723
74.0,29.52017002,2.333157382,小於一萬,264.592233
97.0,35.88463577,2.264974023,一萬到十萬,346.352756
34.0,8.96428529,2.893730794,大於百萬,123.349223
44.0,12.77031589,2.776046037,大於百萬,155.367665
38.0,17.82863476,1.823407233,小於一萬,140.773711
19.0,8.95328473,3.287141653,小於一萬,69.342133
77.0,18.30862229,2.517847341,十萬到百萬,275.529781
88.0,25.32678512,5.133571929,大於百萬,311.661435
94.0,30.97274726,3.950369298,大於百萬,336.602301
63.0,26.03598627,3.290816886,小於一萬,225.486232
22.0,7.78976119,0.288511704,十萬到百萬,79.850536
10.0,3.37800496,2.388981177,十萬到百萬,33.741919
52.0,17.23864858,7.172554439,小於一萬,188.96348
40.0,5.28379957,0.056516876,小於一萬,137.119106
80.0,26.50857047,0.441110839,十萬到百萬,284.935472
82.0,22.56523143,2.541684877,一萬到十萬,294.102962
75.0,25.27194402,7.717105296,小於一萬,267.80361
47.0,18.99043686,2.714217977,一萬到十萬,168.081447
66.0,26.21942701,2.934109357,一萬到十萬,236.096966
93.0,31.24781296,7.63806843,大於百萬,331.006228
60.0,26.09727976,1.525980545,小於一萬,217.229313
81.0,30.51678552,4.253765851,十萬到百萬,286.336175
100.0,34.28471357,10.33797765,一萬到十萬,354.680451
62.0,21.15923997,0.1411057,一萬到十萬,223.052152
14.0,5.73663669,1.232054121,大於百萬,48.944577
47.0,8.01940758,0.780992605,一萬到十萬,163.566905
58.0,23.04770854,1.465806506,一萬到十萬,208.882578
98.0,34.15632865,6.982952679,一萬到十萬,347.830546
42.0,11.66685228,3.124114188,小於一萬,147.670321
50.0,18.9396793,2.457398302,一萬到十萬,176.972911
80.0,25.70476151,2.284896577,十萬到百萬,281.541458
83.0,34.28141179,8.697487404,小於一萬,300.730533
26.0,9.40950657,1.018662426,一萬到十萬,91.274284
70.0,29.76077482,5.814951014,大於百萬,247.813273
21.0,2.66939522,1.602543732,小於一萬,77.613956
32.0,3.11785635,1.381985223,大於百萬,113.459366
20.0,12.35406098,4.3558596,大於百萬,72.208763
37.0,12.70924201,4.63850598,大於百萬,129.637162
65.0,23.88150599,2.832255371,小於一萬,228.577409
60.0,30.6827721,6.365577398,一萬到十萬,213.224518
19.0,0.19457648,1.235674585,十萬到百萬,64.57192
34.0,14.41990991,3.449966023,一萬到十萬,119.967546
30.0,4.44854391,1.895344267,大於百萬,102.968897
28.0,8.99245781,3.349611025,十萬到百萬,103.770057
15.0,11.35623505,0.85939064,十萬到百萬,51.320435
28.0,6.69858007,2.975868625,十萬到百萬,97.083228
24.0,23.86128886,6.666099409,大於百萬,83.229876
17.0,1.61910271,2.938538282,大於百萬,57.900891
54.0,19.27265847,1.302007252,一萬到十萬,194.356425
79.0,33.57670036,2.990845572,十萬到百萬,282.039791
34.0,12.35039071,6.24012692,十萬到百萬,118.334758
95.0,33.91345228,6.737153756,十萬到百萬,337.823455
98.0,37.59513773,5.830734367,一萬到十萬,350.397926
28.0,7.49211932,1.454800109,小於一萬,99.431622
91.0,38.5561432,10.21480685,大於百萬,320.683149
33.0,8.76706332,3.074580992,大於百萬,119.190698
89.0,34.19286493,7.28093696,一萬到十萬,317.714622
51.0,24.91648619,4.628289393,十萬到百萬,180.374609
95.0,30.73728576,8.980234377,一萬到十萬,341.42814
48.0,20.80062547,5.617721908,十萬到百萬,174.880546
47.0,2.01477742,1.070821747,小於一萬,165.576046
43.0,10.06244907,0.24725853,小於一萬,154.891766
31.0,16.06043166,3.80506952,一萬到十萬,106.883336
33.0,11.24753148,4.786842033,一萬到十萬,110.796906
50.0,6.74474685,1.282871587,大於百萬,178.146188
12.0,6.21792687,4.111669155,小於一萬,46.542409
45.0,12.22453623,6.078835059,小於一萬,159.171002
55.0,19.36532701,7.680491394,大於百萬,193.55652
56.0,9.69066654,2.55275792,小於一萬,196.078633
15.0,10.41031566,1.834639961,一萬到十萬,51.786097
28.0,15.02799004,2.260928448,小於一萬,94.771426
56.0,24.40554207,6.450373512,十萬到百萬,197.083995
33.0,8.18395407,0.147169499,小於一萬,114.203929
77.0,21.62079765,3.571579662,小於一萬,271.547402
49.0,10.81167265,3.056311578,大於百萬,174.514234
13.0,3.2206739,2.446239991,小於一萬,45.231354
29.0,12.6626864,1.67420182,一萬到十萬,105.600862
59.0,19.63437742,3.460642502,十萬到百萬,214.538217
54.0,27.807614,4.060781965,小於一萬,192.461908
50.0,14.19652687,0.137827823,十萬到百萬,174.874068
63.0,20.77468172,6.259153285,一萬到十萬,229.090324
30.0,6.3343788,0.795481886,十萬到百萬,102.573641
38.0,12.36743196,2.412970462,一萬到十萬,136.770959
15.0,3.08935251,2.609818028,大於百萬,61.443851
92.0,22.48136498,3.371126652,小於一萬,326.393602
96.0,33.24653379,3.953012517,大於百萬,343.302666
50.0,19.41204366,0.188385566,十萬到百萬,174.268032
22.0,8.53995859,1.726208762,一萬到十萬,81.243944
99.0,34.92092671,6.825080712,小於一萬,355.926122
53.0,25.16287834,5.689885638,一萬到十萬,186.529223
18.0,12.38447814,1.637157501,小於一萬,65.125304
66.0,34.39442709,3.764872969,十萬到百萬,240.890604
74.0,19.7537397,4.996981078,大於百萬,257.863326
98.0,34.22011288,4.474838371,十萬到百萬,350.727525
64.0,14.23847068,0.455445095,十萬到百萬,227.245536
27.0,4.17445691,0.233593939,十萬到百萬,90.432077
18.0,1.48161107,2.321315362,小於一萬,59.548226
89.0,22.66199853,3.082472526,大於百萬,314.824455
45.0,17.1275201,1.462856663,一萬到十萬,157.65616
64.0,22.35807756,2.546508726,十萬到百萬,226.988082
55.0,19.80180903,1.585076725,一萬到十萬,195.423101
88.0,26.89087788,5.091676018,十萬到百萬,311.046096
78.0,19.20396374,2.635150336,大於百萬,275.760587
13.0,0.01448649,1.47170989,一萬到十萬,45.032326
11.0,6.32793104,1.110666769,大於百萬,40.160056
94.0,29.08831186,4.337243376,十萬到百萬,336.784907
21.0,7.13805844,2.684297188,小於一萬,73.528726
60.0,17.59914055,1.792459542,大於百萬,217.008205
86.0,28.37383108,4.539821932,十萬到百萬,306.699128
14.0,2.47089106,1.029124697,小於一萬,49.765786
28.0,7.2735743,2.962681744,大於百萬,105.732892
65.0,19.77140766,5.607599419,一萬到十萬,229.723933
95.0,28.92082619,3.084052767,一萬到十萬,334.560397
34.0,9.10302446,2.079436044,大於百萬,124.762506
92.0,33.30626217,5.365256008,大於百萬,332.139482
15.0,13.49819708,2.084050121,一萬到十萬,53.996881
14.0,4.24834644,2.679145923,一萬到十萬,50.931996
96.0,33.98063924,6.003671155,大於百萬,347.485062
78.0,19.51895384,1.820807646,一萬到十萬,282.931973
71.0,26.98713859,0.842799647,十萬到百萬,252.120209
20.0,1.95762861,0.873307408,大於百萬,68.328427
46.0,14.59052219,2.353695787,一萬到十萬,162.428199
52.0,22.90816582,3.257424196,十萬到百萬,185.89502
55.0,12.37094913,0.918581511,一萬到十萬,194.628782
96.0,37.91634195,5.817879816,十萬到百萬,335.966688
41.0,14.35188944,3.039988379,一萬到十萬,147.394666
53.0,19.04450325,2.715095722,大於百萬,191.61804
50.0,3.4972003,3.337071447,小於一萬,174.745033
29.0,9.48799361,0.250432849,一萬到十萬,105.776708
74.0,22.33691421,3.305106634,小於一萬,260.465256
35.0,5.12127155,0.875164961,十萬到百萬,122.823659
43.0,9.48733807,1.971801126,十萬到百萬,151.810179
28.0,13.16871546,1.873044843,十萬到百萬,99.095623
19.0,5.45554729,1.025903363,小於一萬,62.910341
67.0,32.88272902,3.497704311,小於一萬,241.394583
14.0,4.45172516,0.925170583,一萬到十萬,47.576267
41.0,19.96957206,4.491042639,小於一萬,148.258636
51.0,12.89827532,1.831454795,小於一萬,184.047821
93.0,34.37118742,6.494090329,一萬到十萬,331.013252
15.0,6.44424657,3.416422707,大於百萬,56.674155
29.0,6.27670192,3.998939566,十萬到百萬,103.311848
11.0,0.03815072,0.266766715,大於百萬,34.059559
30.0,13.94263904,2.597301175,大於百萬,106.613128
45.0,24.60749369,2.55372225,大於百萬,162.650897
68.0,18.20170852,3.65305148,一萬到十萬,242.801057
97.0,24.13192924,3.174014104,大於百萬,342.798972
32.0,4.06783532,0.958287924,一萬到十萬,111.802339
63.0,22.81607513,4.717042117,小於一萬,228.42413
49.0,15.75874251,1.621958375,大於百萬,173.099117
74.0,21.26967221,4.21270956,大於百萬,263.894827
62.0,23.55330281,5.89293156,大於百萬,219.548513
100.0,32.14820776,7.565099552,一萬到十萬,362.042123
22.0,13.1533711,3.584616882,小於一萬,79.697774
17.0,5.00241695,3.00718727,一萬到十萬,59.243601
97.0,35.15147481,10.61089545,十萬到百萬,345.506826
43.0,24.20995844,7.407487893,一萬到十萬,150.998185
23.0,2.50361492,1.223212307,小於一萬,81.689349
63.0,22.72019,2.46555663,大於百萬,222.911074
19.0,9.17473045,1.239992811,小於一萬,70.879445
91.0,17.88186115,4.934914451,小於一萬,327.386932
39.0,19.19282825,1.538106706,大於百萬,140.822732
66.0,23.44360429,3.951207434,十萬到百萬,237.762911
68.0,14.02880622,1.276217736,小於一萬,241.237428
74.0,24.31771749,5.292837316,十萬到百萬,265.52251
80.0,24.16999806,3.53517966,大於百萬,286.03004
80.0,33.31778758,5.06205685,一萬到十萬,284.024824
30.0,5.23219541,2.164882999,大於百萬,101.293761
40.0,17.33275169,0.428533543,大於百萬,143.704301
34.0,11.37226164,2.175756469,一萬到十萬,121.9825
19.0,13.68520147,2.216926901,大於百萬,61.633074
85.0,27.43790643,4.189125909,十萬到百萬,297.805628
19.0,14.70872866,2.737595238,一萬到十萬,70.951604
99.0,26.53623007,3.80369576,小於一萬,351.668493
43.0,13.78107412,1.250244985,十萬到百萬,150.938614
54.0,11.11754521,2.865084871,小於一萬,189.655812
20.0,4.73382989,3.521101635,大於百萬,72.85903
40.0,8.14414325,0.719071866,一萬到十萬,146.079225
89.0,41.55373951,6.947762673,一萬到十萬,313.055282
11.0,10.03259879,0.684486506,小於一萬,38.695556
74.0,21.60479931,4.666188365,大於百萬,261.47179
32.0,10.39891437,1.174828669,十萬到百萬,115.489996
32.0,10.27783551,0.773331129,小於一萬,116.769988
78.0,34.10820913,5.137124807,小於一萬,272.793154
75.0,19.53226006,3.961231768,一萬到十萬,268.489244
44.0,11.68347203,0.391381397,小於一萬,155.337661
14.0,17.13933034,1.23397456,十萬到百萬,46.917584
73.0,33.44696021,5.205860619,十萬到百萬,260.741806
70.0,14.86819499,5.769506631,一萬到十萬,245.765929
80.0,29.3511274,5.061329165,小於一萬,287.899342
57.0,12.48040325,1.319113037,十萬到百萬,203.948778
40.0,8.39890623,1.465690951,十萬到百萬,146.062475
11.0,1.46357442,1.633269621,小於一萬,38.784182
41.0,11.40108428,5.818696764,小於一萬,145.416851
93.0,31.41990627,6.764271255,一萬到十萬,334.041392
40.0,12.16897263,1.785034944,一萬到十萬,140.913996
75.0,25.26324859,2.504473175,小於一萬,267.235998
80.0,24.55463481,4.832325799,一萬到十萬,285.596233
43.0,12.11627058,4.173004258,大於百萬,152.048351
56.0,11.11142837,2.25649175,小於一萬,199.692554
49.0,20.77180963,3.689627871,小於一萬,170.201395
56.0,22.82931149,6.750361981,一萬到十萬,196.568893
23.0,1.57701752,1.075431493,大於百萬,78.151382
25.0,11.1329506,2.882927209,小於一萬,89.414181
60.0,23.24355676,3.593966804,一萬到十萬,212.412506
75.0,23.21583157,2.823404512,大於百萬,267.108204
82.0,35.19842223,5.380117436,十萬到百萬,290.437967
85.0,26.31262933,3.527462273,十萬到百萬,301.290594
55.0,14.65663336,3.817979653,一萬到十萬,191.521266
17.0,0.96122038,0.748200591,一萬到十萬,58.937717
90.0,32.72547832,8.829536236,十萬到百萬,319.437526
100.0,37.14666656,6.341597116,小於一萬,355.109391
70.0,21.43851856,5.708104984,十萬到百萬,249.301905
26.0,15.20439445,3.615245315,一萬到十萬,92.667832
42.0,13.68202657,1.153591556,大於百萬,151.732004
97.0,32.36994086,5.285901611,一萬到十萬,341.124876
79.0,18.80024331,3.090105563,大於百萬,280.469538
65.0,8.88026546,1.010124863,大於百萬,231.370206
52.0,18.22775097,1.46423568,大於百萬,184.405218
60.0,22.35372075,0.940801841,十萬到百萬,212.764397
100.0,23.35453897,4.472029211,一萬到十萬,356.268423
51.0,24.64687638,6.444050052,一萬到十萬,189.498468
65.0,13.28316032,1.042497914,小於一萬,234.953625
99.0,48.87116125,8.292207745,十萬到百萬,349.156032
25.0,10.68280618,0.114819597,小於一萬,88.57346
88.0,27.65593332,3.643025864,一萬到十萬,310.07714
86.0,25.25707261,0.696331556,大於百萬,303.561435
32.0,4.71650769,1.760942074,十萬到百萬,113.672843
58.0,14.52240349,2.871804552,十萬到百萬,209.895
96.0,24.27437076,3.456332223,一萬到十萬,342.697645
26.0,4.47236004,0.717090273,一萬到十萬,94.685866
45.0,20.45089437,3.342233746,小於一萬,158.069407
24.0,4.58328007,1.76559653,十萬到百萬,88.890977
78.0,26.40676494,2.475101624,大於百萬,271.026438
63.0,24.11768874,5.295901775,十萬到百萬,216.904832
47.0,4.1398786,1.573396939,大於百萬,164.27368
50.0,23.42542742,1.702195369,十萬到百萬,177.002389
80.0,32.53584218,4.741996361,一萬到十萬,281.744646
94.0,27.63922592,3.796985953,小於一萬,336.904722
71.0,21.46999184,3.220821267,十萬到百萬,251.221702
93.0,29.60636034,4.53404604,一萬到十萬,331.036112
10.0,3.45586838,2.400118071,一萬到十萬,39.625678
27.0,9.23584566,2.963209488,小於一萬,93.351759
23.0,5.72386524,4.001562789,小於一萬,84.596174
27.0,8.64365006,3.579154088,十萬到百萬,99.479876
77.0,16.06927787,0.357098302,大於百萬,273.494646
27.0,6.66568505,1.885684114,小於一萬,95.65707
15.0,13.12882152,2.864042827,大於百萬,51.854633
90.0,33.80612226,6.27858393,十萬到百萬,322.660707
49.0,23.08245994,5.745417559,大於百萬,173.727246
46.0,9.84754116,2.944586242,一萬到十萬,166.652361
73.0,20.74650679,1.918559126,大於百萬,262.866192
53.0,16.56332672,3.969570171,一萬到十萬,189.932495
49.0,16.67239093,2.471372347,小於一萬,175.186168
11.0,0.67587371,3.25992037,十萬到百萬,39.782329
40.0,10.13915927,0.323433508,大於百萬,141.588694
25.0,10.33219793,1.864729703,大於百萬,85.80146
22.0,10.88647478,1.949233449,一萬到十萬,78.928084
40.0,23.49000867,5.241414394,一萬到十萬,147.565815
71.0,23.35785141,4.385036868,大於百萬,250.360864
19.0,9.05753898,1.480035413,大於百萬,69.364807
34.0,11.69240657,0.684877506,大於百萬,120.117391
63.0,25.08149831,2.684253156,一萬到十萬,221.809872
14.0,4.97262527,4.905049083,大於百萬,52.752857
32.0,13.43185072,1.969664799,一萬到十萬,113.335465
56.0,25.27608704,3.239265214,十萬到百萬,198.321522
66.0,21.57823348,8.87423765,大於百萬,231.994293
77.0,29.54985454,5.219418108,小於一萬,271.739553
35.0,9.53145219,0.103503553,小於一萬,125.339342
32.0,7.80108202,1.758760771,小於一萬,113.39894
29.0,8.85209441,0.041494349,大於百萬,101.873101
50.0,15.86048486,2.900916224,小於一萬,184.539519
59.0,21.29972944,6.145551611,十萬到百萬,209.560114
40.0,12.7084063,5.838251913,小於一萬,139.792394
42.0,6.57475404,1.906421473,十萬到百萬,146.444489
59.0,25.68728652,6.903109247,大於百萬,209.895654
73.0,27.55549019,2.927052434,一萬到十萬,258.445132
56.0,19.91416231,6.070675656,十萬到百萬,198.122461
65.0,20.46492633,4.853305007,一萬到十萬,230.51795
34.0,2.08999992,0.217752116,小於一萬,123.121926
99.0,36.87630184,7.618605058,十萬到百萬,351.807328
73.0,34.27032719,8.062578895,十萬到百萬,262.58819
79.0,24.182637,8.112998598,大於百萬,282.006858
46.0,21.95980933,0.880593234,一萬到十萬,164.791014
73.0,29.74053217,5.056047533,大於百萬,261.938262
91.0,23.74340747,6.509060472,十萬到百萬,318.145612
33.0,18.79512475,3.740227729,一萬到十萬,114.287972
39.0,16.43039265,0.629930468,一萬到十萬,140.282013
35.0,1.59305742,2.974800702,十萬到百萬,128.469034
93.0,29.24109161,3.030024575,一萬到十萬,328.545072
56.0,25.18369481,2.279885311,十萬到百萬,197.352805
78.0,27.18067734,3.462775387,十萬到百萬,276.014025
90.0,32.71166164,4.755053057,一萬到十萬,322.393025
25.0,11.09535068,0.337279593,一萬到十萬,90.709249
21.0,6.326905,1.731504711,大於百萬,78.8235
66.0,18.19837817,6.138034353,十萬到百萬,236.411755
82.0,34.24909651,5.675424827,一萬到十萬,293.14909
25.0,12.01841398,4.143639285,大於百萬,86.434561
33.0,21.12198513,5.403303971,小於一萬,119.559127
17.0,9.46557758,3.693051043,小於一萬,63.820332
59.0,21.27291211,3.385121455,小於一萬,215.905482
30.0,8.23299153,0.635691754,一萬到十萬,106.064602
73.0,22.36101534,2.23634963,小於一萬,262.597449
83.0,28.82671381,5.519575003,大於百萬,292.089578
76.0,26.11945389,2.807858549,一萬到十萬,274.127084
89.0,19.64677846,2.399579787,一萬到十萬,314.890618
98.0,26.8474977,0.555850618,大於百萬,351.862792
51.0,15.57082643,4.419476769,十萬到百萬,181.365908
75.0,26.07549862,5.143706423,十萬到百萬,269.444994
15.0,4.45631233,2.629690582,十萬到百萬,54.334011
61.0,26.82343484,5.586457741,大於百萬,214.346543
30.0,9.74932122,3.173628519,十萬到百萬,108.486512
36.0,20.63387374,3.44271492,一萬到十萬,129.522715
65.0,29.06907952,3.380965049,十萬到百萬,234.378087
87.0,38.17605375,6.963602725,十萬到百萬,307.416326
20.0,11.76435902,1.308742285,十萬到百萬,71.124711
21.0,14.65992703,3.07256704,大於百萬,71.926469
100.0,42.83265278,3.965112831,一萬到十萬,354.869546
53.0,17.31799684,3.417844432,十萬到百萬,185.48755
91.0,27.70783425,3.169181243,十萬到百萬,326.511994
10.0,3.98632336,0.030038227,大於百萬,38.675623
99.0,37.73241144,7.72405273,大於百萬,349.048337
61.0,9.87916558,1.436028111,小於一萬,213.071627
80.0,27.5636699,1.277631295,一萬到十萬,284.057946
37.0,16.22896033,1.856518043,小於一萬,136.573134
72.0,26.44800535,3.509245812,一萬到十萬,256.3737
65.0,18.05932459,1.510221039,十萬到百萬,231.304514
23.0,7.95617378,0.912076126,小於一萬,83.036205
92.0,40.73698967,4.636563904,小於一萬,329.35054
45.0,14.17801327,3.769634351,十萬到百萬,158.539385
18.0,7.29195552,2.317959067,一萬到十萬,62.317663
40.0,8.56581352,0.975294751,一萬到十萬,143.434916
43.0,15.09638769,5.999431004,十萬到百萬,155.818055
22.0,3.26848063,0.009526957,大於百萬,78.809896
79.0,25.06755404,3.429945412,十萬到百萬,285.761592
84.0,33.49221879,9.638966346,小於一萬,297.486817
29.0,12.09106028,2.49021882,小於一萬,104.502706
55.0,20.1870126,5.001959098,十萬到百萬,197.67125
87.0,24.95177785,1.015740835,小於一萬,303.878262
29.0,15.47539803,4.828720171,十萬到百萬,106.346831
44.0,23.13440248,3.02294212,十萬到百萬,155.941335
100.0,31.42083841,2.9241027,一萬到十萬,357.58713
60.0,23.52912897,2.915714279,小於一萬,214.560669
87.0,34.45287378,5.827060764,十萬到百萬,308.22047
25.0,5.4887555,0.394929989,大於百萬,91.877635
97.0,42.19441845,5.549949955,十萬到百萬,344.715192
99.0,33.42960304,6.443252612,大於百萬,353.46916
29.0,17.56867227,2.001044064,一萬到十萬,104.655402
85.0,23.77346122,4.542661031,十萬到百萬,304.904215
39.0,14.01002933,5.185134443,小於一萬,146.056523
45.0,13.48532605,5.942775544,小於一萬,157.881477
87.0,28.27700983,7.015215591,小於一萬,310.222468
79.0,17.94459692,2.623383499,大於百萬,277.912711
95.0,28.03957327,2.83256978,十萬到百萬,335.604322
37.0,10.40371072,0.263531928,小於一萬,133.950681
23.0,10.05141481,0.156850984,一萬到十萬,82.319986
29.0,7.8684534,1.960643728,小於一萬,99.310091
38.0,3.04630875,1.743629417,大於百萬,132.326038
93.0,36.81227531,3.083608295,十萬到百萬,331.028835
79.0,27.44053749,2.943291647,十萬到百萬,276.990161
58.0,13.30369009,4.383672242,十萬到百萬,207.57206
11.0,8.23131243,0.304835686,十萬到百萬,35.63797
96.0,30.36214848,6.714957659,大於百萬,340.859569
18.0,3.99814508,0.550344488,十萬到百萬,62.534638
99.0,30.33118132,6.874902604,一萬到十萬,349.063226
32.0,5.58329736,1.811827945,十萬到百萬,114.192647
89.0,31.37888985,3.74603739,十萬到百萬,318.783051
12.0,8.67440694,2.76024852,十萬到百萬,42.188482
75.0,23.6025531,4.523740054,十萬到百萬,266.217023
47.0,18.77736976,0.041229108,十萬到百萬,168.89517
98.0,32.90246875,4.878579353,小於一萬,349.540606
82.0,24.48892201,2.559907081,小於一萬,297.299403
77.0,26.93238832,1.123163783,十萬到百萬,269.618393
33.0,12.81782842,0.208065654,一萬到十萬,113.591434
63.0,15.79820177,4.337964302,大於百萬,225.745402
47.0,13.94312816,6.153942854,小於一萬,169.71493
29.0,19.64763273,0.856130365,十萬到百萬,105.830133
24.0,7.56556852,3.761234624,小於一萬,84.800074
99.0,41.96460607,9.476641246,十萬到百萬,357.392992
22.0,3.11941349,2.819735385,一萬到十萬,80.242441
40.0,9.79016785,5.124846848,一萬到十萬,141.26333
61.0,22.69716459,6.146138462,一萬到十萬,216.036476
20.0,2.37290106,0.857514423,一萬到十萬,73.751202
86.0,28.21073834,4.373466421,一萬到十萬,302.887998
12.0,1.64819798,1.30572513,十萬到百萬,43.065093
17.0,2.29116826,2.154703949,一萬到十萬,63.861482
54.0,17.44304527,5.549219531,小於一萬,191.003473
39.0,12.28524638,0.224403383,一萬到十萬,131.820565
88.0,20.72482281,4.321570987,小於一萬,314.829543
64.0,20.36203851,1.527641801,大於百萬,228.783673
66.0,23.76823033,5.455271317,小於一萬,242.233676
46.0,15.57190659,3.193752933,小於一萬,162.700956
33.0,12.52223274,0.056339938,一萬到十萬,119.023382
82.0,31.18586055,7.488026788,十萬到百萬,291.314666
96.0,30.85279773,10.12766664,十萬到百萬,344.656524
20.0,7.32506192,1.587892055,小於一萬,70.881484
50.0,18.2630567,4.050816325,十萬到百萬,180.442401
17.0,9.15056456,4.636304292,大於百萬,56.484931
47.0,10.45375486,0.938999298,小於一萬,164.572237
40.0,18.44826657,2.240236875,十萬到百萬,141.614421
81.0,27.01392648,4.050401703,大於百萬,284.788716
66.0,20.43830433,2.097019822,小於一萬,236.158712
23.0,10.72553038,0.564039183,小於一萬,80.786419
80.0,31.97400407,6.8890137,大於百萬,288.996121
71.0,18.53215998,2.698179495,小於一萬,246.810984
83.0,20.31568063,1.682342275,大於百萬,298.706397
20.0,6.53352915,0.389875207,十萬到百萬,68.653963
88.0,29.43758471,5.523007979,一萬到十萬,317.159429
88.0,24.96601033,1.277689358,大於百萬,313.128378
79.0,27.34613781,4.091102903,小於一萬,284.778498
46.0,23.82047528,1.627421268,一萬到十萬,159.450848
67.0,18.22410861,3.249878409,小於一萬,233.507622
53.0,19.74143007,1.555014748,一萬到十萬,192.110626
25.0,8.44130061,3.061993427,十萬到百萬,94.785729
50.0,24.05831736,4.741096535,小於一萬,173.284259
83.0,28.40915338,4.085216067,一萬到十萬,292.857168
93.0,29.30608808,2.303326934,一萬到十萬,327.771081
29.0,4.44270959,3.533258348,十萬到百萬,104.421182
82.0,26.3742475,4.160118846,大於百萬,291.597383
46.0,13.9792447,0.891245828,大於百萬,162.96996
49.0,15.4419208,0.064057634,十萬到百萬,175.730827
45.0,14.19071291,3.321536823,小於一萬,159.727984
45.0,10.90863806,3.192073711,十萬到百萬,158.313151
38.0,18.66475844,3.68182399,十萬到百萬,136.149793
92.0,31.07632397,6.93117373,大於百萬,328.875072
39.0,26.08214459,3.414835509,十萬到百萬,135.615089
66.0,30.51105176,2.625733254,一萬到十萬,232.994852
19.0,10.36054593,1.354422273,十萬到百萬,70.074199
48.0,15.19533858,0.735757833,小於一萬,168.768473
62.0,20.46892895,5.018036257,大於百萬,217.773045
92.0,31.23012284,7.478934482,小於一萬,330.390966
52.0,19.74043808,3.888113029,一萬到十萬,183.627717
95.0,27.71756398,7.05784165,十萬到百萬,340.623764
46.0,12.45429943,2.053708325,十萬到百萬,171.108339
44.0,12.6133501,2.000279606,一萬到十萬,158.673092
56.0,11.87274594,2.349050432,小於一萬,201.742012
19.0,11.84308384,1.411744529,大於百萬,63.789173
30.0,10.3027251,3.030377184,一萬到十萬,108.122219
34.0,16.54897865,2.507602578,一萬到十萬,118.125739
51.0,14.28433335,1.914859941,小於一萬,181.25816
34.0,16.19365273,0.792203039,十萬到百萬,117.054656
96.0,33.9560652,7.22447439,十萬到百萬,344.250466
47.0,22.38166556,2.322283907,十萬到百萬,166.060306
45.0,15.74523453,0.344629786,一萬到十萬,157.924518
58.0,17.11009877,1.23426039,小於一萬,211.992734
27.0,5.34545883,1.836594068,一萬到十萬,96.098695
76.0,21.43025018,3.608351353,小於一萬,269.037326
37.0,13.52767982,1.309440016,一萬到十萬,134.69712
97.0,26.74517188,8.197650451,一萬到十萬,344.687169
63.0,27.00388098,4.800652099,小於一萬,221.144784
67.0,18.89763578,4.219195092,一萬到十萬,242.930876
56.0,18.89275737,6.418796387,大於百萬,202.533976
35.0,8.97847595,0.05362699,小於一萬,125.328924
73.0,28.055282,3.205905832,一萬到十萬,261.079037
75.0,20.14218343,5.76350789,大於百萬,265.232733
19.0,4.90658081,3.263641471,小於一萬,66.570507
43.0,16.56616065,3.758375149,十萬到百萬,159.537246
96.0,33.86314222,4.851667657,一萬到十萬,346.71859
68.0,21.07696395,1.240824206,大於百萬,247.316684
