面積,周長,長軸長度,短軸長度,偏心率,凸殼面積,延伸比率,米種類
14505,492.682007,205.4121399,90.7625504,0.897086084,14834,0.58295155,1
11026,425.01001,179.9587708,79.0526276,0.898349285,11185,0.55861789,2
11941,434.803986,174.2298889,89.4745254,0.858063936,12249,0.75413668,2
12440,434.804993,173.3927917,92.6904831,0.845124602,12716,0.6803391,2
12495,443.678009,184.9876709,87.1301804,0.882130384,12690,0.74260074,2
11862,436.299988,177.2002106,86.4449921,0.872934222,12146,0.76155627,2
12103,456.36499,189.7859344,82.7607803,0.899910629,12483,0.62905407,2
14458,475.044006,196.9861145,93.9998932,0.878799915,14669,0.60189003,1
11973,436.183014,177.1341705,87.4583206,0.869609237,12197,0.59888953,2
14683,493.571991,209.0519714,90.5843277,0.901244879,14947,0.70219988,1
14115,486.272003,207.5510406,87.7810898,0.906158924,14422,0.60081726,1
10576,417.019989,175.3908234,77.4555893,0.897203624,10729,0.56592464,2
14096,476.95401,198.7421875,91.3667068,0.888061464,14346,0.59931976,1
13722,482.342987,202.278183,87.753891,0.900995851,14189,0.60566735,1
11181,420.412994,171.0338287,84.8756943,0.868179142,11406,0.79241675,2
13846,479.587006,197.0045929,90.9155045,0.887145817,14200,0.71755803,1
12005,440.265015,180.6821136,85.7372284,0.880244851,12319,0.60302389,2
16258,518.77002,214.2864685,97.3790054,0.890780509,16551,0.70757717,1
10561,417.933014,172.8907166,79.5229034,0.887939394,10804,0.64791411,2
10246,406.371002,163.8946991,81.5082169,0.867566824,10655,0.70710838,2
9322,385.415985,157.3514557,76.3523407,0.874384105,9566,0.63653123,2
11748,446.695007,190.2133179,79.8895569,0.907524228,11926,0.80976015,2
13501,472.483002,198.0720367,87.6896133,0.896661997,13787,0.63402838,1
12692,456.792999,181.2328186,91.1280441,0.86438936,13147,0.78355354,2
11906,433.855988,174.2997894,88.2526093,0.862341821,12179,0.62084788,2
10150,405.737,164.7185516,80.2642441,0.87324518,10338,0.59270072,2
11027,422.389008,172.8674316,82.6650696,0.878251433,11350,0.78183496,2
9127,381.878998,160.804657,72.8446579,0.891510069,9260,0.5895614,2
14093,488.597992,204.3924561,89.1596069,0.89984113,14463,0.58110672,1
12907,465.342011,195.6549683,84.8821793,0.900991857,13151,0.57333869,1
14002,490.570007,209.3342743,86.1463089,0.911398411,14336,0.65690827,1
10777,409.27301,165.1380157,84.5802154,0.858878732,10987,0.80648059,2
12239,432.298004,168.4900818,94.2542191,0.828894377,12489,0.68259901,2
13117,460.574005,192.404068,87.6289902,0.890265226,13575,0.78450954,1
15557,509.022003,211.933548,94.7585983,0.894476652,16075,0.64311701,1
9853,395.501007,159.9161224,80.057785,0.865665078,10102,0.60196728,2
14317,499.110992,206.7794189,89.8253403,0.900719225,14815,0.80423546,1
12071,441.179993,178.0411987,87.7705154,0.87004137,12442,0.7380166,2
15401,499.264008,202.6498871,97.7685013,0.875923336,15760,0.61732405,1
12061,432.688995,174.2027893,90.0654297,0.855976403,12378,0.62801355,2
15773,515.794006,219.4337616,92.621048,0.906553388,16089,0.70541143,1
13654,477.929993,199.3771515,87.6778336,0.898115993,13914,0.57575375,1
16263,546.562012,230.959549,91.6509247,0.917893529,16796,0.57123286,1
14368,491.562988,211.2970734,87.2080154,0.910854757,14596,0.62442416,1
10171,400.444,165.2134705,79.2173233,0.877550244,10339,0.62333763,2
15967,511.61499,211.6907806,96.9752274,0.888901412,16329,0.58667696,1
12071,438.700012,178.7846069,87.5031204,0.872040808,12437,0.64536995,2
12349,452.009003,187.9687347,84.5486526,0.893128455,12646,0.58576036,2
13109,484.993012,204.728302,82.8482361,0.914461017,13497,0.52511615,1
14788,480.962006,199.0625458,95.5379181,0.877301753,15044,0.65750742,1
11247,418.082001,174.7965393,82.5759582,0.881377935,11407,0.78826743,2
16582,532.357971,223.3588409,95.7497177,0.903455853,17089,0.71431035,1
16933,521.921997,221.3329773,98.0982971,0.896414876,17212,0.77674311,1
15105,503.291992,215.5826721,89.7966766,0.909121931,15327,0.60047704,1
10588,410.936005,169.8278809,80.4187622,0.88077718,10783,0.78377378,2
10692,410.252991,170.1792297,80.288887,0.881710887,10863,0.63079643,2
13562,474.218994,194.6127625,90.6689758,0.884840369,13871,0.71333897,1
13533,473.932007,196.1175537,88.9167938,0.891314685,13897,0.60455662,1
13002,472.473999,198.0772705,85.7991714,0.901317,13432,0.69473684,1
15043,498.299011,206.0117035,94.7666855,0.887915671,15414,0.5868836,1
13049,469.537994,196.4661713,85.9948425,0.899117112,13409,0.72700429,2
13269,485.61499,207.1224518,83.3239746,0.915510833,13741,0.7147705,1
15486,492.694,204.3721313,97.6780014,0.878391445,15688,0.60116458,1
14009,481.97699,198.5250854,91.0632324,0.888591766,14455,0.68420023,2
15107,488.865997,205.21521,94.3698196,0.887992561,15322,0.78723294,1
12642,462.808991,198.4047089,81.7451706,0.91117835,12878,0.60598218,2
14656,494.311005,206.0200653,91.7309723,0.895404994,15072,0.61543632,1
11443,421.671997,173.6322021,84.6323471,0.873165905,11644,0.63378566,2
13837,483.593994,204.3109283,87.2892532,0.904139519,14139,0.56942385,1
11564,428.083008,171.9387207,86.8431091,0.863071501,11839,0.61674666,2
13925,478.290008,196.5747681,91.4311447,0.885246873,14323,0.66277963,1
12960,460.867004,191.5177002,86.7977905,0.891403615,13211,0.58823532,2
13853,471.640991,195.2124939,91.291542,0.883912563,14213,0.65332013,1
11743,432.546997,175.7979279,86.1815338,0.87159276,12077,0.7332043,2
12120,439.713989,181.697937,85.9925384,0.880916357,12335,0.60253543,2
11689,434.877014,183.5699921,81.7642059,0.895325899,11856,0.57231688,2
14837,499.832001,210.0672455,91.2686462,0.900684655,15263,0.68009716,1
14295,489.214996,203.3018951,90.6099548,0.895186543,14660,0.6066972,1
15035,486.653015,198.2198334,97.8574982,0.869642675,15279,0.6237554,1
10759,401.927002,158.9398651,87.4795227,0.834905148,10955,0.619223,2
10381,414.187988,174.7446289,77.0795517,0.897458792,10556,0.60728914,2
12199,438.062988,178.8557587,88.1027985,0.870260715,12496,0.78334296,2
13104,476.989014,202.4251099,83.6132889,0.910704792,13464,0.5388158,1
15252,502.591003,211.6311646,92.1961594,0.900118351,15495,0.57446325,1
11690,432.519012,183.0266266,82.307724,0.893177867,11846,0.57891351,2
10037,395.339996,164.2431488,78.4997635,0.878387868,10210,0.76489866,2
15936,522.767029,224.6175079,91.1237412,0.914013386,16298,0.60908121,1
14680,495.444,206.7537537,91.296463,0.897226334,15091,0.61159021,1
9638,398.911987,168.1098328,73.4651413,0.89945823,9798,0.72575301,2
15141,505.42099,209.5935974,93.0923767,0.895949185,15559,0.56639981,1
13002,460.127014,191.4242096,87.7746353,0.888676524,13325,0.67945236,1
11377,456.45401,200.8426056,72.3511658,0.932860374,11573,0.75224811,1
12188,435.860992,182.0326691,85.7811737,0.882004738,12363,0.76577032,2
12045,438.394012,182.4355774,85.0350571,0.884726763,12276,0.73128527,2
14746,504.313995,220.3434448,85.9315796,0.920819402,14995,0.79751217,1
14205,487.351013,204.3322449,89.6342545,0.89864862,14637,0.77369279,1
14321,494.345001,211.6689911,86.8254166,0.911998153,14583,0.56127769,1
11386,450.119995,195.460434,75.8428879,0.921650231,11612,0.51285976,1
12310,438.161987,177.7984314,89.2260284,0.864961565,12528,0.78587842,2
10360,408.281006,165.7329254,81.2866364,0.871459424,10649,0.78526491,2
12736,447.869995,182.7711792,89.6817093,0.871341288,12964,0.75271869,1
12712,453.079987,192.8154602,84.6075363,0.898584485,12891,0.56876957,2
13569,490.541992,209.8494873,83.4063568,0.917620361,14061,0.53003907,1
10148,408.227997,168.7253571,77.1433258,0.889357567,10409,0.58325189,2
14172,500.428986,218.5715637,83.3639069,0.924408734,14399,0.60881519,1
14064,488.947998,206.9332886,87.4786224,0.906251788,14315,0.75857604,1
12465,451.515015,190.4549408,84.1636963,0.897060037,12640,0.59595525,2
9630,396.893005,163.8465424,75.775734,0.88662976,9935,0.72515058,2
16436,529.862976,230.9310455,91.0651856,0.918964922,16648,0.63410497,1
12563,444.868988,183.2237549,88.0494766,0.876963437,12767,0.76697195,2
11318,427.756012,175.5746613,83.8806305,0.878496349,11628,0.58947915,2
13693,479.479004,200.3972931,88.1744614,0.897998631,14097,0.6952526,1
14551,502.112,208.1924438,90.8480148,0.899769425,14962,0.55802268,1
11546,429.681,179.2159576,82.6570129,0.88728863,11698,0.59957421,2
11518,428.709992,175.9360809,84.2515564,0.8778826,11754,0.66039789,2
11672,435.713989,179.9275513,83.9766312,0.884402633,11941,0.65776277,2
13779,481.976013,200.4785767,88.8467102,0.896436095,14192,0.57198006,1
12434,450.496002,176.9101257,91.678093,0.855248272,12847,0.61239165,2
15360,504.231995,210.3907471,94.7409592,0.892872512,15751,0.75765794,1
12714,461.890015,196.560318,83.1123962,0.906207144,12900,0.64140856,1
13623,493.567993,211.730484,82.9239349,0.920114875,14065,0.52655381,1
13470,471.187988,200.5023499,86.7831955,0.901476145,13729,0.58210891,1
12091,436.278015,180.9275513,85.8790588,0.880169272,12303,0.62065601,2
10796,413.420013,170.7816467,80.9968872,0.880378544,10980,0.62303788,1
17313,531.984009,225.5345917,98.4435043,0.899709284,17582,0.5698815,1
10767,428.35199,181.7823029,75.8960648,0.908671975,11002,0.69915587,2
12571,453.337006,188.7025452,86.5485535,0.888616621,12847,0.79182416,2
15522,507.242004,213.6819305,94.901535,0.895964742,15782,0.77890408,1
13089,458.076996,182.1092072,92.589798,0.861103296,13562,0.71290851,2
15644,501.114014,210.3576202,95.2769852,0.891546786,15858,0.78791237,1
14410,477.661987,197.1763763,93.6603394,0.879981518,14645,0.65727055,1
11352,422.324005,171.0198059,85.8147125,0.86499393,11581,0.78571427,2
11042,411.622986,168.3597412,84.190033,0.86599052,11217,0.7918818,2
10531,415.105988,171.4884491,78.9014511,0.887868285,10796,0.60125607,2
11392,427.744995,174.0228729,84.5270767,0.874112248,11609,0.60256004,2
12777,462.669006,183.2349091,90.6945724,0.868913829,13148,0.57244623,2
12535,442.937988,185.8367004,86.9127197,0.883896112,12669,0.60171848,2
15613,509.760986,210.2780762,96.0243301,0.889644384,15975,0.57259691,1
10829,404.751007,160.1178894,87.5086212,0.837441981,11138,0.72145236,2
14972,501.865997,208.8384247,92.8932114,0.895625472,15476,0.7270785,1
15147,511.294006,216.0992889,90.9463882,0.907128096,15637,0.53485167,1
9967,400.218994,167.2388763,76.963234,0.887815595,10128,0.66464388,2
12683,448.636993,186.1575623,87.5585938,0.882481694,12847,0.59095144,2
12373,438.881012,175.827301,90.9123154,0.855952382,12622,0.7681753,2
9050,379.898987,152.8709259,77.1093445,0.863465369,9387,0.67486948,2
10959,447.233002,197.3584137,71.0609818,0.93292892,11133,0.49741286,1
10536,397.498993,160.9679108,83.6986847,0.854183793,10711,0.67538464,2
13024,459.770996,191.9049988,88.0344467,0.888570666,13325,0.77969348,1
10190,397.786011,161.4774323,81.7153244,0.862505376,10476,0.78626543,2
12959,455.266998,181.2097931,92.4475937,0.860074282,13375,0.62219131,2
11523,441.403015,183.0505981,81.2724609,0.896032214,11815,0.78281248,2
12324,449.152008,190.3924866,83.2051392,0.899452269,12595,0.76713353,1
12927,453.015015,184.3237915,89.8613052,0.8731125,13196,0.73691714,1
12831,452.720001,184.246521,89.2625732,0.874805868,13073,0.61123288,2
11074,426.524994,182.8318939,77.6991425,0.905204654,11291,0.74482107,2
10773,407.846985,167.3578491,82.6438217,0.869566977,10931,0.62531924,2
14414,476.321014,194.8597565,94.9859467,0.873146415,14664,0.66387254,2
13734,487.839996,213.2474365,83.1827698,0.920782506,13941,0.80522984,1
9519,402.218994,173.3811798,70.5107193,0.913570523,9682,0.75100589,2
11746,450.82901,194.190918,77.7438965,0.916363299,11953,0.55520892,1
14980,503.816986,214.1865082,89.894577,0.907661796,15361,0.73539519,1
11049,412.813995,169.6197357,83.3963623,0.870783508,11244,0.79238385,2
14504,502.506988,212.2475739,87.9321289,0.910144746,14895,0.55341882,1
17246,540.541992,225.9888611,98.5731506,0.899856567,17704,0.57392925,1
10463,417.356995,177.1761169,76.0458374,0.903204501,10681,0.58322185,2
11359,441.365997,185.1977081,78.9822311,0.904499233,11755,0.58072597,1
15764,513.843994,212.1650696,95.9599075,0.891871452,16258,0.60470289,1
11297,418.953003,172.9674225,84.433464,0.872761667,11482,0.62293905,2
14852,495.816986,205.7136383,92.9477539,0.892103672,15202,0.60129553,1
10144,403.643005,165.4689026,79.1758423,0.878090918,10399,0.65930069,2
14871,487.618012,204.1911011,93.7997665,0.888243735,15067,0.76308495,1
13677,467.247986,191.011795,91.8209915,0.876880467,13901,0.65502876,2
12418,453.04599,187.8212128,85.1721878,0.891269088,12719,0.77997613,2
10106,408.941986,167.7952576,78.3033676,0.884436727,10424,0.78123069,2
13764,479.479004,199.2956848,89.9937058,0.892241418,14167,0.77714413,1
15907,527.210999,224.2521973,91.4411392,0.913089037,16206,0.54766738,1
12024,436.526001,182.3500977,84.8827515,0.88505137,12235,0.62664163,2
11486,420.852997,175.2575073,83.8640823,0.87807709,11615,0.77650082,2
13789,494.380005,216.9155121,82.1564484,0.925499618,14109,0.53274351,1
13858,475.957001,205.8739014,86.0445862,0.908470929,14042,0.65122181,1
9962,408.721008,165.8337708,78.493866,0.880885899,10231,0.61868089,2
12931,460.535004,192.90802,86.5666504,0.893659472,13302,0.60706073,1
16005,518.893005,221.2155304,93.1329575,0.90705806,16343,0.55104148,1
11793,417.160004,163.0438385,93.5010986,0.819225073,12022,0.66171026,2
9428,398.920013,164.8453827,74.6575851,0.891564071,9760,0.67671549,2
13331,461.308991,193.5599365,88.7962341,0.888563752,13500,0.57950789,2
16006,528.176025,222.6719055,93.0961304,0.908407211,16466,0.61185014,1
11512,414.600006,166.6441956,88.6269074,0.846849144,11700,0.77054888,2
11545,427.619995,167.4120941,89.4489212,0.845292509,11925,0.63239485,2
14034,491.731995,205.5051117,88.3520584,0.902863979,14448,0.55591208,1
14390,497.919006,216.3755951,85.1957016,0.919221938,14586,0.53790373,1
11355,428.992004,172.2812653,85.3694916,0.868594289,11690,0.61424863,2
12095,444.033997,186.0676727,83.8088074,0.892816246,12290,0.69994211,2
15224,510.881988,213.196167,92.32341,0.901372612,15686,0.63952953,1
10975,412.738007,169.450119,83.2436142,0.871014476,11149,0.78707689,2
7833,373.157013,162.5164337,63.5650024,0.920335591,8015,0.76975238,2
16176,522.991028,221.9273987,93.9841843,0.905900478,16639,0.60234594,1
9571,388.59201,160.9365845,76.4387741,0.880006254,9720,0.63742924,2
12602,465.916992,194.4551392,84.8320084,0.899823129,13039,0.650258,1
10222,423.497009,182.8002472,72.1242981,0.91887337,10421,0.82038522,2
10889,409.016998,165.9194641,84.8523483,0.85933876,11123,0.80480415,2
16893,523.254028,216.2404938,100.408165,0.885659337,17293,0.68105948,1
13342,488.269989,208.6655121,83.1663513,0.917140961,13703,0.52593821,1
11802,430.052002,175.2747498,86.6631699,0.86921072,12024,0.62125599,2
12726,455.346008,188.7777863,86.9399109,0.88763839,13010,0.76847827,2
11940,443.967987,187.3336182,82.182785,0.898634791,12184,0.63639271,1
9577,403.17099,174.9822083,70.2676315,0.915828288,9769,0.62709534,2
17353,539.033997,220.9611969,101.4541016,0.888359308,17845,0.63030767,1
12809,455.144012,189.0794678,87.2080307,0.887283623,13025,0.59000462,1
12075,430.471008,176.1828156,88.514061,0.864635944,12248,0.80232561,2
12220,425.04599,170.3327026,91.9388657,0.841818631,12385,0.72171038,2
11626,433.238007,178.0792389,84.5631256,0.880060077,11972,0.58967334,2
11706,433.065002,181.553894,82.6478119,0.890376627,11928,0.5867669,2
13138,470.415008,203.8628235,82.9842148,0.913401842,13361,0.81098765,1
18313,538.497986,222.4642487,106.1847458,0.878734171,18724,0.62442034,1
12974,460.303986,192.9310455,86.7241364,0.893276095,13232,0.59593034,2
12148,434.307007,177.4776917,88.5175018,0.86674422,12437,0.75505006,2
10386,405.967987,165.6750488,81.030014,0.872233272,10684,0.63624114,2
13487,477.253998,205.0457153,84.2822647,0.911616743,13772,0.7373572,1
12454,437.494995,175.8217468,91.2292023,0.854851186,12655,0.63224691,2
11536,426.85199,172.1890717,87.0799255,0.862696052,11891,0.60588235,2
8628,372.334015,157.3330383,70.1250229,0.895177007,8782,0.60264021,2
12581,439.154999,171.1239014,95.3803101,0.830260396,12858,0.69573635,2
15600,502.842987,205.2755127,99.0528107,0.875876188,16130,0.72142065,1
13860,484.772003,200.7766266,88.8408279,0.896775484,14238,0.66088116,1
10231,404.364014,159.639267,82.9938278,0.854237139,10640,0.62998766,2
14520,496.020996,208.425705,90.7463913,0.90024209,14930,0.59096462,1
12031,446.98999,178.5896454,88.8414917,0.867486,12425,0.58045059,2
14305,490.182007,206.8847198,88.6757965,0.903482914,14695,0.65418208,1
12676,437.955994,178.2371063,91.6977539,0.857508004,12887,0.69124222,2
12647,451.056,180.3443451,91.4280853,0.861967266,13120,0.65859503,2
15350,498.178986,204.6212006,96.8934021,0.880779982,15751,0.66369766,1
13418,474.901001,194.5457001,89.7083054,0.887339413,13973,0.60430551,1
8992,377.332001,158.2789154,73.0554504,0.887108207,9105,0.5945124,2
14873,499.615997,210.2774963,91.5836182,0.900170863,15195,0.57303023,1
12482,448.539002,185.0900421,87.2516098,0.881919026,12744,0.59268755,2
11339,425.506012,177.0471344,82.5474091,0.884655416,11533,0.59205306,2
13147,468.920013,199.2277527,84.4808044,0.905642807,13431,0.68473959,1
15543,507.38501,211.6512146,94.5713959,0.894620597,15976,0.65293008,1
10833,427.683991,177.2799072,79.5366898,0.893707395,11158,0.76310229,2
10589,411.928986,170.2721252,80.86866,0.880019367,10850,0.72428179,2
14143,481.907989,199.9907227,91.0935593,0.890241444,14450,0.58422834,1
12086,438.502991,179.4166412,86.549469,0.875954509,12292,0.62947917,2
14439,492.553009,211.8521423,87.4346695,0.910859942,14614,0.57279438,1
15714,501.154999,205.0133057,99.2755432,0.874935448,16074,0.73388755,1
11515,425.498993,177.8352051,83.0262375,0.884325027,11672,0.80773008,2
16580,530.094971,226.4449463,94.4740753,0.908812165,16928,0.59618843,1
11859,421.812988,169.9307861,89.3818054,0.850491047,12056,0.70146692,2
15158,505.276001,209.4760284,93.9268265,0.893838346,15586,0.60936683,1
11703,422.053009,166.0104065,91.1249542,0.835880697,12023,0.65376234,2
13468,475.39801,199.7535858,87.0446701,0.900062799,13817,0.57007408,1
14534,483.640991,196.6508179,95.0506821,0.875428557,14932,0.64965135,1
14806,498.631988,214.3899384,88.9766235,0.909811199,15078,0.78338623,1
13196,474.988007,199.981308,85.658165,0.903621972,13463,0.55646455,1
12407,460.178986,187.7365875,85.8654175,0.88927561,12849,0.58246094,2
13347,461.872009,193.527359,88.6871033,0.888814807,13536,0.77702743,2
14041,491.661011,212.8569336,84.5673065,0.917690337,14289,0.78661066,1
11240,438.513,186.4797363,77.602562,0.90929842,11492,0.56522179,2
11077,427.664002,181.1168671,78.3497849,0.901589572,11275,0.55523807,2
13102,479.27301,202.5076752,83.7562332,0.91046083,13528,0.61798972,1
12234,440.0,178.6965332,88.4473038,0.86891681,12435,0.62412,2
14360,494.457001,205.0970001,90.1169968,0.898297787,14825,0.65750915,1
13952,484.946991,201.3228302,89.510376,0.895723701,14349,0.65641028,1
13314,474.087006,203.9480133,83.6628418,0.911988139,13627,0.74713802,1
12745,453.035004,187.0058441,87.6672897,0.883307338,13040,0.60517567,1
12624,452.731995,192.1109619,84.6123734,0.897784531,12791,0.5655914,2
11146,425.959992,179.801178,79.5625534,0.89676702,11302,0.5810656,2
14655,491.714996,200.1468964,94.7804642,0.880764484,15181,0.60091031,1
17442,539.776001,228.5934753,98.1920471,0.903043628,17698,0.57625216,1
11732,428.183014,172.9629669,86.9869003,0.864331722,11900,0.63109201,2
13567,473.575012,195.3531189,89.2370758,0.889570057,14020,0.64678681,1
13283,477.289002,198.2706604,86.3554535,0.900167763,13616,0.61113411,1
14126,498.424988,216.8854828,83.8103867,0.922320008,14410,0.76077122,1
12743,435.817993,176.1109924,92.4771118,0.851036191,12897,0.63209325,2
11511,438.972992,182.5943756,81.3591843,0.895245492,11806,0.65690803,2
9878,406.977997,169.3667145,74.9775925,0.896672845,10098,0.58133239,2
11044,420.218994,165.992218,87.1315155,0.851155698,11328,0.61294264,2
13704,472.061005,191.9680939,92.8804398,0.875160515,14102,0.74742293,2
9646,390.955994,162.0136719,76.3164215,0.8821069,9815,0.67511201,2
12045,452.308991,193.5135193,80.2776184,0.909893274,12368,0.55242157,1
12914,464.179993,182.7015533,91.9550934,0.864107251,13385,0.64351207,2
9759,391.484009,159.0281372,79.1779785,0.867242157,9999,0.73210806,2
10828,410.069,166.3771362,84.0965958,0.862851441,11093,0.72852051,2
14261,496.359009,208.8519745,88.2422104,0.906357884,14763,0.69565856,1
14434,477.618988,200.3898773,92.3815536,0.887395442,14660,0.78343463,1
11385,419.01001,163.7038727,89.7325897,0.8363868,11767,0.6401822,2
10156,409.290008,177.7449951,73.2296295,0.911187172,10327,0.75179511,2
12711,459.618012,192.9746246,84.9510803,0.897890449,13028,0.58195221,1
11288,429.647003,173.5355835,84.2954712,0.874095976,11665,0.59310633,2
10150,405.355988,169.0958252,76.9323349,0.89051038,10358,0.63604462,2
11569,433.013,183.7203064,80.480423,0.898945987,11734,0.61037248,2
10695,406.450989,164.5702972,84.045639,0.859760463,10930,0.61233252,2
12450,456.221008,191.142868,84.213417,0.897714138,12740,0.57215071,1
12615,458.234985,185.0419617,88.1856537,0.879135907,13014,0.62167358,2
11502,425.955994,173.2731934,85.456192,0.869922996,11776,0.63758314,2
14181,485.244995,206.8582764,87.9433441,0.905128479,14423,0.64783007,1
14965,483.507996,203.5234528,94.3112488,0.886153102,15151,0.77554935,1
16022,524.872986,221.5270538,93.6352844,0.906278491,16545,0.54223639,1
8328,369.738007,152.5658569,70.5686035,0.886595726,8579,0.58442104,2
9843,383.115997,154.9503174,81.3568344,0.851070702,10024,0.70226884,2
12593,463.368988,195.7576294,83.0796661,0.905474484,12907,0.69775045,1
10193,409.795013,174.1696167,75.0309067,0.902451158,10377,0.75643784,2
13414,480.287994,199.4829102,86.8428574,0.90026623,13933,0.55505443,1
15154,504.929993,211.2330933,92.5081024,0.899002671,15598,0.57506073,1
10819,413.256988,165.1613922,84.5716171,0.858952999,11091,0.60952115,2
10228,403.890991,164.9504242,79.7054672,0.875505269,10475,0.64976811,2
13003,478.587006,197.8812103,85.5315933,0.901759982,13402,0.58885068,2
11363,419.454987,170.0657501,86.5056686,0.860967398,11699,0.69430524,2
14407,482.79599,202.8323364,91.191925,0.893233716,14671,0.74262887,1
14850,500.298004,213.0778961,89.3513031,0.907830954,15124,0.58021408,1
9483,390.997986,157.2599182,78.6333313,0.86601305,9817,0.6578564,2
11363,423.265991,175.8741608,83.8426285,0.8790555,11548,0.79135036,2
16454,518.109009,217.098526,97.780693,0.892827988,16893,0.79718995,1
11510,433.514008,180.3823242,82.6219559,0.888932645,11827,0.76702654,1
15153,514.403992,218.0923157,90.0522919,0.910772264,15628,0.68085009,1
10474,403.459992,167.8843994,80.188591,0.878554702,10611,0.78870481,2
12209,445.889008,184.8757324,85.0214081,0.887978971,12418,0.6173957,2
9431,383.959015,159.6559448,75.795723,0.880123854,9556,0.77557564,2
15926,522.73999,225.7360535,91.0570908,0.915033162,16240,0.77976888,1
15042,502.213989,212.0943756,91.2926941,0.902621925,15416,0.70210975,1
13980,479.179993,206.3290405,87.0367203,0.906672835,14137,0.86104953,1
14045,482.742004,200.0272369,90.7138443,0.891252458,14305,0.57261092,1
11227,427.811005,179.5554352,80.3201828,0.89436996,11430,0.59270406,2
11353,431.479004,182.0024109,80.0629578,0.898046494,11579,0.71663934,1
11458,437.44101,178.6035919,83.9828491,0.882549644,11732,0.76203775,2
10632,405.415985,167.325943,81.3442841,0.873879433,10762,0.62317568,2
10908,414.997009,174.4491577,80.5641861,0.886973441,11062,0.75498337,2
14898,501.494995,215.5633392,88.7705994,0.911270857,15156,0.65850425,1
14768,499.877014,210.5588074,90.4741821,0.902978361,15158,0.58311617,1
13949,479.402008,200.0951385,90.0946884,0.892897844,14286,0.58154756,1
12405,437.085998,178.0936584,89.9607696,0.863042235,12615,0.8101489,2
12536,460.283997,195.9936981,82.3151474,0.907529294,12778,0.64805627,2
11508,429.20401,178.3140106,83.0227814,0.884995937,11772,0.78843516,2
12260,453.238007,190.8468628,83.0307083,0.900399268,12586,0.78832304,2
11467,448.683014,192.0872345,77.1697235,0.915752411,11739,0.56978881,2
10638,407.207001,168.552124,81.1884918,0.876346171,10834,0.67581475,2
12406,449.713989,188.5073853,84.5176544,0.893857121,12602,0.79832691,2
10882,411.746002,168.9594727,83.1814728,0.870416462,11033,0.75401884,2
14851,512.31897,218.0083618,88.4966659,0.913903058,15556,0.71775168,1
10763,416.016998,171.0617828,80.6674194,0.881829202,10951,0.59503537,2
11907,448.061005,188.3023987,82.2617645,0.899529576,12156,0.76131713,2
10359,409.510986,173.3379669,76.8758087,0.896273136,10510,0.57358801,2
11119,419.727997,174.0810699,82.1559067,0.881630421,11314,0.76958746,2
12432,446.488007,183.4152832,87.7301025,0.878188848,12677,0.58730161,2
11241,417.158997,169.2477875,85.458786,0.863158584,11390,0.62869126,2
11236,421.444,171.7626495,84.2889938,0.871312022,11440,0.60830492,2
11253,422.877991,173.4837341,84.1268082,0.874555051,11556,0.7520048,2
12974,460.416992,191.3257751,87.2857056,0.889869571,13310,0.67721057,1
11719,436.424988,180.1156921,83.8712006,0.884967983,11922,0.68332362,2
11559,427.029999,173.2377777,87.1889725,0.864117086,11840,0.69914716,2
11780,435.67099,181.6983185,83.5851212,0.887907803,11975,0.8079561,2
11638,451.009003,195.0361328,76.9290314,0.918923914,11843,0.54059827,1
12637,455.290985,187.8065033,86.8458404,0.886660039,12958,0.61734247,2
11422,419.907013,168.0318909,88.2907028,0.850830555,11687,0.61807358,2
10680,413.803009,171.882019,79.8655624,0.885492623,10848,0.59077334,2
15815,504.223999,214.6546936,94.9879837,0.896760941,16059,0.80977982,1
12023,442.334992,181.1767426,85.4149628,0.881895185,12282,0.6013003,2
13325,468.350006,188.9027405,90.8317108,0.87680918,13643,0.61264366,2
15742,499.981995,209.3941956,96.4591141,0.887577713,15950,0.75660866,1
16401,521.077026,213.1025696,99.541893,0.884200335,16781,0.72660822,1
11210,428.891998,181.8733215,79.4114075,0.899641037,11456,0.63172722,2
12079,445.994995,190.6735992,81.1332474,0.904954433,12462,0.64267093,1
13524,487.468994,208.1534271,83.6142654,0.915773332,13830,0.63792455,1
11087,432.382996,177.4989777,80.5441971,0.891117454,11380,0.59463662,2
11773,433.980988,174.7171631,87.2726974,0.866309047,12005,0.60946316,2
14601,505.248993,215.9343872,86.7587204,0.915735006,14991,0.66854394,1
10964,412.821991,168.77948,83.7662201,0.86814785,11118,0.74605334,2
13858,490.570007,203.7094727,88.1739273,0.901470006,14265,0.65318626,1
10550,404.295013,160.4701233,85.4500351,0.846431196,10846,0.77980632,2
16091,508.830994,209.1838837,99.2317581,0.880322516,16431,0.67045832,1
13109,457.170013,195.0704193,86.0075073,0.897553802,13271,0.59926856,2
11993,427.539002,168.4983673,91.9594803,0.837942243,12286,0.63928574,2
8990,389.377014,157.7496033,73.9191818,0.883418143,9297,0.62526083,2
14658,486.178986,201.8865356,93.2077713,0.887044489,14892,0.64829719,1
15762,507.640991,205.6005554,99.3208466,0.875578046,16261,0.66363519,1
11753,425.385986,176.0082092,85.7570419,0.873271942,11919,0.65556669,2
12605,448.846008,186.7164459,86.6711807,0.885737717,12804,0.72596902,2
10949,414.273987,168.0638885,84.0328369,0.866022348,11192,0.61580426,2
13651,502.079987,222.0735626,79.337265,0.934006214,14034,0.79264891,1
10780,410.855011,162.4277344,86.1807556,0.847635448,11047,0.66707921,2
10035,398.096985,162.6618652,79.6461182,0.871923447,10236,0.59806901,2
12364,442.855011,175.3573914,91.6060257,0.852702916,12679,0.61789107,2
13939,484.393005,207.0262756,86.2234726,0.909142315,14233,0.64246863,1
10152,399.796997,162.2039642,80.6575012,0.867601752,10393,0.66128194,2
10669,403.674988,164.5473785,83.4362869,0.861907542,10885,0.71383649,2
11072,421.0,174.7893066,81.5789413,0.884401262,11245,0.79540229,2
10595,403.820007,163.1214905,83.7796173,0.858028173,10832,0.61922854,2
14935,489.234009,202.4066467,94.6457367,0.883939147,15251,0.60904491,1
11883,448.216003,191.7463531,79.4640045,0.910084605,12103,0.55031723,1
11295,430.619995,179.1363678,81.1850357,0.891407609,11516,0.69124848,2
13858,482.579987,205.0201569,86.9646759,0.905579686,14154,0.55592108,1
10185,397.980011,163.8427277,79.5845566,0.874104738,10335,0.63151044,2
11739,448.605011,187.6857605,80.8497467,0.902460873,12118,0.54701769,1
11908,430.703003,174.3730011,88.1085052,0.86295104,12162,0.68832368,2
15398,518.744995,215.329071,93.0628891,0.90178299,15753,0.79815465,1
12671,448.119995,181.4938202,90.3511124,0.867280841,12949,0.74064767,2
11277,417.97699,166.9129791,87.6671448,0.8509624,11597,0.64260072,2
10572,412.252014,163.6511841,84.4817963,0.856449485,10911,0.66219854,2
10645,417.802002,172.5445862,79.6921539,0.886950672,10838,0.61421728,2
16963,536.03302,220.3275757,99.4097748,0.892427504,17467,0.59207678,1
9117,393.838013,167.6113739,69.951889,0.908747792,9333,0.54026669,2
12299,446.10199,185.8578949,85.4524765,0.88803637,12528,0.66842389,2
11070,413.420013,168.5196686,84.4938278,0.865222275,11328,0.62659198,2
9371,401.895996,170.5694885,70.6504211,0.910184443,9542,0.77832228,2
14549,488.953003,206.6948242,90.7606888,0.898435831,14856,0.58247256,1
14250,486.123993,201.2189331,91.9398193,0.889510691,14636,0.59367579,1
13244,461.938995,194.1837616,87.8210144,0.891887546,13476,0.7112782,1
14476,489.238007,203.8588409,91.6615295,0.893213689,14807,0.67984784,1
14988,499.355011,212.2619781,90.9880753,0.903466225,15245,0.58868813,1
15322,506.39801,217.8637543,90.1770706,0.910315573,15531,0.81361514,1
13637,466.653015,193.5342102,90.3542328,0.884328902,13838,0.69167173,1
14378,491.480011,202.7118835,91.3858032,0.892616808,14805,0.6402173,1
14955,508.717011,217.9815521,88.6121826,0.913645327,15363,0.56941062,1
13139,472.251007,202.5976715,83.7917786,0.910464585,13379,0.78366935,1
13809,489.022003,213.8255463,82.4940338,0.92258215,14070,0.80575329,1
11955,454.085998,196.8355255,78.124794,0.91786015,12127,0.55812323,2
12173,438.319,180.3327332,87.0581512,0.875750482,12375,0.65871215,2
12536,475.145996,205.7659454,78.260704,0.924847364,12798,0.69490022,1
12886,463.903015,193.8765869,85.4777374,0.897562444,13196,0.59525132,1
11358,421.821991,171.4160767,85.978157,0.865113735,11637,0.64333051,2
11718,427.145996,164.7481995,93.1297531,0.824895382,12155,0.72030979,2
15143,504.140015,207.7341766,94.1483841,0.891400874,15628,0.57132614,1
14301,497.773987,209.876358,87.2993698,0.909384668,14591,0.60068047,1
12593,449.570007,179.3675537,90.6992798,0.862731934,12945,0.62757897,2
14890,502.540985,206.2285309,93.4573135,0.891422331,15349,0.58981979,1
11447,436.868988,180.4373169,82.3101273,0.889892578,11733,0.57257903,2
10817,403.997986,167.4233551,82.7212677,0.869413972,10953,0.78509218,2
13864,491.446014,206.8836975,86.3506241,0.908728719,14221,0.71596777,1
16679,528.552002,222.7795868,96.640068,0.901012897,17006,0.56917143,1
10574,411.118988,170.1401672,79.7742691,0.883265197,10782,0.68706954,2
11838,440.256012,181.3232727,83.8383942,0.886687219,12165,0.60152441,1
12287,444.174988,181.921051,87.7391815,0.87601018,12508,0.65373772,2
10847,417.924011,170.3667908,82.4730072,0.875017703,11107,0.746319,2
12312,447.717011,178.9607391,88.5175247,0.869109452,12593,0.61832058,2
11176,418.056,171.3155823,83.9394913,0.871739328,11387,0.79703325,2
14887,493.045013,199.164917,96.6937027,0.874239087,15347,0.61712891,1
11278,430.263,174.4451752,83.7923355,0.877084434,11637,0.73654652,2
12244,442.190002,179.9014587,87.8075943,0.872794867,12568,0.63269949,2
15741,523.776001,227.5023346,89.1243515,0.920071125,15999,0.56322455,1
10265,400.321991,163.1663208,81.6438141,0.865810692,10450,0.61101192,2
14340,477.895996,196.4750671,94.2577896,0.877408326,14700,0.60814249,1
11441,415.858002,170.4867706,85.7565918,0.864280462,11628,0.68101192,2
15204,510.487,216.316864,90.8539505,0.907522261,15535,0.5621118,1
12771,449.26001,190.3573914,85.9254608,0.892326653,12939,0.77606952,2
10617,425.475006,180.4988098,76.5298767,0.905666411,10911,0.77180868,2
10472,403.691986,164.4824371,81.6754761,0.868002117,10688,0.69479829,2
12293,442.052002,180.3721771,88.5213089,0.871289015,12607,0.60206682,2
10516,423.399994,175.9206696,77.7380524,0.897067964,10787,0.63687015,2
12448,438.915008,174.4133301,92.2767181,0.848578691,12750,0.68170863,2
11784,438.119995,181.7578888,83.7443619,0.887531638,11981,0.80376512,1
15121,503.487,212.9385223,91.3305054,0.90334934,15470,0.78379637,1
11003,417.05899,168.2343292,85.0189743,0.862908363,11270,0.61127776,2
13485,471.570007,198.272644,87.7272873,0.896789312,13734,0.57231986,1
12339,453.264008,191.5043793,82.7746887,0.901761532,12534,0.61893058,2
14517,488.324005,196.1644897,95.582901,0.873257518,14976,0.59512973,1
13780,497.428009,221.7229004,79.9521332,0.932722569,14010,0.55078143,1
10993,422.515015,174.5363617,80.9679489,0.885886014,11179,0.66491258,2
12734,447.084015,180.24823,91.317955,0.862167537,13019,0.7948814,2
9154,383.677002,158.3173676,74.5600128,0.882158399,9346,0.74750942,2
12103,440.610992,179.4492035,87.9125671,0.871777415,12405,0.63020045,2
16519,533.218018,224.2022705,95.2168579,0.905337989,17041,0.74076235,1
10694,405.677002,163.3674774,84.68367,0.855160654,10891,0.75014031,2
11931,445.101013,187.920517,82.1422043,0.899407387,12174,0.6481421,1
10985,419.533997,171.9523163,83.113884,0.875424862,11253,0.58605421,2
12076,452.542999,188.3591614,82.7943726,0.898215294,12367,0.7058686,2
11723,432.746002,176.9750824,85.0956726,0.876811564,12013,0.6655879,2
12073,439.799011,177.3865051,87.6316986,0.869453073,12337,0.6841777,2
11295,417.337006,174.0199432,83.1422348,0.878482699,11476,0.7685765,2
13891,486.937988,209.8047638,85.7384262,0.91268754,14170,0.82847261,1
13720,477.63501,201.1578674,87.3099976,0.90089494,13936,0.66453552,2
12172,452.32901,193.6925354,80.8077774,0.908816457,12430,0.67803031,1
11750,428.375,178.5536194,84.7041855,0.88031435,11869,0.60868216,2
10491,411.994995,174.7058105,77.0362549,0.897532403,10658,0.76761544,2
14146,504.355988,214.0628815,85.7449646,0.916270673,14716,0.62526518,1
12204,436.855011,169.2932281,93.1858139,0.834874511,12505,0.74779409,2
12182,433.837006,180.6137238,86.6064377,0.877535343,12341,0.77790546,2
10815,420.815002,179.9677277,77.0993652,0.90358603,10981,0.56921053,2
12649,459.945007,190.4369659,85.7494965,0.892888606,12886,0.69818401,2
11501,428.502991,180.4887848,81.4083099,0.89250195,11676,0.67652941,2
12588,445.298004,181.6567535,89.5271149,0.870121837,12865,0.77713299,2
14212,485.985992,203.4184875,90.0118866,0.896770418,14508,0.57320321,1
12269,435.656006,175.9555206,90.2980957,0.858276784,12583,0.77883577,2
14850,509.274994,215.9631958,89.1265488,0.910870075,15372,0.79941863,1
11316,429.63501,177.2783051,82.7851868,0.884268582,11544,0.7564171,2
15458,511.951996,216.607666,91.7917252,0.905770063,15854,0.58404803,1
11545,429.097992,176.9992981,84.105339,0.87989223,11816,0.70585716,2
14911,494.088989,207.5602417,92.4106064,0.895419717,15132,0.60476154,1
14586,484.053009,196.4033966,95.8562164,0.872811317,14976,0.77154189,1
13309,460.921997,191.4629669,88.9541397,0.885519445,13540,0.65374792,1
12224,438.976013,177.1386108,88.4313736,0.866474509,12445,0.60625899,2
12104,441.774994,182.4621277,85.5134659,0.88337642,12378,0.73913044,1
13584,478.536987,204.6206512,84.8061447,0.910069585,13817,0.67602271,1
12232,440.403015,175.6786804,90.0619507,0.858596742,12525,0.77251482,2
10951,424.769012,179.1313171,78.7550125,0.898169398,11138,0.56726235,2
14009,487.062988,208.6516571,86.5998077,0.909800947,14333,0.75010711,1
12344,466.842011,204.1087799,77.8143234,0.924476326,12596,0.72128081,1
14712,496.036011,212.7399292,89.0926437,0.908084631,14925,0.73394859,1
12135,432.812988,180.8758545,86.0537338,0.879574418,12304,0.64305019,2
10886,409.738007,166.0792542,84.1343384,0.862186193,11055,0.68037498,2
14057,483.480011,201.5748138,89.9064331,0.895022869,14388,0.56727201,1
16418,534.98999,230.1585846,91.787178,0.917038023,16736,0.64627618,1
10847,414.450989,165.5851746,85.0072937,0.85816437,11148,0.67972177,2
13200,472.464996,203.313736,83.5788727,0.911597788,13467,0.74529952,1
11418,432.894989,184.0161591,79.6311417,0.901518822,11608,0.6314218,2
10816,417.781006,170.9293213,81.6661148,0.87848109,11119,0.58910674,2
12406,441.877991,177.8626862,90.5672531,0.860649645,12864,0.62385601,2
12000,440.487,181.4352264,84.9941711,0.883487582,12196,0.6377551,2
14235,505.845001,214.156601,87.4798431,0.912764847,14687,0.6825701,1
10335,416.850006,178.7991943,74.7086105,0.908522785,10504,0.71153182,2
13803,492.020996,207.049942,87.1841049,0.907024622,14174,0.56914896,1
16094,504.126007,208.3711853,99.0302963,0.879845917,16325,0.64853322,1
11128,423.237,173.39534,82.4413452,0.879741073,11372,0.59914929,2
14254,500.493988,213.0753174,86.7843246,0.913297057,14644,0.6228534,1
13290,469.712006,197.2692566,86.3283386,0.899161577,13570,0.68269378,1
14204,489.445007,211.8838806,85.9450836,0.914040267,14487,0.68608415,1
15275,509.855011,217.5546875,90.183815,0.910033822,15582,0.66761363,1
14463,480.48999,201.9342194,91.9438934,0.890329897,14698,0.67511553,1
13870,484.127014,203.4182587,88.5032349,0.900391757,14266,0.75651795,1
13806,494.032013,212.3868866,83.9306717,0.918604493,14247,0.53362709,1
14747,494.941986,209.2059021,90.6475372,0.901252925,15124,0.55602896,1
11898,422.368012,166.2357178,91.8795319,0.83337611,12063,0.66276735,2
13270,459.865997,188.8933716,90.7498474,0.877033651,13507,0.59944886,2
13282,470.257996,199.71138,85.101181,0.904666245,13513,0.67162216,1
14892,503.338989,209.6208954,91.8029709,0.899000525,15338,0.65565974,1
13728,488.10199,208.9741211,84.6408539,0.914303243,14052,0.55793536,1
14652,485.546997,201.5536041,93.448616,0.886022866,14883,0.59315038,1
13834,480.273987,202.7702789,87.7243958,0.90157181,14151,0.72810525,1
12915,456.144989,181.7484436,92.0965652,0.862107456,13284,0.60599661,2
14805,499.636993,214.2824402,89.1740875,0.909295022,15090,0.57678825,1
16037,523.914001,223.0234375,92.5474396,0.909836292,16404,0.80104893,1
12421,464.639008,200.5952759,79.9234924,0.917198062,12699,0.55381668,2
11145,421.243012,170.0307007,84.5774918,0.8675071,11376,0.63613015,2
13057,445.177002,177.8078156,94.5070724,0.847050488,13348,0.64336044,2
12723,465.941986,197.7523193,83.9029999,0.905529559,12974,0.68315077,1
12377,465.046997,197.0814056,81.9223251,0.909512043,12669,0.62968051,1
13871,496.57901,212.5708008,83.7742386,0.919067383,14344,0.52781582,1
11102,423.593994,173.8625641,82.3593368,0.880684257,11332,0.59153879,2
11243,430.933014,179.9996643,81.0317535,0.89293921,11524,0.73894185,2
14975,508.078003,212.556427,91.274765,0.903107643,15482,0.63137704,1
11153,426.558991,178.8500061,80.4141006,0.8932212,11371,0.72838294,2
10818,416.768005,175.7087555,78.8326569,0.893704891,10987,0.63448679,2
10005,394.098999,161.2628937,79.9571457,0.868426085,10220,0.71875,2
13234,472.350006,198.5750122,86.2643662,0.900711834,13512,0.74264872,1
11173,420.933991,175.6545868,81.6638718,0.885357022,11396,0.80196667,2
12148,440.619995,184.9533081,84.6978531,0.888982177,12328,0.63429409,2
12837,445.638,178.198288,93.7312317,0.850488245,13197,0.7629264,2
13885,479.287994,198.0941772,90.5905151,0.889307141,14271,0.78713155,1
12573,444.960998,180.3715057,89.7423859,0.867439926,12827,0.6629231,2
15136,518.643982,221.7091064,88.207634,0.917449176,15469,0.52971232,1
11786,424.618988,171.8438568,88.344162,0.857732892,11946,0.62478793,2
15534,521.929993,221.5856628,90.5549469,0.912683189,16187,0.70834476,1
13333,467.024994,196.7969971,87.2731094,0.896290362,13589,0.69442707,2
11316,418.549011,170.6856995,85.6908798,0.864844978,11497,0.60838711,2
15594,515.661011,216.5342712,93.2799835,0.902454019,16029,0.66666669,1
10594,401.243988,167.1878052,81.0977097,0.874475598,10738,0.78777516,2
12501,451.799011,192.7388,83.1950607,0.902042747,12687,0.7188201,2
15418,504.759003,209.923996,94.4370499,0.893097579,15779,0.58269083,1
12524,444.01001,179.0595093,90.1665115,0.863962531,12746,0.64566684,2
13457,483.614014,211.0124969,81.8743973,0.921656311,13763,0.67311925,1
13121,456.772003,181.9980774,93.4614334,0.858071744,13490,0.6273188,2
12340,466.743012,196.6935425,80.8404159,0.91163677,12774,0.74449474,2
12863,448.507996,182.861908,90.7728119,0.868093371,13133,0.73620653,2
12261,443.281006,183.6369324,86.0952988,0.883286119,12507,0.71701753,2
13839,481.588013,201.3427887,88.888298,0.897272348,14165,0.71693522,1
13621,478.752991,200.0433197,88.056694,0.897905588,14068,0.6245873,1
15433,519.521973,218.3880157,91.6745529,0.907626688,15887,0.77944446,1
12225,444.148987,190.2206116,82.5062866,0.90103811,12408,0.79854989,2
13724,468.571991,191.8715973,92.4885101,0.876152873,14048,0.74071676,1
11480,419.106995,170.622406,86.6278686,0.861523986,11674,0.78544062,2
14625,492.951996,206.5892181,91.4307861,0.896732509,14972,0.73953277,1
14244,488.06601,199.8998871,92.3153992,0.886979818,14691,0.61632991,1
11166,419.433014,171.464386,84.3246612,0.870713174,11437,0.60435158,2
11632,442.444,187.0115204,80.8897629,0.901615262,11860,0.79453552,2
14609,490.247009,206.0622711,91.4997406,0.896007299,14837,0.71965516,1
13350,466.618988,196.5089722,87.1615524,0.896249652,13562,0.79920977,1
11462,424.557007,175.4199982,84.1405182,0.87745893,11650,0.79824501,2
16602,528.353027,224.4154205,95.4727631,0.904991925,16900,0.5654825,1
10824,416.415008,170.8782196,81.732399,0.878192246,11046,0.59050739,2
9741,430.559998,180.0662842,71.1744919,0.91856575,10204,0.76459968,2
11191,426.138,177.4965973,81.3075485,0.888911247,11456,0.64316094,2
12051,423.22699,168.0132751,92.1984177,0.835982084,12216,0.76601833,2
11212,413.56601,169.6781006,84.6347504,0.866719425,11400,0.80888826,2
11792,427.782989,180.8717499,83.2707825,0.887718976,11923,0.71832359,2
9733,396.653992,163.6645508,76.4294128,0.884263575,9903,0.81189525,2
11104,420.970001,164.9390259,87.2920303,0.84847331,11429,0.63270652,2
12898,454.766998,184.3739777,90.9540329,0.869852006,13223,0.75781435,2
12716,444.108002,186.8963928,87.2781448,0.88426429,12872,0.74738449,1
14246,488.915985,210.7537231,86.8851776,0.911066532,14453,0.74805713,1
15609,492.662994,202.2301636,99.0120468,0.871946752,15884,0.68102092,1
11817,426.60199,179.5654297,84.2407913,0.883125424,11977,0.65737653,2
11908,447.634003,187.8211365,81.9485092,0.899795711,12287,0.58031189,2
14954,501.856995,212.0377655,90.7955246,0.903681874,15225,0.81462115,1
11470,426.625,175.5956573,83.9021835,0.878460646,11719,0.7322523,2
10903,419.653992,169.5170898,83.2200165,0.87120235,11232,0.69783664,2
12590,461.136993,195.5348816,82.9622421,0.90552938,12915,0.67600948,1
11024,414.859009,165.8321381,85.640831,0.856328905,11342,0.63502306,2
11986,433.294006,173.2250519,89.3989258,0.856537104,12243,0.62242299,2
14232,505.88501,214.1028748,86.4141083,0.914931059,14702,0.52602011,1
14295,484.22699,202.7705688,91.3971176,0.892654479,14528,0.55182397,1
12483,440.615997,176.6435089,91.6773071,0.854776561,12747,0.62058163,2
16513,525.984009,219.2754364,97.9516907,0.894680738,16950,0.61014634,1
12968,469.341003,199.9050293,83.0352249,0.909651041,13243,0.64125007,1
12459,434.287994,175.2012482,91.2686996,0.853595555,12651,0.63683295,2
13586,467.023987,191.151123,91.8437653,0.877007186,13888,0.79870665,2
15192,494.889008,208.7244873,93.3806763,0.894340336,15410,0.6264742,1
14500,504.067993,218.9050293,85.1411667,0.921262622,14864,0.61989653,1
13140,467.016998,192.6157532,89.4725571,0.885566235,13570,0.63891858,2
14686,490.406006,203.0337982,93.8280411,0.88681215,15065,0.61468273,1
13576,477.825012,190.0263519,91.8210983,0.875508964,14137,0.68327546,2
11783,453.105011,192.6842957,79.1737061,0.911681056,12102,0.67044097,1
12416,447.963013,187.2995453,85.3917465,0.890025854,12660,0.62058282,2
11665,430.440002,172.6012878,87.7052231,0.861275852,11972,0.6102218,2
12784,448.346985,186.1167297,88.2288513,0.880497277,12937,0.60473037,2
11861,438.644989,177.9155121,86.4660644,0.873961508,12150,0.58939576,2
13582,476.665985,199.451889,88.408699,0.896393955,13825,0.56899875,1
12720,449.623993,178.6147766,92.7516861,0.854602098,13095,0.74385965,1
14800,502.618988,213.9949188,88.8556747,0.909719527,15123,0.79123229,1
12249,438.902008,181.7255554,86.364891,0.879851341,12428,0.62751025,2
11797,451.959992,195.5936584,77.401207,0.918369234,11988,0.57015127,1
10928,410.940002,171.7461395,81.3859406,0.880592942,11132,0.61118567,2
12894,480.084992,192.8217468,85.9298401,0.895210326,13141,0.62262785,2
11485,424.488007,175.3153687,84.4810333,0.876236975,11688,0.60626054,2
10943,411.385986,171.0179291,82.0599594,0.877360106,11155,0.62477875,2
14451,487.220001,201.294693,92.7395248,0.887548029,14776,0.64727223,1
12354,453.089996,192.0067444,82.873703,0.902056158,12602,0.65761739,2
12471,445.373993,184.9920654,86.8597565,0.882915258,12688,0.6717841,1
12279,462.006012,197.8462524,80.5420608,0.913386166,12619,0.63694364,1
13023,480.447998,205.312088,82.0338516,0.91670841,13444,0.63243008,1
9447,407.09201,173.822403,70.0859375,0.915109992,9698,0.58250094,2
10427,405.578003,170.5610657,78.1470795,0.888861179,10588,0.67606819,2
12784,468.713989,197.1924286,84.3041611,0.904004812,13140,0.58246767,2
12764,449.549011,185.9380951,88.2393646,0.880221486,12950,0.72432184,2
15569,504.753998,214.5067749,93.1971588,0.90068543,15815,0.77303874,1
13626,469.342987,191.3802338,92.1739197,0.876376212,13931,0.60721928,2
15113,493.738007,206.5661316,94.1913681,0.889986694,15374,0.65903538,1
14485,495.466003,212.0016632,88.237648,0.909267545,14745,0.64509666,1
15586,505.877014,218.5732117,91.243721,0.908699214,15814,0.82378435,1
11901,436.140991,174.5728912,88.4468842,0.862153411,12172,0.5830965,2
12692,448.061005,182.1931763,90.4336624,0.868115962,12999,0.73508632,2
11605,425.697998,173.5166779,86.135109,0.868089199,11781,0.79841763,2
13970,494.653992,211.742691,85.0702515,0.915743947,14280,0.69627196,1
11699,434.891998,178.2296906,85.4521484,0.877569437,12005,0.58892524,2
10591,410.734009,169.7548065,80.3986969,0.880731106,10751,0.60333824,2
11150,416.898987,168.0202484,85.6021652,0.860485256,11420,0.72572249,2
10866,404.358002,163.9323578,85.3253632,0.853866994,11039,0.62867391,2
13636,482.053009,202.4046783,86.8837967,0.90318197,13982,0.58400786,1
11012,428.237,176.3789673,80.6974716,0.889197648,11325,0.75871575,2
11590,435.846008,176.9395294,84.8096008,0.877643466,11880,0.72365135,2
12989,450.238007,182.6436005,91.9909286,0.863899887,13259,0.63802928,2
12188,434.213013,171.7588959,91.4389038,0.846513152,12529,0.62196368,2
12579,445.888,185.280304,86.8820801,0.883239388,12794,0.65297967,2
13445,490.815002,216.1729736,79.6000977,0.929737091,13640,0.53544402,1
14287,486.402008,200.1425781,91.994194,0.888103604,14654,0.71132684,1
12150,435.903992,175.4832153,89.5668411,0.859936416,12460,0.71052629,2
15856,509.019989,210.1643829,97.7602158,0.88522625,16160,0.76267439,1
10725,411.69101,164.6003418,84.2929688,0.858921707,11009,0.66614908,2
12106,448.5,186.505127,83.6987152,0.893645108,12389,0.65138555,2
11679,417.825012,170.5679932,87.6366348,0.857914209,11853,0.79432768,2
12067,440.001007,187.7613525,82.3112106,0.898788691,12200,0.61723787,2
15028,498.82901,205.5384521,94.5841675,0.88782692,15382,0.5777778,1
15248,509.002991,217.9924774,90.1074676,0.910571635,15557,0.73533952,1
9120,383.572998,158.4627075,74.1576767,0.883738041,9293,0.61763513,2
17253,536.69397,223.6270599,98.9452515,0.896789968,17678,0.6729989,1
13340,474.682007,201.3853302,85.888588,0.904492855,13603,0.70166212,2
14329,486.277008,206.5722961,89.2124023,0.901935816,14588,0.81276232,1
9772,392.237,164.4033508,76.1834335,0.886152685,9971,0.78338945,2
10736,416.799988,176.1352539,78.6436234,0.894785821,10930,0.79809696,2
12956,458.656006,187.2114563,89.1586914,0.879312158,13310,0.71077466,2
10919,428.348999,179.6831055,77.9203415,0.901079357,11143,0.59582013,2
12042,440.700012,177.1113586,88.22966,0.867085576,12424,0.75168538,2
12072,452.261993,192.7219086,80.2883682,0.90908891,12342,0.69415218,1
12402,437.657989,175.2316589,91.1455154,0.854079247,12595,0.76593381,2
9414,407.825012,179.5458832,66.9181595,0.927948713,9583,0.81043386,2
10496,407.322998,167.9293671,80.1890717,0.878622711,10666,0.70329672,2
11247,419.19101,173.8454895,82.9593124,0.878793955,11439,0.69271988,2
12385,444.678009,177.6416321,90.3331909,0.861053944,12724,0.73654473,2
10657,412.838989,171.1241608,80.3978424,0.882761359,10879,0.72481805,2
13355,466.31601,193.7286835,88.6973038,0.889033139,13597,0.60542184,2
10965,416.627014,171.8099518,82.7122879,0.876491487,11167,0.66054219,2
13533,469.532013,192.3960419,91.2304153,0.880427718,13954,0.62160671,1
11300,415.472992,166.0729675,87.7400818,0.849043846,11579,0.61263216,2
10951,415.139008,173.7579346,81.3004913,0.883783996,11116,0.65227234,2
15557,514.536987,214.075119,93.8538971,0.898772299,15942,0.69556469,1
12819,472.690002,202.3440247,81.2073059,0.915932298,13137,0.65396386,1
13540,458.529999,189.1114044,92.3939056,0.872525454,13710,0.79995274,1
12309,434.375,179.0016785,88.097229,0.870505512,12462,0.68069458,2
15072,487.584992,202.4947357,95.3552704,0.88218528,15267,0.79055864,1
10875,418.981995,166.6903992,85.3295822,0.859042287,11334,0.76219511,2
11808,431.457001,176.3045807,85.5589523,0.874352932,12006,0.61834937,2
13615,468.056,192.8277893,91.1547546,0.881209314,13855,0.58363342,1
14634,501.122009,214.106781,87.7682877,0.912118077,14954,0.69325882,1
11226,413.549988,168.5334778,85.6277008,0.861312628,11424,0.77239579,2
12203,442.60199,184.2364349,85.5720215,0.885589659,12418,0.79904401,2
11386,431.785004,176.87677,83.3233261,0.882089853,11713,0.68098086,2
13818,467.895996,189.2847595,94.4799271,0.866520345,14142,0.61745387,2
14023,491.669006,211.1591949,85.5013657,0.914354682,14262,0.53913879,1
11332,427.324005,175.5405579,83.6084518,0.879287481,11563,0.59541822,2
11715,429.165985,171.0996399,89.1072922,0.85368371,12066,0.64953428,2
11803,463.808991,201.6506958,76.4243088,0.925399303,12138,0.54948789,1
14115,483.779999,206.8418732,88.0686493,0.904827833,14312,0.74765611,1
9975,393.188995,161.0566406,79.77388,0.868713081,10162,0.77451664,2
12558,452.692993,189.4781647,85.0882492,0.89349848,12799,0.62403101,2
12035,431.95401,176.0225525,88.0027466,0.866053402,12226,0.61784488,2
14359,506.088989,223.260849,82.4814072,0.929254711,14698,0.53787082,1
9517,389.001007,163.5093231,74.7600479,0.88935262,9649,0.58101344,2
13320,467.638,200.3820801,85.1255722,0.905279577,13504,0.64657056,2
12610,454.687012,185.6487732,87.9271317,0.880728841,12934,0.59788537,2
15055,508.276001,218.9765167,88.4911499,0.91470927,15361,0.68622088,1
12518,460.721985,195.6509247,82.363739,0.9070732,12813,0.68988705,1
11264,429.542999,177.6937256,81.9813004,0.887211502,11513,0.79548025,2
11074,421.307007,173.0513153,82.4032745,0.879348755,11326,0.7045874,2
11530,458.712006,197.8755035,75.382019,0.924592853,11918,0.70031583,1
11769,426.309998,176.1145935,85.9021378,0.872976243,11928,0.79119331,2
11578,431.506012,181.2345123,82.6664276,0.88991338,11747,0.619012,2
11718,449.343994,189.1406708,80.1198196,0.905849755,12133,0.6305424,1
13975,482.588989,203.4164124,88.6671524,0.900000036,14275,0.67265111,1
11962,449.441986,192.088913,80.9647293,0.906830192,12171,0.53890163,1
11445,426.181,172.9773712,86.00354,0.867638648,11734,0.61137819,2
10611,414.402008,171.1427307,79.8678589,0.884429395,10874,0.71392047,2
9929,395.872009,164.9081421,77.1704864,0.883749425,10070,0.61335558,2
13495,466.959015,196.3955383,88.2130585,0.893451214,13725,0.68957591,1
9405,389.774994,162.3682251,74.4376297,0.888720453,9594,0.60763663,2
10469,423.785004,177.0367737,76.7381744,0.901173294,10859,0.570207,2
13443,459.730988,188.0123596,92.6948242,0.870015025,13707,0.7420103,2
15070,504.050995,210.0259857,92.3732224,0.898086905,15400,0.6487301,1
11540,427.52301,172.7949982,86.4403534,0.865882218,11765,0.60711276,2
14300,504.377014,212.5983734,87.490303,0.911396861,14772,0.54043841,1
11357,427.040985,178.5951538,81.3930359,0.890112698,11546,0.59673184,2
13099,453.365997,180.9826355,93.6039658,0.855865419,13377,0.62731671,2
17948,526.91803,214.0938263,107.54245,0.864684939,18322,0.66636962,1
12068,457.739014,196.4420624,79.5439377,0.914350748,12347,0.59950322,1
13021,455.97699,185.1043701,91.0628204,0.870621204,13380,0.70065647,2
14404,486.484009,206.7757568,89.474266,0.901532412,14658,0.79457194,1
10497,405.346008,165.3481598,81.9766617,0.868446946,10735,0.66859871,2
11723,427.625,175.9842224,85.7083359,0.873389244,11916,0.80206621,2
14439,490.470001,204.828064,91.0484619,0.895773053,14815,0.79139489,1
13410,464.776001,186.4289856,93.2944565,0.865777612,13894,0.71669072,2
15390,511.509003,214.466095,92.457222,0.902302206,15788,0.77328914,1
15166,502.165008,214.1398621,91.385109,0.904367626,15475,0.79486376,1
11670,434.085998,172.9773407,87.9535828,0.861080408,12102,0.66647631,2
12152,454.212006,198.8995972,78.3230057,0.919203997,12338,0.78546959,2
15595,501.493988,207.8909454,96.8851624,0.884764493,16030,0.76841587,1
13479,477.015991,200.0530548,86.6502914,0.901328325,13786,0.65789729,1
11752,428.661011,172.2597656,89.0637512,0.85596627,12082,0.64999998,2
12190,441.785004,178.5523834,87.9326248,0.870326459,12478,0.65020269,2
14189,491.972992,209.9364319,86.8090973,0.910503268,14496,0.55098635,1
10993,428.70401,179.5782318,78.6410065,0.899013638,11169,0.56876034,2
14488,489.817993,204.6651917,91.2249451,0.895168602,14826,0.6382941,1
13176,458.342987,193.3373871,87.4483948,0.891860902,13368,0.64066905,1
11910,434.738007,178.3672791,86.3225174,0.87509048,12118,0.79162514,2
10898,414.811005,170.2353363,82.5531387,0.874549985,11094,0.60273212,2
11147,417.462006,169.3327179,84.8773956,0.865304708,11331,0.71546853,2
11030,417.488007,172.4484406,82.7307434,0.877409637,11275,0.65142924,2
13338,462.533997,194.2583313,88.3823471,0.890505075,13639,0.74310547,1
11730,429.821991,176.9729156,85.2174454,0.876430571,11900,0.59512937,2
13500,476.915008,202.5466766,85.4054718,0.906754851,13800,0.71770334,1
16453,523.874023,222.3121948,96.1785202,0.901572466,16803,0.75472474,1
15080,512.945984,211.9261169,92.1407928,0.900537729,15533,0.56676817,1
16094,509.979004,215.5475922,95.6166611,0.896225452,16403,0.758793,1
10681,421.256012,178.3694458,77.9608078,0.899425089,10929,0.55717266,2
13117,451.868012,173.7209015,98.306221,0.824483514,13453,0.65562051,2
10870,414.278015,164.7044067,85.4057846,0.855053484,11183,0.66159463,2
12199,454.403992,191.9095764,82.1407623,0.903770208,12555,0.75052297,1
9936,398.276001,161.4819336,80.2746124,0.867686331,10216,0.67194158,2
10713,443.403992,192.8861847,71.7868958,0.928163648,10969,0.69610137,2
11071,419.593994,170.4642029,83.9724808,0.870249808,11303,0.77069265,2
11658,443.260986,179.8141937,83.8764038,0.884541512,12024,0.59310132,2
11635,449.308991,197.5706482,75.2581406,0.924609005,11842,0.52188927,2
12613,450.205994,184.8757324,88.06604,0.879254341,12832,0.60729933,2
13014,459.557007,193.6595154,86.1981888,0.895479977,13253,0.67507005,1
10961,419.388,169.5791473,84.2411804,0.867884457,11323,0.75854671,2
10815,414.062012,171.3505096,80.8823242,0.881583273,11015,0.72764581,2
14403,510.558991,223.4120789,83.2021103,0.928066134,14781,0.59877777,1
11568,429.072998,178.3329773,83.6375275,0.883200049,11790,0.7512176,2
11543,428.60199,175.3706818,85.0582428,0.874503195,11859,0.67106563,2
12466,448.856995,181.1933746,88.6875,0.87202394,12779,0.60408992,2
11525,432.299011,177.1161041,83.6591644,0.881416023,11794,0.64497173,2
10272,413.691986,175.919632,74.9643555,0.904662669,10462,0.59478867,2
11939,437.733002,178.89888,86.442421,0.875514686,12204,0.63899594,2
10774,401.742004,164.3202362,83.7188721,0.860478938,10944,0.66179359,2
14751,499.020996,214.0371399,88.6286468,0.910240173,14955,0.55267888,1
10740,422.768005,182.96492,75.0380173,0.912030458,10886,0.55636138,2
13787,474.338013,194.6946259,91.0773315,0.883836567,14075,0.61617875,1
14057,463.141998,189.7926025,95.0888519,0.865438879,14259,0.62611908,1
12031,444.462006,184.7829895,84.4842758,0.889359772,12253,0.58845681,2
14166,483.704987,204.6273193,88.992363,0.900478899,14412,0.76606101,1
10189,454.31601,180.7376556,73.3264313,0.914003432,11000,0.51979393,2
12495,451.316986,182.6416168,88.6812134,0.874210179,12902,0.59061259,2
11502,429.742004,178.2637482,83.2937927,0.884125054,11715,0.77360773,2
10841,419.100006,166.8651733,84.303154,0.862992227,11258,0.69475776,2
10785,423.795013,175.2690125,79.0775909,0.892433763,11069,0.70842093,2
15389,521.304016,226.9609985,87.3869324,0.922903836,15753,0.57464528,1
12391,437.618988,175.3672333,90.8194275,0.855452418,12600,0.63478482,2
12770,458.302002,196.632782,83.195282,0.906083107,12949,0.60287034,1
14363,499.17099,210.2455444,88.1117783,0.907944739,14669,0.60685313,1
14528,475.447998,192.1985626,97.4174271,0.862029433,14795,0.62949002,1
12982,466.157013,200.5194702,82.796196,0.910772502,13188,0.62227976,1
10760,420.949005,173.4446564,80.466774,0.885870039,11046,0.58711189,2
14223,480.953003,201.3895569,90.3858872,0.893626571,14441,0.64194799,1
10213,430.044006,187.3143921,69.9413605,0.927674353,10392,0.56344479,2
10015,402.178986,160.3868256,81.0769119,0.862821579,10338,0.69461787,2
13277,463.967987,193.0608978,88.1757126,0.889608026,13454,0.61015624,1
11291,432.645996,177.0127258,82.5671921,0.884548724,11586,0.65265894,2
11597,433.682007,180.8438873,82.6779785,0.889374852,11803,0.60552424,2
11682,423.373993,168.3994904,89.3741913,0.847542703,11963,0.71580881,2
11119,415.023987,171.2815094,83.1796188,0.874163866,11346,0.6323362,2
11465,419.595001,167.9875183,88.0777969,0.851526499,11685,0.75378042,2
11149,411.30899,164.672287,87.5029907,0.847135723,11393,0.75921005,2
13811,482.298004,206.7147522,85.736618,0.909931719,14000,0.55593127,1
13410,483.152008,205.8757629,84.6506042,0.911557198,13866,0.73142797,1
13410,477.084992,195.7989349,88.7767487,0.891303241,13842,0.57234317,1
13629,470.678009,202.2444763,86.4001312,0.904154122,13785,0.56676507,2
9945,396.708008,166.4235229,76.6647186,0.887576461,10085,0.60199755,2
10849,410.493988,167.9847107,82.6547318,0.870574176,11025,0.60915214,2
14758,500.01001,206.285141,92.7248688,0.893281102,15166,0.58239937,1
10673,404.138,162.79039,84.1961594,0.855860949,10869,0.73892272,2
11107,408.458008,162.1762848,87.8732376,0.840483069,11330,0.66113096,2
12037,436.201996,177.2335205,87.2996063,0.870273829,12285,0.67193258,2
12978,465.850006,199.1293945,83.9119186,0.906877697,13210,0.73513085,1
9884,389.294006,164.0706329,76.8702316,0.883453369,10021,0.73596424,2
10647,411.132996,170.0608368,80.8193512,0.879857361,10829,0.80659092,2
14132,482.368988,205.2006683,88.2963638,0.902689397,14341,0.58609819,1
10036,402.859009,166.1565857,77.9106903,0.883251667,10255,0.59157085,2
12590,447.532013,180.0244598,89.9745941,0.866146088,12875,0.66911137,2
11080,424.769012,175.1816864,81.3355026,0.885682046,11337,0.58291244,2
12161,430.587006,171.6247559,92.0913849,0.843845844,12460,0.68869632,2
12994,457.190002,187.3347931,89.4096298,0.878755689,13335,0.76358932,2
13683,481.571014,206.9267731,84.8990631,0.911957145,13922,0.76219922,1
12361,443.819,178.1721191,89.3209534,0.865262926,12581,0.78036618,2
14674,497.102997,208.4364624,91.0869904,0.899460912,15049,0.68228948,1
12881,457.783997,192.6271667,86.6013489,0.893239975,13109,0.57203126,2
15547,501.804993,208.499176,95.8078613,0.888171613,15867,0.59828371,1
13043,442.497986,173.8036346,96.6975098,0.830940902,13278,0.64764881,2
12605,445.692993,183.2692566,88.236824,0.876468062,12787,0.61758941,2
11327,422.684998,175.8530579,82.8197098,0.882154703,11475,0.59631485,2
15593,512.427978,216.6157074,92.9100189,0.903344214,16050,0.77747309,1
11353,418.505005,166.9860077,87.7520904,0.850790083,11587,0.64141244,2
14407,494.98999,208.7490387,88.6628571,0.905318081,14716,0.5737555,1
12311,441.406006,174.5828247,90.7413254,0.854311764,12538,0.61926562,2
11185,414.181,170.0182495,84.110611,0.869055152,11370,0.62208009,2
14897,491.184998,205.7198486,92.8756943,0.89228791,15137,0.59445334,1
10101,405.511993,168.0174713,77.9059524,0.886003971,10384,0.61878216,2
11603,427.524994,175.9404144,84.6866531,0.876535535,11807,0.8034206,2
15404,499.230988,206.0869293,95.6330414,0.885813057,15740,0.62475663,1
11435,424.243012,175.184967,84.4419479,0.876162469,11660,0.80144382,2
11186,416.674988,166.8765564,86.7095108,0.854408026,11537,0.76172966,2
10669,404.800995,162.4951935,84.9776764,0.852360308,10908,0.67525315,2
13677,485.528992,207.3946075,85.1431427,0.911843956,13874,0.5856635,1
14434,486.667999,201.2719574,92.7337723,0.88753581,14754,0.62598664,1
14525,487.216003,206.450119,90.8438568,0.897983968,14798,0.59334153,1
12709,446.204987,180.1974182,90.7362595,0.863973081,12958,0.62624419,2
10984,421.959992,170.8734894,83.7595291,0.871618748,11201,0.69554204,2
11068,423.972992,172.0155792,82.9853668,0.875934839,11323,0.6053049,2
12745,470.303986,205.0926819,79.5090408,0.921796679,12940,0.53317434,1
10215,401.484009,164.2425995,80.2156143,0.872621477,10435,0.68222803,2
11239,419.862,170.4618988,85.5631485,0.864897311,11609,0.62252134,2
12036,436.154999,177.3365784,87.9798584,0.868255138,12353,0.61543179,2
11881,424.268005,171.0551758,89.5373383,0.852061749,12060,0.77254701,2
15583,510.69101,217.3515472,92.1208954,0.905740082,15826,0.68695998,1
16862,519.471008,219.6599579,98.391571,0.894070268,17104,0.61227304,1
11601,435.557007,187.0918579,79.5267868,0.905161321,11757,0.72011173,2
13207,469.700012,196.4875031,87.3390122,0.89577806,13546,0.5745421,1
13930,484.862,205.2724609,87.2354889,0.905205488,14330,0.79942614,1
11144,427.121002,182.2164154,78.3183365,0.90291959,11332,0.68435276,2
14623,499.312988,208.2283783,91.4731445,0.8983441,15085,0.58356613,1
13205,475.600006,197.5489655,86.3448792,0.899422169,13607,0.69110799,1
11714,412.201996,161.3081818,93.2256165,0.816082895,11886,0.76432204,2
12387,449.135986,185.4027557,86.0503845,0.885768771,12662,0.71642566,2
11599,431.056,171.9973907,86.9884491,0.862677455,11913,0.77965987,2
12604,452.725006,182.7168121,89.784996,0.870940328,12945,0.73707604,2
15460,507.076996,213.5723267,93.5560989,0.898948908,15819,0.58220983,1
12502,431.312988,172.8981323,92.5653305,0.844614506,12679,0.80814481,2
11393,415.799988,164.9104309,88.9042435,0.842237771,11638,0.69554335,2
15321,513.007019,218.7119598,90.2606659,0.910870671,15646,0.71187621,1
15500,502.321014,213.3670044,93.5545731,0.898746848,15724,0.81497449,1
15009,502.488007,211.0903625,91.7615433,0.900574028,15370,0.61575383,1
14805,484.631988,202.9802399,93.6964722,0.887086153,15090,0.78420466,1
10968,406.794006,161.5101318,87.8969269,0.838943005,11184,0.69373816,2
11898,453.980011,195.3600464,78.3691025,0.916011453,12134,0.54804236,1
12124,446.440002,188.9753418,82.7167969,0.899115205,12336,0.74035174,2
11512,427.567993,172.2100983,85.4430618,0.868233442,11802,0.6907891,2
15475,511.796997,220.4769287,90.2072296,0.91246897,15734,0.82731891,1
13493,480.528992,205.5730591,84.683754,0.911211014,13843,0.79689348,1
13289,467.315002,194.8841858,87.8141174,0.892727792,13628,0.69539505,1
12695,464.967987,197.8196564,82.4371414,0.909030855,12981,0.60194403,2
10878,410.721985,168.7978058,82.6865692,0.871803522,11079,0.68944097,2
12556,474.023987,207.954422,77.7100677,0.927554488,12832,0.56482232,1
11125,420.209015,173.171936,82.778183,0.878353536,11408,0.64213562,2
12423,436.493012,180.1210175,88.6171112,0.870602846,12567,0.66224212,2
9749,398.682007,162.8812256,77.1967239,0.880554497,9941,0.59912735,2
10390,420.794006,174.045639,77.6433029,0.894978702,10689,0.72881591,2
10443,404.984985,165.2056122,81.7027817,0.869147956,10701,0.61895448,2
14621,501.825012,210.9164886,89.6299286,0.905214667,15175,0.68908477,1
12341,451.115997,183.6455994,86.696434,0.881552756,12676,0.60211748,2
12393,438.890991,184.7748413,86.0099869,0.885055602,12582,0.70647591,2
11116,409.544006,166.3851318,86.1264725,0.855602622,11313,0.62187415,2
12074,436.462006,178.2076111,87.64711,0.870693564,12300,0.60177434,2
14569,500.368988,216.6696625,86.4575424,0.916938186,14801,0.80669987,1
14862,507.48999,216.3203125,88.6025009,0.91227001,15125,0.77527386,1
11720,425.450012,171.5880127,88.3603821,0.857216239,11912,0.77920353,2
13675,478.606995,194.8029175,90.3221664,0.886013627,14146,0.58142006,1
15857,515.322022,219.9654846,93.1542664,0.905898452,16109,0.69916224,1
16500,523.346008,219.7241364,97.1417313,0.896961987,16880,0.63063753,1
11859,444.800995,183.5527649,83.5742035,0.890330791,12213,0.76312739,1
13125,475.355011,198.5984497,85.407959,0.902803421,13575,0.58317781,1
14557,492.412994,205.1066437,91.4497299,0.895100594,14961,0.73564786,1
11454,424.95401,175.0766602,84.2449264,0.876617014,11646,0.73310292,2
14646,511.451996,220.4825745,85.6317062,0.921498001,14999,0.6366719,1
14753,495.26001,203.7247009,93.1832199,0.889262199,15153,0.63464683,2
11842,441.910004,187.6987762,80.8131104,0.902568221,12044,0.63241655,2
11428,418.61499,168.1789856,87.2983475,0.854725659,11589,0.62829184,2
12630,444.058991,180.0848846,90.3501129,0.865036786,12855,0.67761147,2
14161,488.687012,206.5074615,87.9676666,0.904733479,14428,0.59395182,1
12885,463.437988,192.967865,86.6574249,0.893493056,13263,0.5890286,2
12202,442.362,180.0377808,87.3991776,0.874264956,12521,0.77918261,1
16254,532.778015,223.5486298,94.1194992,0.907049179,16680,0.55368578,1
10727,408.041992,163.1713562,84.7830429,0.854412615,11017,0.69206452,2
12678,452.925995,190.8385925,85.6509018,0.893625557,12930,0.63952786,2
16865,517.747009,210.4794464,103.8049393,0.869925439,17234,0.65020436,1
12027,445.201996,178.7362518,87.6973343,0.871355474,12455,0.61187422,2
14608,498.35199,210.6913757,89.917366,0.904358864,14951,0.65980124,1
12419,439.157013,175.8540649,90.91185,0.856001556,12675,0.62381959,2
14304,489.036987,211.0266113,86.8394241,0.911405563,14483,0.57772928,1
10767,425.036011,182.0640717,76.1056671,0.908439755,11004,0.74260294,2
10346,402.580994,167.2784576,79.8242188,0.878798187,10479,0.58971727,2
11765,429.334992,174.3313599,86.8926697,0.866927683,11963,0.6146813,2
10620,404.932007,164.5205536,83.2956924,0.862361193,10863,0.76183647,2
11961,429.367004,175.4431305,87.6479263,0.866267622,12149,0.61103451,2
14482,486.162994,201.8145294,92.549881,0.88864857,14825,0.64255923,1
14828,494.256012,209.6626892,90.7980042,0.901361704,15038,0.57092255,1
12397,446.319,184.8002625,86.4162369,0.883929789,12594,0.59784913,2
12800,447.024994,181.7690887,90.7663422,0.86640054,12958,0.61022121,2
10628,418.303986,171.8248138,80.3275986,0.883994639,10828,0.71506423,2
11794,434.618988,176.4444427,86.1028442,0.87285012,12110,0.59837645,2
12570,450.859009,178.9602509,91.1151581,0.860685885,12886,0.6104905,2
10667,415.237,170.3361511,81.3689423,0.878525078,11041,0.68774986,2
14173,480.683014,201.9357605,90.2449799,0.894584179,14519,0.59756303,1
14802,497.832001,209.6179504,91.1471329,0.90051496,15208,0.62297982,1
13118,480.085998,207.1090393,81.7057114,0.918893456,13652,0.56876516,1
10534,409.625,167.988205,80.6737747,0.877139986,10753,0.6096065,2
10344,406.188995,169.3666534,78.9636841,0.884663939,10533,0.71743655,2
15209,496.565002,214.0500793,91.0263214,0.90507257,15395,0.56936956,1
14019,482.45401,197.1981964,92.6700439,0.882701814,14411,0.57615483,1
14989,484.309998,195.342041,98.7004776,0.862961292,15393,0.76105612,1
8968,390.490997,166.476944,69.3682098,0.909051597,9150,0.78971469,2
11993,444.565002,187.1829071,82.6405716,0.89726305,12276,0.58737391,1
9346,383.743988,158.0488739,75.9828873,0.876854599,9539,0.67901772,2
10667,411.747009,163.9302521,84.7198105,0.856103718,10987,0.66610467,2
13724,481.770996,200.8926697,88.1683197,0.898544371,14038,0.67954052,1
10271,415.539002,177.8222351,74.3962784,0.908274651,10422,0.56608248,2
13541,478.460998,206.6994934,84.0985565,0.913488805,13768,0.8134687,1
11993,438.074005,175.5400848,88.083931,0.864990532,12359,0.60773283,2
11090,416.014008,174.9094391,81.3654633,0.885212839,11277,0.74170679,2
11322,435.200989,180.4284973,82.2097931,0.890165985,11650,0.65940595,2
13853,479.722992,193.401886,92.8598099,0.877192378,14338,0.58637035,1
13672,467.954987,183.5563202,97.4687271,0.847370684,14027,0.61585587,2
10260,417.0,172.9935608,76.907692,0.895744264,10527,0.58823532,2
11667,447.524994,186.6712494,80.8428726,0.901357353,12039,0.66729581,1
11274,425.054993,173.3803253,83.8337936,0.875330329,11526,0.65277052,2
14546,494.167999,212.3137207,87.8722382,0.910331786,14826,0.62574208,1
13295,465.333008,187.3797607,91.9088287,0.871443987,13633,0.61244702,2
12075,434.660004,179.1971436,86.4906921,0.875809669,12229,0.60308659,2
11730,424.164002,172.7373657,87.7198029,0.861462116,11913,0.62280983,2
12657,455.182007,189.7709351,85.688736,0.892252028,12926,0.76755607,2
14960,510.729004,218.369873,88.0595245,0.915086091,15235,0.57827598,1
15218,508.135986,214.2770691,91.7102737,0.903779447,15685,0.6680128,1
12577,443.145996,181.5305481,89.8194351,0.869012773,12826,0.60556597,2
11481,419.066986,170.3295593,86.6847076,0.86081177,11674,0.74166668,2
11494,433.058014,171.5824585,86.8786926,0.862335205,11858,0.75938159,2
10918,422.489014,176.8049011,79.6038208,0.892909884,11118,0.79885858,2
15381,503.57901,211.8835297,93.3097458,0.8978104,15749,0.74032539,1
11455,405.618988,159.5702667,92.3299637,0.815599859,11639,0.77618921,2
11270,422.609009,173.2342072,83.3999176,0.876485288,11449,0.61390132,2
8546,388.580994,172.5199585,63.3447533,0.930152476,8685,0.73545611,2
10044,410.19101,168.5531006,77.0796585,0.889311492,10317,0.75746608,2
12352,453.13501,191.1118927,83.3507385,0.899880886,12683,0.57846671,1
11184,416.924988,171.3773956,83.9644928,0.871756673,11349,0.6494019,2
11605,429.225006,175.0144958,85.5043945,0.872532487,11933,0.60976249,2
13662,476.352997,204.1856537,85.6148224,0.907848239,13894,0.67416728,1
11017,416.932007,168.3686829,84.2000656,0.865971446,11303,0.73682451,2
11377,452.407989,201.3062592,72.2814178,0.933313727,11555,0.52554506,1
12714,434.118012,169.2552185,96.891304,0.819934905,12993,0.74194676,2
10880,394.644989,153.7948151,90.9881821,0.806216478,11057,0.74776632,2
12544,442.171997,178.0227051,90.7576294,0.860287428,12835,0.77075267,2
15700,505.303009,209.9884186,96.1948852,0.888902664,16040,0.59007031,1
12619,470.614014,202.7645111,80.1795425,0.918495297,12937,0.60793948,1
12754,450.723999,186.2673492,88.7173004,0.879288197,13063,0.80163419,2
11240,426.644012,175.5941162,82.9565888,0.881366193,11427,0.60651845,2
12396,460.002014,195.3233032,81.9296112,0.907775462,12676,0.73305738,1
13005,467.799988,199.9649963,83.3613052,0.908961773,13251,0.55293369,2
12155,434.274994,174.7768097,89.501503,0.858931601,12388,0.80294621,2
16085,520.705994,217.4963074,95.405571,0.89865613,16514,0.7027086,1
11776,430.333008,173.5693054,87.4663315,0.863745987,12011,0.61667365,2
16490,520.31897,212.0107574,101.6800079,0.877488136,16873,0.62936526,1
12433,442.481995,173.859314,93.1070633,0.844515562,12769,0.62983787,2
11928,439.919006,181.0348358,85.2249146,0.882258475,12218,0.59061199,2
10297,397.125,160.8275909,82.3585129,0.858930647,10488,0.78471267,2
12792,443.72699,179.1302643,92.1903915,0.85739702,13044,0.79418886,2
10727,425.902008,178.7144318,77.5314407,0.900995374,10960,0.56434131,1
12414,453.382996,188.5623016,85.3258362,0.891760647,12721,0.58817398,1
14289,488.484985,208.5738831,88.3096237,0.905944109,14572,0.79207319,1
11769,427.769989,171.6577759,88.3839264,0.857259572,12007,0.6285516,2
10858,412.21701,166.962326,84.0657501,0.863994479,11171,0.79290199,2
12386,467.850006,201.9013062,79.3088303,0.919619679,12679,0.79184246,1
10536,412.506988,162.7202911,84.6243515,0.854129553,10974,0.68593752,2
13606,480.946014,204.2897186,85.2839127,0.908692777,13861,0.58369798,1
10360,411.23999,169.4011078,78.5722275,0.885927558,10538,0.78484851,2
10955,419.994995,172.9310913,81.4696655,0.882074177,11147,0.61458623,2
10198,400.195007,166.5941162,78.2319412,0.882881403,10351,0.62499231,2
13697,482.384003,206.7344513,85.1809311,0.911170006,13927,0.59707934,1
12981,451.326996,183.7618561,91.0787277,0.868531168,13231,0.75492877,2
11986,432.290985,172.4006348,89.6259384,0.854245305,12279,0.6588248,2
13467,478.247009,204.7185059,85.1457138,0.909403026,13732,0.547773,1
13321,467.407989,200.9202881,85.1377869,0.905784309,13543,0.59869665,1
10395,415.29599,170.193512,79.3372803,0.884700835,10725,0.60967743,2
13076,450.345001,183.5969391,91.7095871,0.866304755,13253,0.67702186,2
10788,414.907013,169.601593,82.2501526,0.874535799,11083,0.64831734,2
11480,432.824005,174.9624634,85.0884628,0.873778522,11833,0.59083891,2
14950,496.884003,207.8227997,93.1091385,0.894022644,15422,0.57932264,1
11322,415.885986,169.7236176,85.8043518,0.862795353,11512,0.61425781,2
10979,417.363007,175.8724365,80.277771,0.889746726,11146,0.6668489,2
14998,496.903992,215.9502716,89.3960876,0.910292327,15279,0.82483637,1
14078,478.470001,203.645462,88.5603104,0.90049088,14280,0.74439508,1
11550,420.273987,170.953064,87.1501617,0.860298872,11776,0.69469506,2
11748,433.770996,178.3394775,85.6252212,0.877200127,12053,0.65295684,2
15757,509.281006,207.2966766,98.3361359,0.88032347,16150,0.58970809,1
12397,433.35199,171.6092987,92.9880981,0.840469182,12631,0.634767,2
12908,462.209992,185.8509369,89.3880997,0.876738906,13199,0.72770321,2
14272,491.45401,210.5023193,87.9379272,0.908560753,14545,0.80337745,1
12752,453.494995,185.510849,89.1917038,0.876835942,13105,0.68316728,2
15196,498.144989,212.2437592,91.6767883,0.901901841,15427,0.71275794,1
11891,430.300995,175.0167389,87.9902878,0.864429772,12170,0.61038959,2
9994,406.643005,173.0985107,74.4651566,0.902738631,10123,0.80700904,2
12219,438.281006,182.1877289,86.1964188,0.880998671,12471,0.60177296,1
12488,469.828003,200.7437592,80.0468521,0.917059064,12932,0.74466306,1
12349,434.138,180.2419281,88.2645798,0.871890664,12526,0.62748986,2
12043,444.058014,179.9172058,86.4832001,0.876894236,12364,0.69612718,2
13867,494.653015,213.1222382,84.2059174,0.918635488,14200,0.5335924,1
12292,447.485992,181.3567047,87.9866257,0.874426603,12535,0.5938738,2
11708,423.94101,173.9320068,85.9261093,0.869449794,11918,0.61131996,2
13790,479.299988,198.9013214,90.1360321,0.891424298,14190,0.5869084,1
11489,447.237,182.1021271,82.121376,0.892542481,11913,0.55945659,2
13043,471.356995,199.2896423,84.5506973,0.905540228,13422,0.736435,1
10952,421.105011,176.8721313,79.6222916,0.892943561,11105,0.58100796,2
10241,411.946991,167.7476807,79.1055069,0.881826282,10486,0.58974951,2
11675,429.130005,173.4181976,86.8340607,0.86560899,11888,0.73733735,2
15611,506.546997,215.2007294,93.3922882,0.900923669,15806,0.73218894,1
12509,439.447998,177.083374,90.6229935,0.859132469,12723,0.62821412,2
10873,408.489014,167.7020264,83.4214172,0.867499352,11073,0.66812092,2
16104,507.428986,206.0707397,100.7536316,0.872324467,16457,0.60541356,1
12700,452.428009,185.6102295,88.2502976,0.879737198,12910,0.68074614,2
11381,434.317993,174.8636932,85.0339203,0.873799205,11692,0.60185087,2
12314,440.145996,180.8366547,87.9205399,0.873854458,12587,0.80483663,2
9598,397.0,172.0067902,72.2836456,0.907414317,9766,0.79684514,2
11444,424.368988,174.2206573,84.2645721,0.875252783,11638,0.65656912,2
13413,465.605011,198.8527222,86.0941544,0.901415825,13620,0.63532591,1
16063,520.744995,217.9138184,95.20047,0.899523616,16561,0.55675715,1
12103,439.217987,181.9851227,85.5549011,0.882602334,12339,0.59927708,2
11489,432.207001,182.362381,81.0701752,0.895751357,11683,0.79906803,2
16788,533.487976,230.1293335,93.7628784,0.913233936,17041,0.57267612,1
12672,450.343994,184.4046173,88.7812118,0.876474738,12939,0.78260869,2
12198,440.200989,180.956604,86.9732819,0.876923144,12412,0.6002953,2
9962,404.945007,170.9164886,74.7929382,0.899170101,10137,0.57610458,2
13446,475.127991,198.6995544,87.3792954,0.898117363,13765,0.57572252,1
12225,436.484009,172.7252197,91.4732819,0.848254681,12537,0.6461075,2
10702,409.265991,160.7001495,85.8703156,0.845262527,10990,0.68602562,2
12907,466.23999,194.4692688,85.9109497,0.897127688,13268,0.6354059,1
13241,466.98999,193.54422,88.0583496,0.890502691,13577,0.57765466,1
13921,481.993012,203.44487,88.1258163,0.901313186,14210,0.56133062,1
14274,488.829987,203.5678558,89.9299927,0.897128761,14529,0.57235652,1
14055,488.748993,207.7517548,87.2503281,0.907536149,14484,0.55007631,1
14531,492.958008,207.6246033,90.5226669,0.899950564,14913,0.57125449,1
15367,501.907013,210.0559845,94.4791794,0.893138885,15644,0.79060554,1
14755,499.817993,202.6122742,95.5160828,0.881907225,15123,0.60052908,1
12959,473.609985,206.2255096,80.6335754,0.920391917,13309,0.59515935,2
12431,437.657013,178.1941986,89.4865189,0.864759982,12657,0.73556215,2
15452,513.262024,220.0390778,90.5523376,0.911396921,15775,0.78119314,1
10392,416.489014,177.3663483,75.5669479,0.904699564,10559,0.56245941,2
9764,390.957001,160.2270966,78.8616333,0.870489717,9956,0.6488139,2
11139,423.324005,173.0767059,82.6897507,0.878488421,11380,0.71642655,2
14166,491.613007,209.0363464,87.5246124,0.908122182,14386,0.60229594,1
10951,432.612,182.0443115,78.2155762,0.902994871,11242,0.54711229,1
10167,406.825989,160.961853,82.9212036,0.857093692,10479,0.66503137,2
13022,467.076996,194.7540894,86.6763992,0.895502925,13355,0.59624541,1
12465,462.615997,196.4457397,82.0912704,0.908501029,12794,0.73014295,1
14634,493.027008,208.1361542,90.3794327,0.900800943,14898,0.71025044,1
12333,463.154999,196.5994415,81.601532,0.909791827,12705,0.59202188,1
12608,440.125,174.6025238,93.5251999,0.844442427,12835,0.63103104,2
14005,485.455994,207.1338501,86.8755112,0.907793581,14212,0.56380838,1
13217,471.751007,194.1313171,88.0921783,0.891115665,13520,0.57209021,2
13959,477.263,200.4944,89.4598389,0.894935191,14242,0.71573603,1
12526,441.329987,179.2462463,90.1546783,0.864306509,12768,0.71889347,2
15136,503.26001,208.7720184,94.068779,0.892735362,15471,0.59590548,1
11505,444.394012,187.2300568,79.445488,0.905512214,11745,0.5592553,2
11962,440.545013,181.7234039,85.1971817,0.88328898,12283,0.62285864,2
11906,435.76001,178.8070679,85.9684143,0.876836479,12194,0.60497969,2
14026,467.765015,191.7354126,94.2473679,0.870849848,14222,0.62773001,2
9249,390.20401,162.3269806,73.7899094,0.890708089,9522,0.61758816,2
11814,424.532013,172.855957,87.3552399,0.862906039,11970,0.73814434,2
11875,425.450989,174.0941772,87.3647308,0.864969432,12041,0.69452566,2
11771,430.470001,181.3029938,83.2195663,0.888432026,11919,0.79673749,2
12557,443.01001,177.728775,91.5994415,0.856956422,12896,0.63929337,2
11496,440.468994,185.7225647,79.8557205,0.902841687,11759,0.75093085,2
10965,433.778015,179.3352203,78.8589554,0.898130357,11295,0.66333938,2
13574,473.221008,197.8727722,88.4418945,0.894552231,13879,0.64125097,1
11364,428.953003,180.7597198,80.2820206,0.89595902,11551,0.58026963,2
14162,480.252991,202.8959198,89.4875259,0.897481859,14414,0.58402407,1
14202,485.937988,202.6140594,90.6502838,0.894332111,14640,0.56176573,1
11860,429.792999,178.2135773,85.3059464,0.877993524,12032,0.70057297,2
15551,515.783997,215.0897369,93.7507935,0.900010467,15908,0.56565547,1
15655,513.301025,216.098999,93.5671463,0.901402175,16085,0.56565255,1
11835,431.033997,180.4618378,84.1444092,0.884641051,12016,0.63302308,2
11696,443.528015,186.5877228,80.951973,0.900982797,11952,0.73913044,2
14363,493.260986,210.5697479,87.4158401,0.909757733,14621,0.57705903,1
12258,447.846008,186.6801453,84.9454804,0.890474975,12616,0.70545578,2
13667,463.842011,197.3556519,88.5867233,0.893597841,13829,0.63452345,2
13909,475.618012,199.6072693,89.9441986,0.892723024,14241,0.7278769,1
11921,422.359009,168.4995422,91.0719376,0.841351867,12169,0.65905571,2
11440,425.81601,170.7209778,87.2554398,0.859521449,11750,0.66507763,2
10690,411.384003,169.0886078,81.6660309,0.875632644,10915,0.6611008,2
10690,404.640015,165.3701935,83.3703079,0.863619924,10855,0.62078977,2
14850,499.207001,210.1336365,91.1433716,0.901038051,15327,0.58900523,1
11465,423.787994,174.0729675,84.7395477,0.873510778,11673,0.73380697,2
11391,434.786987,186.0183716,78.7885895,0.905871451,11623,0.7794047,2
11337,433.977997,184.348114,78.8676987,0.903864264,11506,0.65660834,2
13857,498.028992,220.266571,80.3995819,0.931003451,14053,0.50795454,1
10563,408.972992,167.4709625,81.0289459,0.875157177,10782,0.61735827,2
11625,430.433991,176.3329468,86.1599503,0.872496247,11838,0.59679657,2
15868,519.528992,219.1789246,93.2696457,0.904939115,16281,0.57126397,1
10445,405.596008,167.4588318,80.5041428,0.876863241,10680,0.63387549,2
11630,425.516998,173.0964203,87.1928711,0.863864481,11766,0.78169107,2
12076,443.992004,181.7114868,85.5583496,0.882214785,12329,0.64788884,2
12326,459.682007,194.3409729,82.0794678,0.90643388,12686,0.61933476,1
12201,443.455994,178.085556,88.4778061,0.86784929,12544,0.63913041,2
12006,467.640991,207.447998,74.4687882,0.933346927,12237,0.54874539,1
14789,492.951996,206.7086792,92.603569,0.8940382,15069,0.74782562,1
10916,416.32901,172.5072479,81.9893112,0.879834414,11093,0.72148049,2
14013,480.830994,191.8450775,94.8756866,0.869153023,14622,0.62591565,1
15264,506.665985,208.7614288,95.7371902,0.888644814,15712,0.60752237,1
11266,414.729004,166.4273529,87.7685242,0.849636734,11452,0.61901098,2
13751,451.94101,175.4111786,101.1442719,0.817017794,14063,0.75700522,2
12175,431.727997,178.5574493,87.7936783,0.870774209,12345,0.80019718,2
11217,424.084992,168.6538391,86.4829254,0.858517885,11546,0.77188271,2
12193,433.957001,170.4727783,92.6531754,0.839404523,12558,0.62467337,2
14840,512.007996,220.5143127,86.4150238,0.920016587,15160,0.56417274,1
11840,432.384003,175.8368835,86.6477814,0.87015754,12032,0.62575972,2
11980,434.626007,180.0222015,85.4504852,0.880165815,12190,0.61172384,2
10442,407.282013,166.1415253,81.0392761,0.87297076,10668,0.65623426,2
9335,388.806,160.1561584,75.1648026,0.883027077,9536,0.62333065,2
12115,449.197998,187.5915833,83.3702393,0.895816445,12440,0.56686318,2
10629,416.890015,172.190918,79.674118,0.88651073,10819,0.694933,2
11657,432.565002,177.7199402,84.210968,0.880610466,11946,0.6078636,2
12549,448.847992,175.8460388,92.8781891,0.849133015,12989,0.66498858,2
15087,510.605011,218.1743469,89.152504,0.912700295,15506,0.54949737,1
14053,497.052002,216.191864,84.159935,0.921117961,14416,0.80838704,1
11329,419.404999,173.3904572,84.3458252,0.873708308,11560,0.80324733,2
10719,418.670013,175.0083618,78.8310776,0.892805815,10983,0.6368984,2
11929,436.863007,177.1895447,86.9880676,0.871197701,12230,0.69354653,2
15373,489.131012,200.1409149,98.9659119,0.869188309,15617,0.77641416,1
10214,392.23999,158.9323425,82.0725555,0.856347919,10371,0.6645413,2
11859,436.252991,184.635376,82.1749115,0.895497799,12049,0.64813906,2
11108,403.618012,164.1064453,86.6431198,0.849263608,11256,0.79684359,2
14410,483.808991,200.6350555,92.5211792,0.887326539,14788,0.5832119,1
11893,441.399994,182.0861969,84.2427673,0.88653934,12092,0.57839704,2
13700,455.625,185.9585419,94.5654907,0.861044288,13893,0.61451513,2
12376,455.733002,188.8243408,85.1746292,0.892484188,12702,0.56395537,2
13245,476.136993,204.944397,83.1582489,0.91397965,13536,0.7996257,1
11462,423.234985,171.5892944,85.7218552,0.866270185,11712,0.69466668,2
11681,422.049011,174.0857544,85.9203186,0.869716465,11832,0.60901982,2
10510,416.710998,174.7802887,77.3044281,0.896869659,10691,0.58833408,2
11792,443.911011,186.1972351,81.2310867,0.899818897,12012,0.62533808,2
11372,435.592987,179.5671539,81.4721298,0.891147375,11608,0.57996738,2
12274,456.123993,194.487381,81.2390289,0.908581078,12562,0.70964384,1
15529,509.016998,207.0513153,96.9881134,0.88350302,15993,0.59973741,1
13509,480.466003,207.1371613,83.9401627,0.914210558,13732,0.59563494,1
14254,491.260986,207.7671814,88.6137009,0.904485285,14607,0.56961316,1
14178,488.881012,207.3955994,88.0680924,0.905363142,14406,0.55774981,1
13059,456.44101,185.9820099,90.204483,0.874504566,13339,0.61943841,1
15158,513.726013,218.8200073,89.3716888,0.91279161,15591,0.70175928,1
14070,484.216003,203.2800446,89.0918808,0.898842573,14448,0.56733871,1
16122,539.0,233.9135132,89.5310822,0.923850715,16440,0.51116043,1
13746,483.820007,205.8421936,86.1886902,0.908118844,14060,0.7159375,1
12831,455.242004,187.2671204,88.0706177,0.882509768,13084,0.61651933,2
12089,439.492004,183.5766602,84.6946793,0.887213767,12302,0.81451285,1
12244,455.274994,192.5073853,81.4286194,0.906134546,12480,0.57524079,1
12345,440.196014,180.3893738,88.1568604,0.872450113,12591,0.73368597,2
14626,496.585998,204.5341339,92.9748688,0.890711546,15070,0.57021445,1
14753,494.85199,212.1030121,89.3652954,0.906907558,15051,0.81688815,1
14690,506.855011,214.1594849,88.8760071,0.909821808,15064,0.5843975,1
10227,403.998993,164.8086548,80.2197266,0.873544335,10496,0.63059562,2
16412,515.11499,208.6945496,101.9417572,0.87257874,16857,0.77378595,1
11392,424.523987,172.1981659,85.8437195,0.86687988,11707,0.67809522,2
12110,448.839996,191.8042755,80.6545944,0.907290399,12313,0.61785716,2
9768,413.558014,179.79776,69.9279709,0.921269119,9943,0.70253164,2
15311,507.994995,215.141449,91.619751,0.904789925,15690,0.70440745,1
13742,493.854004,212.6080017,84.8868561,0.916835725,14272,0.58322722,1
10550,411.029999,162.7136078,83.6772308,0.857633889,10875,0.61869574,2
14881,495.618012,206.6678314,93.324173,0.892237723,15225,0.58398086,1
13589,479.835998,201.7117767,87.1655121,0.901811779,13908,0.58933991,2
16835,522.534973,216.2716522,100.4325104,0.885635376,17404,0.73521704,1
11470,427.197998,174.039093,85.1054153,0.872282803,11767,0.63978136,2
12899,472.263,205.5205536,80.4333649,0.920235932,13107,0.58591866,1
10974,413.5,170.5678253,83.2448807,0.872818112,11142,0.76409972,2
9359,395.988007,168.2939453,71.1074142,0.90635401,9555,0.57515979,2
10852,412.640015,168.3556976,83.5454941,0.868183136,11028,0.77847922,2
11548,433.513,176.9780884,84.3471069,0.879122257,11821,0.68815923,2
13201,461.519012,192.8850861,87.833313,0.890304327,13408,0.63490766,1
13337,471.846985,199.1446686,86.4656448,0.900823712,13686,0.66445798,1
16283,516.736023,217.7095032,96.0886307,0.897329271,16649,0.7800613,1
11140,429.796997,179.1967468,80.0765686,0.894601941,11346,0.58910632,2
12888,467.197998,199.1564178,83.2889252,0.908351004,13222,0.72583914,1
10326,427.725006,174.4743805,77.7337341,0.895266533,10691,0.60705465,2
14415,490.06601,206.5392456,90.0175324,0.900025427,14671,0.65332669,1
11392,427.571991,173.0794525,85.3546372,0.869942665,11638,0.59847647,2
12685,468.596008,199.6599884,82.1983872,0.91132313,13042,0.69590741,1
12058,433.390015,175.536026,88.4516068,0.863765299,12283,0.68604916,2
11794,430.380005,178.4458466,84.7859421,0.879912674,12056,0.75293666,1
13133,450.131988,179.1512146,94.1133499,0.8508991,13351,0.6353038,2
12715,462.617004,197.4936371,82.3947525,0.908813775,12924,0.6827212,2
14753,489.536011,207.4660034,92.0066299,0.896285236,14984,0.80467981,1
12093,432.828003,176.8203125,88.0972671,0.867044628,12351,0.70513117,2
15636,504.182007,212.1362457,94.4893112,0.89532268,15927,0.74499714,1
8652,374.402008,151.8221436,74.1438522,0.872642279,8866,0.60912418,2
12538,452.660004,188.8052826,86.1097183,0.889940381,12846,0.68416458,2
12416,441.928009,175.2147217,91.5606155,0.852601111,12738,0.62916791,2
12429,469.608002,202.4146729,78.8898697,0.920923293,12714,0.55685484,1
11327,415.815002,171.681015,84.5009003,0.870483756,11497,0.802764,2
10956,422.171997,178.3518677,79.1571426,0.896113157,11131,0.57313246,2
14398,487.723999,210.0916901,87.5971985,0.9089306,14654,0.78531688,1
12181,434.812988,179.2253113,86.985405,0.874324918,12387,0.72800624,2
13567,475.17099,197.2946777,88.912941,0.892695367,13940,0.6376968,1
12763,454.902008,185.2253723,89.6847,0.874961615,13081,0.62270689,2
12626,455.296997,188.6578827,86.6013794,0.888415992,12911,0.73389912,1
13316,445.049988,179.4551239,95.0330658,0.848269641,13517,0.81413549,2
14482,489.317993,205.3863068,90.8004303,0.896967828,14781,0.56890321,1
13173,467.476013,194.6764526,87.3639603,0.893649876,13443,0.57316279,1
15290,501.057007,209.3677521,94.1738968,0.893128633,15582,0.7578311,1
12140,441.498993,182.4339905,85.4981918,0.883382499,12358,0.58960658,2
13777,480.835998,197.0058746,90.1847458,0.889067054,14266,0.63263994,1
11287,421.993012,176.1826019,82.7287369,0.882899284,11469,0.81641954,2
12323,438.653015,174.6047516,91.0072479,0.853423178,12504,0.61565745,2
12091,442.0,181.2117767,86.2992172,0.879318535,12400,0.63503152,2
13932,462.022003,187.7802887,95.7806015,0.860134423,14180,0.70491803,2
14251,492.032013,202.8476105,91.0060501,0.893711329,14658,0.56037909,1
16706,533.625977,228.1561737,94.2075424,0.910772681,17037,0.63624936,1
10387,400.580994,164.7608643,81.0157013,0.870755136,10536,0.80663198,2
11889,439.989014,186.1078491,82.1430435,0.897323549,12096,0.79770529,2
14339,492.308014,205.7731628,90.8565903,0.897242725,14818,0.62747246,1
14405,488.237,204.43013,90.6264572,0.896367073,14742,0.76378578,1
13998,484.881988,198.7212982,90.9234085,0.889187813,14328,0.59951174,1
13344,469.528015,196.6878967,87.3816376,0.895895183,13609,0.5991379,2
12663,441.287994,180.8767395,89.985054,0.867467523,12833,0.71643567,2
13272,474.927002,195.7785492,87.1651535,0.895419657,13597,0.58606374,1
10015,402.455994,159.7266846,81.8776093,0.85862112,10408,0.60696971,2
12921,477.121002,197.7001495,84.8275909,0.903270304,13557,0.72394663,1
12044,449.166992,188.3632507,82.4944534,0.898997366,12342,0.56838131,1
14291,481.23999,196.5010071,93.8712921,0.878515363,14618,0.58919811,1
12120,441.0,180.3765259,86.7160797,0.876857519,12479,0.64225531,2
14994,508.307007,215.569809,89.6198807,0.909485877,15246,0.55076402,1
10121,405.709015,168.8771057,77.0866318,0.889740944,10373,0.7435351,2
11303,422.200012,168.0558929,87.1260834,0.855116963,11569,0.76423258,2
13277,486.955994,201.8391418,85.2598648,0.906402588,13771,0.61105484,1
12711,470.162994,196.3638,83.7809601,0.904411197,13007,0.56044972,1
13226,480.157013,202.7484131,84.3441544,0.909362793,13617,0.70704585,1
17404,521.86499,211.0630188,106.337822,0.863808513,17739,0.68465775,1
10870,409.490997,169.2060699,82.0953217,0.874414563,11030,0.67024296,2
11465,410.515015,160.7063293,92.1443253,0.819295943,11706,0.75756574,2
11089,421.654999,173.6253967,82.3424225,0.880388439,11345,0.66640627,2
9679,390.221985,154.200592,81.9864578,0.846940875,10003,0.62068742,2
11550,420.837006,172.5393677,85.4117889,0.868877113,11734,0.69469506,2
12260,453.572998,193.1613312,81.1755371,0.907409608,12508,0.57415819,2
15545,510.283997,213.4366455,93.5550232,0.898815632,15909,0.56816518,1
12249,456.248993,188.5509186,84.3818512,0.894269824,12578,0.65341938,2
11669,417.841003,170.1277466,87.8072739,0.856512964,11847,0.76977372,2
11933,430.867004,178.9629974,85.4699783,0.878585756,12118,0.79808724,2
10928,408.863007,168.1287231,83.0641785,0.869432867,11113,0.6268571,2
11772,434.085998,183.5883179,82.0857696,0.894474626,11937,0.65099818,2
16199,511.227997,210.0016479,99.4177551,0.880839944,16637,0.7382645,1
11903,433.713013,180.9060364,84.3602524,0.88461566,12104,0.6864475,2
10917,420.911011,176.430954,80.1751251,0.890783548,11128,0.65907991,2
13218,454.997986,182.5783997,93.2371445,0.859777331,13459,0.73331481,2
13263,480.19101,205.5758667,83.1374435,0.914576709,13517,0.68057269,1
11447,447.346008,190.3890533,79.0382233,0.909757257,11753,0.54354227,1
10360,404.32901,165.8590546,81.1980286,0.871969402,10556,0.67615193,2
12823,450.640991,180.697525,91.7814484,0.861399174,13195,0.69785035,2
15456,508.821014,214.3044128,93.4564972,0.899901927,15884,0.78025138,1
10512,418.066986,170.8183594,79.2815399,0.885768235,10776,0.58791947,2
13013,470.955994,197.6946411,84.8059006,0.903316736,13376,0.57564366,1
15556,510.51001,217.1022339,92.7732162,0.904098094,15781,0.60741895,1
11686,441.183991,180.6960907,83.4530411,0.886962235,12023,0.57708645,2
16798,529.077026,222.7966309,97.6834259,0.898759425,17173,0.6381734,1
12495,454.792999,186.7766266,86.4927139,0.886315942,12774,0.75031525,2
11571,432.67099,183.7055969,80.5602036,0.898717105,11741,0.66222173,1
14795,497.515991,213.6031799,89.8461838,0.90723604,15002,0.80307227,1
14500,495.106995,214.2878418,86.6611099,0.914575815,14712,0.58120894,1
10412,408.720001,163.7529144,82.4142914,0.864120841,10735,0.68930817,2
14340,499.096008,207.2510834,89.858963,0.901117325,14863,0.66315204,1
15276,506.684998,212.1356812,93.0637512,0.898633957,15574,0.57922876,1
12388,440.449005,175.2424622,92.2320786,0.850291967,12753,0.61347991,2
12720,461.806,197.9440002,82.8112793,0.908282638,12974,0.75678247,1
11537,428.386993,177.8139648,83.6526642,0.882426381,11733,0.74499548,2
12582,446.290008,180.488266,89.4039841,0.868696272,12801,0.70337659,2
11273,432.654999,185.8927917,77.6103973,0.908676565,11440,0.61973614,2
10539,420.636993,174.819809,77.6350403,0.895984113,10775,0.66270512,2
11506,433.342011,183.4458618,80.3972702,0.898847461,11675,0.61700988,2
15069,505.454987,211.9064941,91.9355392,0.90098536,15431,0.55351895,1
12863,457.19101,195.7003937,84.5007935,0.901975811,13023,0.8085869,1
12692,443.143005,182.9328308,88.9525986,0.873815119,12849,0.63823795,1
14041,481.947998,204.5984802,88.1879044,0.902338028,14284,0.57230782,1
12146,442.247009,176.5061646,89.7515869,0.86106801,12502,0.77540857,2
13822,491.661011,212.1354065,83.6546249,0.9189623,14073,0.65469873,1
12865,460.665985,193.3482361,85.7244034,0.896339715,13120,0.63455659,1
16051,516.174011,214.877182,96.845108,0.892675579,16479,0.67963755,1
13169,474.837006,201.3801117,84.4870911,0.907736659,13505,0.54711258,1
9854,397.066986,169.1532288,74.6322327,0.897403479,9992,0.72392005,2
11221,418.561005,168.1425018,85.7648544,0.860131443,11455,0.76772028,2
16734,531.507019,220.6954803,97.8393326,0.896362066,17242,0.65711147,1
11722,423.701996,174.9562988,85.8146133,0.871445894,11891,0.61125308,2
14284,499.915008,213.1660614,86.9261551,0.913077474,14678,0.70458245,1
11702,432.773987,177.7246094,84.6633224,0.879242897,11975,0.59716266,1
12281,442.110992,177.9575348,89.7089615,0.863643467,12666,0.59907317,2
13855,487.830994,207.1084442,86.0237045,0.909659028,14214,0.55155253,1
12817,460.552002,191.1878815,86.313591,0.892291605,13132,0.60233092,1
11219,433.713013,180.3164215,80.2533798,0.895495892,11485,0.70048702,2
10030,414.384003,181.6005707,70.7599487,0.920964658,10152,0.77189469,2
14232,492.54599,205.026947,89.5580826,0.89955318,14620,0.71517587,1
11422,425.128998,176.6568604,82.9521561,0.882897079,11608,0.65090036,2
9510,401.492004,169.6710052,72.3847122,0.90443188,9764,0.65455294,2
10788,402.334992,160.8686371,86.5540237,0.842918277,10961,0.76234895,2
12811,453.937012,185.7288971,89.5105896,0.876203001,13112,0.58508402,2
14761,499.510986,210.7987671,90.5555344,0.903027415,15197,0.65832663,1
10580,409.088989,173.3169861,78.0471191,0.892870128,10731,0.58131868,2
13950,476.337006,193.6352386,92.9441681,0.877270579,14280,0.7156415,1
16138,531.059021,224.3472137,92.9473343,0.910139799,16482,0.53966028,1
12269,436.011993,177.8847504,88.848114,0.8663311,12466,0.74583584,2
12273,441.19101,182.0991516,86.5935059,0.879699826,12469,0.62097752,2
13115,461.036011,195.0187378,86.7828369,0.895531833,13381,0.7384572,1
14853,488.561005,201.5631256,95.4724503,0.880707622,15224,0.67852902,1
16194,528.120972,226.8743896,91.6351852,0.914801955,16524,0.55201799,1
11433,421.463989,168.7527008,87.5269012,0.854974747,11678,0.72937798,2
14961,502.908997,215.1925049,89.2314224,0.909977078,15218,0.67531824,1
12442,459.535004,187.5088501,87.1873016,0.88532275,12941,0.58757967,1
10032,403.096008,165.6066132,78.4832764,0.880571187,10307,0.74598455,2
15072,511.175995,221.7821045,87.3817291,0.919111252,15392,0.55087721,1
12818,439.951996,179.2016907,91.8677216,0.858597755,13005,0.62581778,2
10774,428.799988,179.6996613,77.9217529,0.901094794,11033,0.71654695,2
11593,442.670013,189.7674408,78.483757,0.9104684,11806,0.63067132,2
11689,444.89801,191.9359741,78.1000442,0.913469672,11935,0.54929513,1
12599,455.281006,188.0159149,86.3744888,0.888229549,12897,0.62125248,1
14007,490.660004,205.3961182,88.0698395,0.903408706,14433,0.76893938,1
10604,409.510986,172.3027039,78.9188309,0.888939679,10755,0.58618021,2
11215,421.179993,179.5335083,79.6901779,0.896089435,11373,0.58290023,2
13166,465.967011,195.9054108,86.0058975,0.898478508,13383,0.65800393,2
15953,522.185974,220.7552338,93.042099,0.906841516,16307,0.78936172,1
11350,445.821014,195.9520874,74.5908814,0.924715579,11544,0.58429861,1
11940,423.674988,168.6340179,91.3642654,0.840513706,12191,0.66399735,2
11759,426.138,173.6890717,87.1820221,0.864900708,11941,0.69366449,2
10781,414.954987,169.7361755,82.2410431,0.874778628,11069,0.69933838,2
8965,383.481995,156.289444,74.6770782,0.878461719,9317,0.62028646,2
12315,444.622986,183.1751862,86.4649582,0.881580234,12523,0.61116624,2
13920,480.112,195.6700745,92.548439,0.881072044,14350,0.5771144,1
12598,445.184998,178.979248,91.1021576,0.860760868,12923,0.63141543,2
14843,510.10199,220.0358582,86.501358,0.919485509,15155,0.53315371,1
13982,495.341003,214.1675568,84.7772827,0.91831708,14298,0.7814666,1
12746,446.134003,182.3410492,89.7605057,0.870444179,12993,0.80916709,2
14608,504.306,210.269928,90.1665192,0.903393149,15125,0.6351304,1
15042,504.720001,214.5212097,90.2087097,0.907287061,15375,0.69561601,1
11036,435.498993,186.0784149,76.3080597,0.912047088,11305,0.59757417,2
11994,444.760986,183.4491272,84.4269714,0.887804866,12262,0.72418791,2
14626,502.356995,212.7346954,88.5833893,0.909180105,14997,0.58150446,1
11232,427.429993,180.4371948,80.5656052,0.894782543,11424,0.59878451,2
12070,432.868012,177.194397,87.3762054,0.869967341,12283,0.76276541,2
10697,408.843994,163.8752289,84.5850525,0.856495082,10995,0.75811482,2
9817,407.746002,170.0886536,74.7061081,0.89838022,10032,0.5830611,2
14268,485.634003,202.2508545,91.0527115,0.892929316,14586,0.61699462,1
12749,443.437012,177.1732025,92.9159775,0.851449966,13028,0.74010217,2
14966,499.638,205.474823,93.3816223,0.890763342,15387,0.58142966,1
11659,442.338013,186.1499634,81.0451736,0.900248826,11974,0.68906617,2
14930,506.781006,207.5966644,92.5515137,0.8951208,15361,0.61251283,1
11764,430.183991,171.9667358,88.3549042,0.85791558,12010,0.62691182,2
11945,414.145996,162.3527832,94.9472809,0.811162531,12106,0.79776931,2
9763,404.145996,169.1858521,74.5542831,0.89767164,10047,0.70869631,2
12042,441.809998,182.1767426,85.0435944,0.884352803,12302,0.64080459,2
12752,459.447998,196.4300537,83.1092682,0.906083703,13059,0.79067463,1
15862,507.548004,214.8732452,94.8001175,0.897413313,16098,0.80833715,1
11618,434.177002,179.415451,83.3463821,0.885550022,11820,0.6167649,2
12308,436.640015,174.938446,90.6161728,0.85538733,12544,0.68652386,2
11719,430.511993,175.5174561,86.5100098,0.87009418,12000,0.6993078,2
11665,435.705994,182.7518921,81.9731979,0.893758178,11895,0.64590257,2
12219,436.205994,179.4359131,87.9339676,0.871689975,12434,0.60340738,2
10843,412.367004,168.2745056,83.9427338,0.866691768,11082,0.78743648,2
14850,511.990997,223.1473694,85.499733,0.923684597,15131,0.57669902,1
13033,466.139008,198.2071075,84.5166626,0.904531956,13234,0.76927161,2
12988,461.990997,188.7729034,88.5092163,0.88326925,13259,0.5951519,1
11928,432.52301,171.0195313,90.0660171,0.850087345,12195,0.63487333,2
13434,483.36499,204.5680237,84.1559982,0.911462128,13773,0.72225809,1
13244,467.644012,193.4249725,88.6365356,0.888824582,13672,0.79792744,1
12277,450.325989,190.7417755,82.859993,0.90071559,12482,0.76340008,2
11966,456.846008,194.2702637,79.3506851,0.912778378,12337,0.57459784,1
14622,481.615997,200.0535583,94.3836365,0.881709993,14845,0.60894555,1
15149,509.136993,214.0074615,91.2837296,0.90446651,15516,0.70710421,1
10598,411.479004,162.2022858,85.221405,0.850854099,10936,0.59352601,2
11382,418.335998,169.8829651,86.6600876,0.860105395,11575,0.62000215,2
11529,420.455994,168.2574615,88.4854965,0.850550473,11748,0.71008867,2
14312,488.419006,208.1702423,88.4086533,0.905336916,14692,0.79334813,1
14608,483.161011,201.0349426,93.4607315,0.885364294,14845,0.6550085,2
12279,441.227997,180.4839478,88.0379791,0.872961879,12525,0.59647334,2
10187,409.356995,170.0636139,77.5508652,0.889974177,10391,0.68539327,2
10796,416.259003,168.6011963,82.7127304,0.871394992,10985,0.59818262,2
14209,496.272003,208.8229065,87.7580338,0.90740788,14667,0.56573498,1
11299,420.738007,170.820816,84.8657455,0.867858469,11488,0.64257282,2
13200,477.851013,202.5969543,83.6883698,0.910695612,13585,0.64139944,1
12382,453.602997,190.1286163,83.8501663,0.89749819,12605,0.63831323,2
12019,442.112,183.9819336,84.3091507,0.88882494,12290,0.58006757,2
16559,524.129028,223.637619,94.9479065,0.905399144,16961,0.77508891,1
13077,472.904999,203.4450684,82.5701294,0.913935423,13405,0.62737477,1
12184,437.838989,180.1070862,87.2916946,0.874699593,12398,0.77373469,2
11694,431.389008,177.0701599,85.1100235,0.87690866,11875,0.68788236,2
12231,450.558991,187.5421448,84.0381012,0.893982172,12504,0.70715773,2
10600,414.865997,174.6505432,78.2321091,0.894066095,10800,0.60282075,2
12563,457.363007,183.5114288,88.70047,0.875426531,12877,0.59349018,2
11772,436.596008,181.4926605,83.7327194,0.887215137,11984,0.57201165,2
12213,450.218994,188.3167877,83.7176895,0.895750165,12447,0.71798944,2
12172,434.027008,180.7236938,86.3144684,0.878574908,12311,0.79513979,2
8505,359.100006,147.7988892,73.8086853,0.866379678,8651,0.67725754,2
11846,437.346985,182.6288147,82.9129639,0.891003132,12019,0.57932317,2
11226,416.082001,166.272644,87.0969391,0.851828992,11515,0.63545793,2
14143,483.86499,200.8781281,90.5923462,0.892533243,14427,0.59765887,1
9983,402.661987,167.3749542,76.7659607,0.888618767,10187,0.59692657,2
14106,487.252014,209.5693817,86.5551987,0.910724461,14348,0.54270548,1
12411,443.554993,178.2272186,90.2240448,0.862398267,12780,0.6405347,2
10513,410.035004,165.656601,82.552536,0.866984367,10789,0.72553486,2
12918,459.828003,193.3465729,86.0588303,0.895480156,13179,0.77669555,2
17856,530.416016,223.2923584,102.9012756,0.887485027,18062,0.79572195,1
11889,440.947998,178.9921417,85.9199448,0.877257109,12185,0.76378006,2
14142,470.713013,180.6985779,101.7622604,0.826347649,14709,0.70274299,2
15655,488.903015,199.5566864,101.026207,0.862384856,15880,0.63375437,1
10577,402.170013,162.5910187,83.9633636,0.856342435,10771,0.76071632,2
12205,438.355988,174.43573,90.326477,0.855489016,12491,0.61847574,2
13221,448.644989,181.138916,93.8222046,0.855406523,13378,0.62540209,2
13132,471.803986,199.5565338,84.9883347,0.904776812,13423,0.75367308,1
10683,408.282013,170.3451691,80.4470596,0.881459773,10845,0.68833762,2
12303,439.341003,184.3000183,85.2923737,0.886467457,12468,0.59746504,2
14145,486.608002,209.3532104,86.7894745,0.910021961,14370,0.76666665,1
9371,394.428009,169.184082,70.8647003,0.90805012,9528,0.77799916,2
10763,411.28299,168.5705872,81.7990189,0.874374986,10963,0.76730591,2
12043,441.156006,175.5320587,88.6882477,0.862970769,12376,0.66772014,2
16053,523.840027,220.9137726,93.8916779,0.905186296,16496,0.74797314,1
11972,433.092011,177.8142395,86.388176,0.874051213,12249,0.71440506,2
12346,456.904999,193.6128845,82.035614,0.905798137,12529,0.58673132,1
12084,434.674011,177.5254211,88.0461731,0.868343234,12321,0.62721896,2
11573,446.924011,186.3487854,80.1422882,0.902797401,11884,0.57224089,2
12325,454.049011,192.6950531,82.5529099,0.903583407,12583,0.78603315,2
13621,473.898987,198.845871,88.428688,0.895674765,13989,0.60846066,1
11905,433.25,172.7705994,89.2366028,0.856285155,12224,0.7320748,2
12124,431.752014,173.8032684,89.89888,0.855837345,12389,0.77012002,2
17437,536.898987,230.2574615,97.3114777,0.906306863,17650,0.75915366,1
11099,421.915985,168.9326324,86.0898514,0.860405207,11415,0.59800649,2
13655,477.626007,203.9560394,86.2228317,0.90624541,13857,0.73782891,1
12215,445.295013,180.9094696,87.4058533,0.875539303,12448,0.58810782,2
12089,440.726013,179.962326,86.6595688,0.876422524,12390,0.66686892,2
14061,470.748993,190.2900085,95.0054016,0.866448581,14347,0.61801159,1
11889,426.647003,172.2679901,89.4428101,0.854648292,12162,0.61157405,2
11476,424.782989,169.0904236,88.1805954,0.853251517,11845,0.6245442,2
11200,428.166992,176.1075134,82.362442,0.88389641,11424,0.58424622,2
11732,441.122986,176.48349,86.1924667,0.872626424,12076,0.63747013,2
12256,453.464996,189.9711304,83.1052933,0.89923656,12565,0.58361906,1
14589,495.929993,210.2839355,89.4249496,0.905072153,14853,0.66510141,1
13982,479.785004,204.5423889,88.2796478,0.902067065,14221,0.77291322,1
12734,470.614014,204.4029083,80.1652985,0.919883132,12982,0.71459037,1
13913,474.451996,199.1174316,89.7170334,0.892739356,14164,0.67310113,1
11419,431.513,175.9565277,83.672699,0.87969923,11732,0.66777778,2
17263,520.302978,215.0044098,103.367218,0.876847923,17565,0.66187412,1
13121,475.910004,202.6862335,83.1302185,0.912021518,13439,0.57197034,1
15319,506.024994,208.2277527,94.8387451,0.890257895,15813,0.57370234,1
13263,487.890991,214.4280396,79.641098,0.928468287,13491,0.674447,1
10662,420.195007,175.8825073,78.5162811,0.894826949,10944,0.56942964,2
11542,426.403992,175.2760773,84.4568939,0.876253366,11738,0.62728262,2
11741,445.980011,184.4162598,82.4752808,0.894422233,12215,0.57039446,2
11088,421.157013,169.4209442,85.3756714,0.863746643,11373,0.75413179,2
12768,464.820007,195.3881531,84.3599167,0.901990652,13085,0.58298707,1
15975,522.804016,218.4176788,94.0441284,0.902557135,16290,0.56763673,1
10488,416.609009,175.3978882,77.3137054,0.897610068,10720,0.71756977,2
13130,467.921997,196.1468048,86.2071152,0.898241103,13462,0.57481831,1
12287,451.207001,190.1193237,83.281868,0.898950338,12599,0.59001201,2
12062,432.623993,175.8968048,88.7830429,0.863268495,12318,0.61591095,2
15344,501.799988,212.422699,92.9614029,0.899157763,15604,0.79420292,1
9516,386.821014,155.5244904,79.2283554,0.860513926,9753,0.69888365,2
10267,424.949005,182.4091187,72.5378647,0.917530358,10455,0.54742736,2
14918,500.270996,210.4246063,91.2105408,0.901173055,15185,0.64072502,1
14730,483.705994,196.4512634,96.8864288,0.869925559,15006,0.65309924,1
14831,493.760986,208.2685394,91.5423202,0.898223102,15099,0.79022807,1
11343,416.468994,171.6786041,84.9017258,0.869155586,11492,0.73474544,2
12624,451.756988,188.2363586,86.3559876,0.888558388,12878,0.80902332,2
11454,419.312988,174.1763153,84.3767395,0.874828398,11604,0.8221361,2
10901,410.390015,174.6985779,79.864891,0.889385402,11038,0.82696098,2
15073,498.362,205.8031006,93.9962769,0.889605761,15476,0.61392146,1
13263,474.497986,197.8428955,86.6863174,0.898898304,13607,0.56009293,1
12234,449.380005,188.6259308,83.9093323,0.895607471,12492,0.59474963,1
10765,413.677002,164.7950287,84.7912064,0.857475221,11127,0.60870796,2
18913,541.745972,227.1354828,106.9483566,0.88220948,19099,0.80412418,1
13425,477.197998,199.7563629,86.6409683,0.901041329,13784,0.61167306,1
14784,481.985992,200.0271606,94.9805603,0.880073071,15005,0.72159314,1
12725,441.679993,170.2327576,97.7390289,0.81875062,13081,0.64121944,2
9903,398.667999,163.0058441,79.1322327,0.874260843,10152,0.59441775,2
9961,397.929993,166.0079803,77.4435883,0.884518445,10130,0.6279788,2
12802,457.661011,192.062973,85.5414963,0.895340383,13001,0.75635117,2
13080,474.26001,198.9573669,84.750061,0.904736817,13511,0.70277238,1
10782,412.880005,165.5458679,84.3469009,0.860466063,11112,0.69471651,2
13218,458.763,183.630661,93.5039597,0.860650718,13547,0.77661574,2
14337,501.765991,219.3126678,83.4464416,0.92478472,14631,0.7431578,1
12003,433.520996,178.5503845,86.4327316,0.875023544,12171,0.76647508,2
12613,459.912994,193.3721466,84.3145294,0.899935961,12937,0.62788731,2
13268,473.433991,200.7008362,84.7003479,0.906585157,13562,0.71622133,1
10510,420.022003,175.7176971,78.4013901,0.894944191,10756,0.57281446,2
13112,456.216003,182.4642181,93.3344803,0.859270096,13413,0.68078917,2
12854,474.138,202.1957092,81.7469559,0.914628148,13242,0.64327896,1
11969,442.158997,177.6001129,87.8629532,0.869050443,12352,0.59273016,2
11869,434.252014,177.8726501,86.1655502,0.874834061,12144,0.62151122,2
16253,525.481995,218.5275574,95.9118424,0.898535728,16690,0.56796897,1
11434,404.709992,161.0792694,90.8681946,0.825692177,11591,0.80294943,2
10663,403.255005,163.9362793,83.7474136,0.859667778,10884,0.65217125,2
12878,459.604004,192.1722717,85.9566879,0.894389093,13213,0.57624841,1
11646,435.606995,177.8407898,84.5472336,0.879764497,11902,0.62211537,2
13424,461.468994,186.5067444,92.6717529,0.867818415,13702,0.67552334,1
14587,497.946991,211.6872864,88.913208,0.907514155,14926,0.64868593,1
12010,428.140015,171.2221832,90.1030731,0.850339293,12222,0.66574282,2
10831,425.601013,182.2354584,76.1951599,0.908394694,11017,0.58864129,2
12317,442.809998,179.3353271,88.7638474,0.868915677,12589,0.66060609,2
14217,472.315002,196.7444763,92.9037857,0.881488621,14426,0.59987342,2
15739,525.000977,228.2445984,88.8492737,0.921122789,15978,0.57324445,1
14269,501.040008,214.6693573,85.643158,0.916971028,14733,0.70000982,1
14138,490.834015,206.1808472,89.367279,0.901181817,14523,0.7625674,1
11014,413.440002,165.7452087,86.5546646,0.85281378,11182,0.58262801,2
11944,424.546997,171.6155243,89.7621384,0.852306902,12177,0.62721211,2
13481,447.92099,182.9851379,94.3671875,0.856763482,13647,0.78078306,2
12682,459.964996,195.4355011,83.6043243,0.903880656,12892,0.58281249,1
11911,441.059998,185.2055817,82.2436523,0.89599365,12119,0.5804581,2
12798,469.298004,202.1654053,81.5806808,0.914964497,13152,0.78036582,1
14706,503.307007,212.684021,89.086586,0.90804702,15074,0.59596372,1
11359,422.846985,171.2399902,85.9152069,0.865027785,11665,0.65963995,2
9822,398.334992,160.62323,79.2884598,0.869671941,10085,0.63151801,2
12537,440.105988,177.2747192,91.0868149,0.857899606,12845,0.6704278,2
10727,406.453003,168.9637146,81.3238678,0.876550615,10868,0.79778373,2
11626,420.789002,168.4697113,89.0751953,0.848789334,11857,0.63634372,2
10546,428.545013,179.5966187,77.1463318,0.903041482,10893,0.59764254,2
10623,423.02301,175.0342712,78.4209061,0.894017696,10897,0.58729547,2
14741,497.225006,212.4633636,89.4537277,0.907046139,15036,0.55371499,1
9593,396.049988,162.5907288,75.999176,0.884032071,9828,0.74479812,2
10982,411.574005,164.9113617,86.4507141,0.851579607,11289,0.70379388,2
12162,450.790985,186.6923676,84.6376724,0.891330719,12502,0.65801007,2
12110,458.075989,192.4991455,81.794281,0.9052369,12562,0.70868444,1
12912,459.739014,188.7303619,88.962326,0.881934166,13205,0.6904813,2
12540,456.201996,185.9806976,87.5102463,0.882381856,12854,0.59006214,2
11410,436.368988,180.802597,81.640213,0.892249167,11710,0.61782545,2
12673,441.713989,177.0299225,92.5874863,0.852329791,12950,0.62177414,2
10691,407.087006,163.291748,84.5892029,0.855365515,10921,0.61210352,2
15189,506.821991,209.1895447,93.6198044,0.894266009,15629,0.67407805,1
14792,499.203003,206.160614,92.6803436,0.893253148,15326,0.69468838,1
13814,481.415985,203.0623474,87.3184814,0.902824938,14112,0.63747114,1
14675,493.928986,199.2336273,95.6833649,0.877127767,15317,0.6168558,1
12495,458.407013,187.6042023,87.0256958,0.885898411,12993,0.67493111,1
13831,483.615997,202.8757782,88.290863,0.900335431,14270,0.59106839,1
14266,486.477997,207.7260437,88.0999222,0.905607939,14485,0.60385186,1
10841,410.332001,167.1149597,84.2527161,0.863610148,11079,0.73448509,2
11614,437.656006,184.9021301,81.8799133,0.896606386,11812,0.8181178,2
16403,521.908997,215.1509094,98.4009476,0.889282763,16867,0.58876526,1
10524,402.494995,164.0819397,82.4643784,0.864530444,10713,0.63252795,2
10589,439.708008,191.7048798,71.4211807,0.928008914,10817,0.51095349,2
13652,486.627991,210.3452301,83.2991333,0.918245554,13950,0.57980126,1
14816,496.31601,206.6574249,92.1741257,0.895021141,15194,0.5814985,1
14755,510.138,218.6991577,86.812355,0.917840779,15025,0.53332609,1
12368,455.023987,195.9393463,80.8090591,0.910994411,12573,0.79690725,1
11710,429.062988,178.2835999,84.4876251,0.880581617,11906,0.59339213,2
14333,493.898987,207.5099487,89.4461594,0.902330339,14772,0.55979532,1
13819,487.670013,207.9707642,86.1877441,0.910084665,14181,0.56969124,1
11919,435.261993,171.8451843,89.9816055,0.851951838,12168,0.61123079,2
13935,483.243988,196.7861023,91.7178497,0.884743154,14428,0.59323114,1
12820,467.352997,197.3374023,83.9720688,0.904946506,13104,0.55683446,1
11935,464.933014,196.5350494,79.7229919,0.914031744,12358,0.5666334,1
13272,471.899994,201.4946899,84.1537933,0.908609033,13492,0.5657289,1
15265,505.098999,211.4430084,93.122139,0.897795558,15639,0.74130732,1
11011,414.302002,170.3466034,83.2529526,0.872436881,11188,0.72099268,2
15700,525.809021,224.0388794,90.3189163,0.915138543,16308,0.67617035,1
11299,429.438995,174.4416199,84.4233856,0.875088155,11663,0.61337602,2
13548,479.748993,203.2718811,85.6024628,0.907003522,13850,0.55442792,1
12444,445.872009,183.3505707,87.9073105,0.877569556,12630,0.6045472,2
9911,390.459992,157.0979462,81.4479828,0.855105817,10178,0.73133117,2
10457,402.062988,157.9617004,85.7041092,0.840015352,10719,0.67709142,2
10864,426.578003,174.1101379,81.1230545,0.884821832,11170,0.57811832,2
13437,476.113007,202.8204803,85.1124191,0.907688737,13700,0.78413868,1
10975,420.522003,169.9667511,83.4096374,0.871305525,11305,0.68679601,2
10809,426.053986,176.3165588,79.2993851,0.893151581,11121,0.74896061,2
10723,431.164002,182.325119,76.5187302,0.907670796,11059,0.78127503,2
12986,462.110992,195.5175781,86.1084671,0.89779532,13288,0.79057592,1
12164,443.729004,185.8019409,84.3319778,0.89106226,12442,0.6363256,2
13645,454.61499,182.6046448,95.7082443,0.85163939,13819,0.62752944,2
15228,505.265015,209.6252747,93.5268631,0.894952178,15501,0.7392233,1
13439,477.75,199.3816071,87.6273651,0.898244679,13852,0.75124377,1
9369,396.76001,164.617218,73.8587112,0.893697798,9592,0.65280098,2
12008,440.518005,185.9886627,83.0241242,0.894836783,12227,0.69940007,2
12183,450.665985,189.0736694,83.8085861,0.896393657,12432,0.81003988,2
13319,468.231995,192.9272461,89.3376312,0.886324942,13694,0.69521868,1
12638,454.561005,187.5693665,86.9849625,0.885967016,12902,0.76859456,2
14017,474.309998,198.336731,90.8686905,0.888873041,14320,0.76055342,1
11968,430.066986,170.0013733,90.9749908,0.84476167,12252,0.63982892,2
14675,493.27301,206.7937164,91.5890656,0.896570683,15039,0.56616515,1
11532,422.69101,168.9230957,88.0403595,0.853443086,11798,0.63068086,2
11136,419.520996,172.7373352,82.8789368,0.877379298,11373,0.70615095,2
13444,474.592987,197.9504242,87.6391907,0.896653473,13881,0.6566056,1
15639,499.139008,207.9804535,96.2903748,0.886369765,15895,0.70678359,1
10445,409.959992,168.4745483,80.4350891,0.878668845,10653,0.74025512,2
11585,428.372986,171.5619812,87.4405212,0.860368192,11939,0.60890359,2
15065,506.820007,212.4369049,91.3702774,0.902778625,15516,0.7246272,1
14337,494.299011,206.6927795,89.7482071,0.900811374,14859,0.70989305,1
12985,466.13501,196.666153,84.6930924,0.902521908,13221,0.58888888,1
10554,406.919006,165.5313873,82.3707886,0.867398381,10841,0.64021838,2
10570,419.953003,181.806366,74.5200043,0.912136495,10781,0.58592016,2
13655,471.524994,193.1961823,91.5577545,0.880572855,14053,0.71097577,1
14541,492.785004,204.2571411,92.4710159,0.891653419,14893,0.7582916,1
9778,395.200012,168.146759,74.4989777,0.896492302,9956,0.62058896,2
14868,510.433991,219.333786,88.0391159,0.915905774,15190,0.79669917,1
12243,449.681,182.0261993,87.1317062,0.877991199,12744,0.77856916,2
11960,440.941986,182.0534363,84.7226639,0.885114908,12191,0.62650603,2
12590,463.776001,197.3787384,82.6856842,0.908023655,12880,0.60654235,2
14153,480.321991,196.9782715,92.7987289,0.882073641,14555,0.7721222,2
12958,445.696991,178.8109741,93.6661606,0.851824164,13223,0.71197802,2
14403,491.059998,207.6805725,89.8433609,0.901584208,14708,0.59689182,1
15252,501.332001,207.5240479,94.2730942,0.890861213,15595,0.59171325,1
14076,479.677002,199.489151,90.7099838,0.890638888,14434,0.78121877,1
12406,433.571991,175.892868,91.1406326,0.855283737,12639,0.79653293,2
12190,440.682007,185.8561859,83.8879013,0.892342329,12349,0.58398008,2
12808,466.924011,197.1746674,83.7932968,0.905207455,13186,0.54372561,2
11794,422.10199,169.2856598,89.5307083,0.848700643,12026,0.76395905,2
14399,492.338989,210.1399078,88.1023636,0.907868147,14636,0.54918188,1
11652,429.520996,172.4120483,87.4826584,0.861707985,11982,0.63051951,2
15809,517.232971,222.4206696,91.5628586,0.911335111,16025,0.55689025,1
10388,400.591003,166.1858063,80.0937347,0.8761971,10536,0.67019355,2
11572,418.628998,164.1232605,90.9829712,0.832278609,11861,0.66163522,2
15581,517.33197,221.9593811,90.3076096,0.91348809,15901,0.55408961,1
12297,440.601013,173.326355,92.0375366,0.847367346,12678,0.7221635,2
11106,415.984985,175.1867523,81.1578445,0.886219919,11257,0.60998517,2
12932,456.654999,191.3286285,86.7258377,0.891367137,13098,0.6630435,1
12735,473.050995,200.6844482,81.7311783,0.913311303,13140,0.53761399,1
14645,485.113007,201.1537781,93.5803986,0.88519603,14889,0.64640713,1
13476,478.282989,199.0232697,87.9296646,0.897110641,13931,0.59917301,1
13607,482.817993,202.8472443,86.1541367,0.90532279,13901,0.55684239,1
10443,406.528992,164.5683746,81.9593201,0.867162168,10722,0.77184033,2
10483,419.015991,176.6201019,76.3242188,0.901807606,10773,0.69286186,2
14296,484.243988,202.9798584,91.0714493,0.893696308,14572,0.75724351,1
15274,511.053986,211.2999268,93.1200485,0.897654057,15669,0.69326436,1
15559,514.278992,221.1190796,90.4638367,0.912481427,15903,0.77577782,1
10579,405.122009,167.293335,81.3456497,0.873822153,10750,0.79637158,2
12675,456.572998,186.8068237,88.4237824,0.880877972,13098,0.6138609,2
15139,508.970001,217.3360138,89.9579315,0.910317004,15394,0.54988921,1
16505,516.221008,212.8531036,99.690155,0.883542001,16820,0.58841354,1
11073,431.157013,182.7000275,77.7221451,0.905001462,11367,0.75111926,2
11016,421.100006,173.1560059,82.3268204,0.879743397,11302,0.78160918,2
11542,424.515991,171.5045013,87.6806107,0.859435737,11811,0.69951516,2
11342,429.781006,179.1381378,81.8680496,0.88946116,11532,0.57893932,2
11544,421.846008,170.3458252,87.4175034,0.858282983,11800,0.65650594,2
12067,423.362,168.3690796,92.0531769,0.837306023,12274,0.64960164,2
11956,438.895996,184.6437073,83.2184219,0.89267683,12121,0.57702702,1
13742,484.342011,195.2849426,91.2428131,0.88413626,14224,0.67240787,2
12074,435.078003,181.3903046,85.6911163,0.881377399,12257,0.69909096,2
14928,499.393005,212.4037933,90.7080841,0.904225707,15269,0.79743588,1
9221,387.093994,159.2245026,74.9033279,0.882439494,9418,0.76841664,2
14060,496.035004,211.3755188,85.9352646,0.913627386,14448,0.67259854,1
11176,427.333008,176.6558533,82.132431,0.885347962,11438,0.58087319,2
13964,481.230011,201.5592957,89.3001404,0.896498621,14275,0.58329159,1
12504,445.587006,182.3785248,88.6329575,0.873967946,12781,0.79887557,2
12776,457.471008,184.2328644,89.641037,0.873645067,13089,0.74300671,2
11552,432.812012,178.8907623,84.0798035,0.882663012,11838,0.63647384,2
12473,440.925995,180.6456757,88.5600815,0.871586382,12673,0.62985408,2
10897,420.554993,168.1186523,83.5630112,0.867723107,11174,0.64084923,2
11091,416.945007,171.7740784,82.7345505,0.876365066,11292,0.61013311,2
11385,436.606995,180.0699005,82.653183,0.888433099,11778,0.75975978,2
11462,432.108002,180.2800598,81.890213,0.890879929,11725,0.69992673,2
13930,495.270996,213.5266418,84.4337311,0.918498337,14564,0.54963702,1
11332,428.605988,173.0604706,84.9474335,0.871241808,11628,0.59818411,2
13840,476.901001,201.6256866,88.2425003,0.899142981,14205,0.63058138,1
15127,499.799988,212.9039154,91.1516342,0.903714776,15370,0.71299964,1
11231,427.666992,183.5870972,78.8617325,0.903038144,11427,0.72118408,2
11438,433.917999,178.3515625,83.5476532,0.883493364,11767,0.74301678,2
14349,496.946014,213.5440216,86.1607742,0.914988399,14678,0.6668371,1
11165,424.161011,174.6315308,82.3162079,0.88193512,11467,0.64210951,2
15140,502.553009,213.8956146,90.897377,0.905211508,15491,0.75821316,1
10910,445.273987,190.2480469,73.8787537,0.921520948,11229,0.62787753,2
11502,428.539002,174.3046722,85.4196625,0.871688962,11760,0.59142327,2
10915,419.585998,171.5423279,82.8317108,0.87569505,11246,0.78344816,2
13062,469.424011,200.62883,83.2746201,0.909790337,13279,0.66321403,1
14806,481.911987,198.2439117,95.7866974,0.875523269,15162,0.70104164,1
11691,426.279999,176.1899567,85.1236725,0.875545442,11908,0.61824429,2
10842,412.748993,167.045105,84.0016251,0.864363253,11105,0.67050093,2
14101,479.31601,199.0871429,90.9801254,0.889473677,14383,0.61968797,1
11182,429.595001,181.4321747,79.1819534,0.899739504,11389,0.67975682,2
11890,430.338989,174.8227844,87.9762802,0.864151835,12142,0.68728322,2
14938,502.687012,209.6447296,92.035965,0.898482561,15331,0.63520008,1
10800,406.483002,163.4089661,85.1911011,0.853350997,10960,0.63065696,2
12331,431.364014,177.1304779,89.4249649,0.863204956,12502,0.74778652,2
7943,362.673004,154.886322,65.9308853,0.904877186,8080,0.60865903,2
13932,495.528015,213.3485413,84.3209076,0.91858387,14297,0.55483872,1
11706,428.553986,175.8495941,85.5458374,0.873696387,11944,0.62232852,2
13683,461.567993,189.2453308,93.1131668,0.870581865,13944,0.62651098,2
12683,444.531006,176.6249695,92.580246,0.851618052,13094,0.66808891,2
9225,387.824005,163.4049835,72.7455216,0.895438373,9422,0.58504564,2
13698,478.598999,199.060257,88.78965,0.895011008,13932,0.5755946,1
13158,470.996002,201.0183868,84.5030136,0.907350659,13462,0.61978334,1
11622,425.893005,173.1954041,86.7164917,0.865629077,11941,0.60352081,2
14592,494.440002,212.6799774,88.2873917,0.90976733,14838,0.74563104,1
14212,484.946014,205.0032349,89.6155014,0.899392545,14502,0.75219649,1
10182,404.848999,168.1189575,77.8888092,0.886203706,10369,0.79274368,2
13170,472.10199,200.1954346,84.8755188,0.905679405,13383,0.54493546,1
15786,500.860992,205.4672394,98.8166504,0.876755536,16127,0.61091334,1
15200,502.588013,214.1338043,91.1175308,0.9049505,15461,0.62412745,1
13328,489.385986,217.285614,78.7089081,0.932085991,13530,0.75744486,1
16226,517.684021,217.0805664,95.9383774,0.897040546,16466,0.58314466,1
9668,393.713989,159.522934,78.4907684,0.870575786,9882,0.6041745,2
11783,429.394989,172.8370056,88.3060532,0.859627664,12031,0.73391467,2
12094,432.390991,173.418808,89.6716003,0.855936348,12318,0.63786918,2
13524,472.734985,192.0857849,91.3777695,0.879600346,13947,0.59629631,2
14440,498.118988,210.2735291,88.9881516,0.906035423,14918,0.77630234,1
13681,478.537994,202.7610779,87.0230408,0.903214216,14015,0.64193881,1
15888,518.554993,218.1940918,94.0568542,0.902318656,16245,0.55753237,1
12154,448.062012,186.7820587,83.8981018,0.893443048,12445,0.62928444,2
9017,378.790985,155.3697205,74.754425,0.876644373,9290,0.66408896,2
15080,500.006012,209.5892792,92.7966614,0.896642745,15614,0.73232323,1
13130,463.278015,184.3139648,91.9347382,0.866720438,13485,0.71038252,2
11332,449.26001,194.7819214,75.3693466,0.922103941,11671,0.67368174,1
15636,513.22699,214.3835602,93.9777603,0.898798168,15913,0.56627554,1
14421,489.817993,204.9568329,90.3416901,0.897613168,14716,0.62526017,1
12981,449.617004,177.6229553,94.2423706,0.847637713,13389,0.65146041,2
12780,448.661011,181.9351654,90.7071075,0.866850436,13038,0.60735673,2
13135,459.256012,189.7806244,89.0508347,0.883075774,13353,0.58006537,2
14105,496.227997,209.2754211,86.9419479,0.909619331,14567,0.60370654,1
12511,448.759003,183.9769745,87.3428726,0.880121291,12694,0.60477596,2
11525,433.781006,184.4233398,80.166626,0.900581062,11697,0.61270601,2
12362,448.112,181.0390625,88.5260773,0.872290075,12720,0.63278049,2
12871,448.582001,183.8745422,90.2762985,0.871178269,13102,0.73372477,2
10572,403.269012,164.5725098,81.9768448,0.867108107,10745,0.74708504,2
14952,488.630005,203.0029602,94.5545273,0.884901047,15187,0.61561263,1
11977,442.364014,185.2654114,83.1605759,0.893595755,12186,0.68175089,2
14401,482.175995,203.0722198,91.3516006,0.893105209,14608,0.71650332,1
11875,429.949005,173.6934814,88.0417099,0.862016737,12128,0.78444976,2
12054,439.658997,184.5761566,84.0571365,0.890283763,12227,0.73227626,2
10924,414.312012,170.8072357,82.6439819,0.875154495,11171,0.67282581,2
11249,423.095001,167.8630066,86.5387726,0.856870294,11560,0.61889303,2
11538,418.661011,170.8509064,86.4983978,0.86236918,11741,0.71354359,2
14423,507.082001,221.5334778,83.9089203,0.92549324,14703,0.54221803,1
14054,486.765015,207.5825043,87.1307297,0.907644272,14343,0.78946185,1
12032,437.303009,176.7515564,87.4561844,0.869008422,12264,0.641433,2
12437,442.498993,183.5729218,86.8019791,0.881144345,12645,0.62673855,2
15521,506.048004,209.5179901,95.4624176,0.890169919,15956,0.5784511,1
13567,481.095001,206.628418,84.0091705,0.913619101,13818,0.60110766,1
11004,412.22699,171.5535583,82.59552,0.876470149,11199,0.69893295,2
12840,466.903015,198.1559753,83.2342529,0.907503664,13091,0.59137803,1
11856,431.863007,174.3524323,88.682663,0.860979199,12188,0.6150654,2
10685,421.037994,172.4181824,79.9972763,0.885849655,10971,0.58631474,2
11619,432.45401,178.341507,83.9134522,0.882388711,11824,0.76764005,2
10272,403.04599,171.383667,76.6611786,0.894380271,10419,0.75920176,2
10841,413.459992,170.964798,81.6749039,0.878507078,11070,0.65449166,2
14314,484.730988,206.8655396,88.5628967,0.903722763,14536,0.75336844,1
14819,497.834992,210.3746796,90.7098465,0.902264833,15119,0.59068078,1
12152,447.916992,185.2463074,85.7856064,0.886311591,12449,0.57537878,2
13875,490.838013,207.1322327,87.325264,0.906785667,14243,0.5756306,1
11584,434.739014,180.8474274,82.1837463,0.890778959,11863,0.6817326,2
12900,442.686005,181.0802612,91.6120758,0.862580538,13112,0.7875458,2
12899,462.269012,190.4305267,87.3738098,0.88852793,13132,0.68295652,2
11700,436.928986,179.5748444,83.9839554,0.883896708,11980,0.73854309,2
10613,423.32901,172.1127625,79.7124023,0.886284828,10881,0.58696973,2
11119,427.04599,178.8131256,80.6178436,0.892599881,11420,0.79071254,2
12726,434.772003,175.7317505,93.3085098,0.847389817,12896,0.80800003,2
11747,452.127014,194.4948578,78.7444611,0.914375782,11935,0.54263675,1
11907,448.165008,185.9811554,82.81884,0.895377576,12209,0.56538463,2
12906,461.203003,191.5436707,86.727356,0.891621709,13272,0.73832953,2
11415,426.165008,173.8845978,85.3283462,0.871318281,11634,0.59639496,2
10585,409.31601,167.7482758,81.4216614,0.874303281,10819,0.68356472,2
11619,447.316986,193.1208649,77.0521317,0.916957915,11811,0.66455042,2
14439,492.322998,205.4156342,91.4216309,0.895502329,14867,0.78082412,1
10074,416.971985,172.3453217,75.8925934,0.897825241,10422,0.55470514,2
10351,408.996002,168.5678864,78.9616394,0.883502543,10526,0.59409976,2
14960,496.928009,209.6621552,91.6853409,0.899315476,15198,0.76016259,1
11652,428.808014,169.5898895,89.5738068,0.849133134,12067,0.7370019,2
12032,437.635986,177.4034729,87.8033295,0.868929505,12291,0.60547507,2
12837,463.321991,192.9236755,86.3576202,0.894220948,13229,0.58882618,2
10912,424.881988,171.8625031,81.7665939,0.87957108,11282,0.61275834,2
14725,472.902008,193.1235504,97.7160873,0.862546921,15084,0.63431549,1
12876,445.763,177.9828186,93.8410034,0.849711716,13200,0.72993195,2
13092,465.437012,197.0418701,85.83564,0.900130033,13369,0.76885128,1
14419,491.67099,203.9123535,91.03685,0.894808173,14906,0.62781382,1
12159,437.822998,177.5845337,88.5802994,0.866713405,12377,0.6701389,2
12765,460.346008,196.3905487,83.8989716,0.904154897,13139,0.57435322,1
12483,437.402008,173.4919739,92.7043381,0.845267296,12767,0.77534163,2
10482,402.520996,164.5421295,82.0277862,0.866877377,10679,0.61811537,2
11795,446.183991,189.0428772,80.708458,0.904283702,12081,0.63281292,2
12994,460.945007,195.2210999,86.2117233,0.897206783,13196,0.81538653,2
15236,497.277008,209.1615601,94.0653,0.89316678,15563,0.76370925,1
9908,400.998993,170.6048737,74.5144043,0.899575174,10075,0.58609879,2
14479,475.924988,200.5519409,92.1780624,0.888114691,14696,0.71142888,1
15715,511.25,210.9116058,96.0047378,0.890394628,16096,0.58141255,1
14331,495.143005,212.0289612,86.86129,0.912235081,14723,0.665784,1
11942,424.781006,168.7167511,91.5737991,0.839883626,12188,0.78981483,2
10773,414.891998,159.6753082,88.124443,0.833911836,11174,0.6328125,2
9885,385.600006,157.2108917,81.1973267,0.856295228,10042,0.62841702,2
10911,424.557007,173.7537537,81.3233872,0.883708239,11135,0.64946431,2
13933,483.932007,207.2059326,86.2993164,0.90914005,14238,0.58838683,1
13555,477.869995,202.637085,85.7879562,0.905962646,13851,0.57806301,1
14498,496.549988,200.7102661,93.5765381,0.884665132,15053,0.65306306,2
13315,476.203003,205.1886139,83.0610199,0.914403796,13510,0.55157417,1
14265,480.927002,200.188446,91.4805374,0.889481008,14627,0.75456226,1
11102,425.971008,174.8511047,81.7440338,0.883989632,11333,0.7015925,2
15366,508.792999,211.3726501,93.967804,0.895749152,15746,0.56459433,1
11717,439.730011,182.0405426,82.6197281,0.891076326,11965,0.56148171,2
10855,417.316986,167.3380127,84.229805,0.86408186,11135,0.60483646,2
14892,486.334992,203.0691833,94.1249618,0.886090755,15111,0.79212767,1
15007,500.307007,210.7177582,92.1704636,0.899261236,15431,0.58076626,1
11577,418.76001,168.2886353,89.3042526,0.847584009,11746,0.80608553,2
15475,511.427002,219.1482391,91.4625473,0.90874368,15759,0.78873599,1
13053,480.950989,205.9524231,81.6555939,0.918044269,13478,0.68358207,1
14566,498.026001,208.2254333,90.5405426,0.900517523,14927,0.56083476,1
13888,481.747986,205.7463226,87.0028,0.906192958,14178,0.5851028,1
11500,442.334015,178.8392792,84.1364975,0.88242203,12070,0.58802474,2
9212,384.596008,155.8399658,76.3069611,0.871919394,9453,0.65964913,2
14469,484.467011,204.249176,90.7200546,0.895945728,14701,0.65872979,1
11944,442.789002,182.6370392,84.1004868,0.887670696,12128,0.5845446,2
13902,479.231995,201.1148834,89.1285934,0.896436334,14202,0.69869828,1
14064,486.890015,204.1630707,88.5214233,0.901114106,14388,0.6483795,1
12040,441.02301,182.7528076,85.1511459,0.884818316,12372,0.74740827,1
12271,443.786987,179.8376923,87.7416916,0.872902989,12510,0.62352639,2
10810,418.204987,173.5480042,80.1040878,0.887105167,11047,0.73522413,2
11725,427.140015,174.7940216,86.7621994,0.868112087,11954,0.63426375,2
12752,462.359985,190.7341766,86.6717606,0.890792012,13112,0.628425,1
14189,483.937012,203.377594,90.0776901,0.896566749,14538,0.71312261,1
11251,431.709015,181.7895813,79.8299408,0.898421705,11408,0.56226885,2
12161,445.048004,182.3347473,86.2727051,0.880978882,12428,0.60280561,1
15486,509.135986,211.1135559,94.8222351,0.893454969,15921,0.68634492,1
12532,449.743012,179.2852631,90.6486206,0.862761497,12874,0.60278982,2
14620,493.944,212.2660522,88.7716751,0.908350587,14931,0.72419262,1
11965,455.817993,196.1618652,78.4288101,0.916595042,12247,0.65944666,1
11081,414.07901,169.0088348,84.3262787,0.866633117,11289,0.78992015,2
10821,425.268005,178.3567963,78.2489243,0.898623168,11101,0.77938634,2
11312,421.54599,168.256012,87.2107544,0.855185688,11622,0.76920986,2
10594,409.821991,164.2878418,84.0559845,0.859200835,10977,0.62790424,2
11458,418.859985,169.0726624,87.5214462,0.855588973,11668,0.75780422,2
10770,405.503998,158.7288208,87.6126328,0.833867788,11097,0.66604823,2
10249,404.088989,165.6824493,80.3842621,0.874419451,10486,0.67144918,2
11733,436.26001,182.8892212,82.626091,0.892128289,11955,0.6866222,1
11451,426.247009,176.1217957,84.3553162,0.877836645,11666,0.60848081,2
12272,439.916992,181.7063751,86.9454346,0.878090739,12495,0.64117032,2
12378,459.976013,191.2494965,83.9984665,0.898384988,12800,0.56551534,2
10040,394.713013,157.8847198,81.7740784,0.855419755,10231,0.62636471,2
10971,407.355988,167.4046631,84.579071,0.862980485,11108,0.73963457,2
12556,437.914002,180.2112122,89.3848801,0.868322134,12735,0.71859443,2
11151,438.261993,191.6008759,74.847435,0.920542479,11325,0.66596991,1
12432,453.040008,190.5436554,84.2504578,0.896937013,12728,0.76575303,2
13006,486.707001,213.1280518,78.4564056,0.929778814,13399,0.62244558,1
14999,498.540985,213.5080261,90.1097412,0.906575441,15295,0.7987113,1
14747,501.765991,213.7421875,88.5816421,0.910080194,15070,0.76441014,1
14022,483.019012,204.4829559,88.5692673,0.901327789,14358,0.70472938,1
10973,419.942993,171.8334351,82.9045563,0.875912249,11239,0.70475274,2
13574,481.157013,206.4676514,84.4244919,0.912579477,13870,0.80961472,1
12213,452.403992,192.3418274,81.4441986,0.905926645,12406,0.64262038,2
12293,445.687012,181.8791656,87.0276794,0.878092051,12524,0.77636731,2
10502,402.834015,162.6251373,83.3145981,0.858800173,10798,0.63919658,2
12128,441.712006,184.3051453,84.9432526,0.88746053,12327,0.62233168,2
11281,424.971008,170.9759674,85.2737808,0.866747499,11543,0.68946338,2
12489,444.007996,175.3297424,92.4818115,0.849571407,12853,0.74423456,2
13050,460.819,187.3963013,89.7934799,0.877725601,13379,0.59599924,2
11016,416.897003,174.6275482,81.1902161,0.885345519,11149,0.5869565,2
13632,485.937012,205.2149506,85.8313522,0.908331513,13905,0.55012107,1
12720,443.454987,183.2023926,89.4965515,0.872557223,12904,0.77655679,2
11226,425.013,180.2342834,79.7939148,0.896658301,11414,0.71307886,2
14226,491.389008,213.7867126,85.3541183,0.91684258,14483,0.66439378,1
10819,409.149994,164.464386,84.9233246,0.856369793,10988,0.71810698,2
14493,506.841003,219.0030823,84.9192963,0.921762943,14804,0.54110664,1
13066,478.002014,207.5167542,80.5156708,0.921661079,13348,0.55780399,1
11136,427.109985,175.6530762,81.9187775,0.884591401,11474,0.57437593,2
14470,489.786011,207.3626556,89.812645,0.901336908,14724,0.61962062,1
13913,493.606995,212.9854736,83.9913483,0.91895926,14218,0.57212764,1
9677,390.617004,160.3530579,77.4015045,0.875788927,9913,0.76582778,2
13954,481.287994,204.7774506,87.5046234,0.904102445,14277,0.58112609,1
10650,407.161011,165.6199951,83.1474915,0.864845693,10851,0.61550021,2
11546,429.523987,175.6586914,84.9068222,0.875420332,11757,0.60631204,2
10574,398.681,157.8083954,86.8595886,0.834893346,10829,0.69355899,2
16412,508.367004,210.5748596,99.9941788,0.880059838,16759,0.73059118,1
13088,450.210998,184.7501984,91.246254,0.869524419,13266,0.79921836,2
12434,437.897003,183.2287292,87.0101547,0.88005501,12605,0.72501457,2
12546,442.06601,184.2648315,87.3049316,0.880631745,12744,0.67889613,2
10696,409.269012,166.3798828,82.3561783,0.868899345,10883,0.61309183,2
15526,514.390991,216.9185791,91.8295822,0.905972481,15936,0.58084548,1
11759,429.338013,169.3289185,89.8024521,0.847783029,12011,0.67048693,2
10566,405.302002,164.9469757,82.9260178,0.864435613,10834,0.60401303,2
12670,462.914002,190.2050934,86.2152329,0.891370654,13047,0.71320009,2
11115,424.730011,177.7854156,80.5449448,0.891487241,11318,0.73463321,2
14897,509.631012,219.6719208,87.5005951,0.917244792,15330,0.71366292,1
13965,478.576996,203.2763519,88.1075058,0.901183844,14135,0.80787921,1
14686,503.690002,212.2586823,89.7836914,0.906133473,15003,0.55214679,1
11095,423.240997,170.1550446,84.6175766,0.867580414,11350,0.77236336,2
10289,406.537994,170.2439728,77.3779755,0.890740454,10522,0.6244083,2
11475,447.480988,185.6542664,80.1808319,0.901929855,11818,0.7589286,2
10365,416.338989,169.5865784,79.6414948,0.882867873,10684,0.5929634,2
10899,421.440002,173.638382,81.1562576,0.884052992,11267,0.69345295,2
10785,437.884003,181.2658081,77.6593018,0.903576076,11209,0.55014282,1
15676,511.665985,215.8137207,93.5656738,0.901130319,16016,0.77928019,1
15915,528.156982,231.5944824,88.571022,0.923980296,16251,0.81302684,1
11607,426.428009,172.1815338,87.2635269,0.86205709,11842,0.64418912,2
14850,498.442993,213.7612762,88.9886704,0.90922761,15071,0.69649643,1
14677,498.798004,209.8741455,90.2724762,0.902768552,15060,0.64784813,1
11201,416.535004,171.0029907,84.2417984,0.870236874,11384,0.7576434,2
14715,497.557007,212.0353241,89.5056305,0.906537175,15094,0.79488981,1
10458,396.09201,161.5518494,83.1700439,0.857298613,10642,0.69557697,2
13884,491.618012,207.6543732,86.3434906,0.909454346,14232,0.54236496,1
11672,430.641998,177.9481506,84.6797867,0.87951684,11849,0.5974611,2
10519,406.756012,169.019043,80.3722839,0.87970376,10684,0.60544491,2
13010,450.561005,186.1474457,90.2601395,0.87457782,13184,0.63336742,2
10427,408.157013,164.5542297,81.857872,0.867491364,10689,0.79510444,2
12404,454.384003,186.0759735,85.9878159,0.886821926,12659,0.57298595,2
13093,470.100006,197.1970215,85.797287,0.900389791,13358,0.5573861,2
14436,485.825989,204.4699554,90.7499237,0.896110952,14864,0.61448091,1
11545,431.115997,174.7368317,85.661438,0.871592462,11911,0.65299773,2
11860,432.058991,174.3138275,88.1549835,0.862694323,12140,0.71086073,2
12487,437.121002,174.2112274,92.4195709,0.847683072,12808,0.69546086,2
11320,423.992004,173.0910645,84.608818,0.872389734,11556,0.5989418,2
14825,499.940002,210.2712097,91.8239059,0.899610758,15274,0.77471781,1
15551,508.407013,217.0155029,92.1518173,0.905365825,15786,0.80742472,1
11014,411.217987,167.1317139,85.0786133,0.860736191,11185,0.69660366,2
10151,420.899994,181.995575,72.0995102,0.918181121,10407,0.5216341,2
15009,507.416992,217.1329956,88.924881,0.912291646,15387,0.59858817,1
12261,457.511993,201.0179291,78.1581268,0.92131722,12431,0.81241715,2
15809,518.455017,221.0706787,92.2322998,0.908811331,16079,0.8148129,1
12666,453.677002,191.3647461,85.1359482,0.895586014,12866,0.67015874,2
12483,451.813995,189.8994293,84.8618469,0.894594967,12686,0.59570509,1
11479,421.075012,171.3476105,85.8091354,0.865568936,11677,0.79909504,2
12347,475.390015,207.0969238,77.0804443,0.928154528,12857,0.52094847,1
11944,434.924011,182.8739624,83.6384354,0.889283895,12090,0.61719722,2
12357,452.983002,189.5781097,84.2850266,0.89573288,12666,0.6466248,2
13789,471.303009,198.523468,88.712883,0.89460218,14025,0.63136446,1
12742,446.811005,180.0201416,91.0481186,0.862670541,12954,0.79108465,2
13054,478.453003,203.219635,83.0808487,0.91261375,13329,0.79987746,2
15607,505.903015,208.0110168,96.8890381,0.884896338,16030,0.72499651,1
13852,490.278992,213.9856873,82.9664841,0.921777308,14158,0.72832429,1
10462,415.773987,169.7720642,80.691597,0.879827201,10789,0.74584728,2
16419,531.421021,224.0659485,94.5411301,0.906626344,16874,0.55041903,1
17135,525.937988,217.7283478,101.1546249,0.885525405,17471,0.59372836,1
12899,468.389008,201.0482788,82.3874054,0.912180245,13132,0.70049959,1
10919,428.701996,182.9326477,77.9017716,0.904794037,11162,0.60904729,2
12358,447.174011,183.4646149,87.7420807,0.87822336,12586,0.58457899,2
12709,456.174011,191.3734131,85.7398376,0.89402169,12934,0.78281492,1
11987,440.783997,180.0477448,86.1413498,0.87812233,12299,0.68795914,2
11509,435.867004,178.4244537,83.8538666,0.882683218,11792,0.58465838,2
14260,501.040985,208.8331757,88.9631576,0.904722631,14737,0.61317509,1
13848,492.910004,207.0145721,86.9844437,0.907438397,14383,0.66879165,1
11717,430.917999,174.6403351,86.0923233,0.870046735,11948,0.65148735,2
11000,413.260986,167.333313,84.7378006,0.862297952,11158,0.79365081,2
13918,489.040008,207.8817444,86.4902268,0.909339488,14263,0.71875644,1
11378,426.614014,179.3922119,81.9714737,0.889497519,11535,0.59680045,2
11340,420.92099,169.6353149,86.1767197,0.861350179,11639,0.63063061,2
10312,398.795013,163.5423126,80.6704483,0.869876504,10507,0.80575091,2
13447,455.64801,183.9575806,94.4581375,0.858102858,13867,0.62590766,2
15144,503.324005,212.1953888,91.7761536,0.901630223,15469,0.62786072,1
15398,513.02301,214.0542603,93.6844864,0.899137139,15936,0.6950438,1
13657,481.618988,207.0131531,84.518692,0.912858129,13872,0.56733966,1
12732,465.490997,192.4536743,85.1826324,0.896712422,13105,0.56997043,1
14236,486.178986,201.7046814,90.6424026,0.893339813,14545,0.65615779,1
13574,488.497009,210.6863098,83.7444687,0.917609036,13856,0.55167651,1
8709,383.527008,164.1938934,67.9328842,0.910397053,8873,0.7679894,2
11639,434.605988,178.8533325,84.3060379,0.881935716,11941,0.69954324,2
10590,412.506988,173.7112427,78.5234222,0.892000616,10743,0.78392184,2
12748,461.888,190.7079926,86.6450653,0.89083159,13158,0.78633112,2
16030,512.853027,210.2474823,97.6312866,0.885644615,16306,0.59779972,1
11540,427.319,174.0828094,85.4178696,0.871343374,11829,0.74518919,2
11814,428.014008,175.5793762,86.3215866,0.870799363,12000,0.7849834,2
11898,420.778992,166.0784607,92.4757767,0.830633283,12133,0.76249677,2
15705,498.963989,208.5411682,96.6372376,0.886151075,16009,0.77364534,1
11825,437.450989,182.3555756,83.6619873,0.888547361,12044,0.73002839,2
11565,428.485992,180.718338,81.8283234,0.891614795,11737,0.76407242,2
14017,491.097992,212.42836,84.6909485,0.917090118,14287,0.76212484,1
11711,447.003998,190.9449158,79.2898712,0.909707367,11904,0.59146464,2
12664,442.851013,178.6540527,91.1191559,0.860155821,12895,0.67910767,2
12093,440.437988,176.480484,88.9602966,0.863656938,12421,0.62225997,2
15977,516.208984,216.757843,94.9293442,0.898998737,16401,0.62750876,1
15256,495.770996,209.6213226,93.4230194,0.895194769,15449,0.57498211,1
11447,419.619995,163.9205322,91.274147,0.830633521,11831,0.73298329,2
12437,462.72699,193.9209137,83.3216476,0.902986825,12841,0.57594705,2
14542,490.145996,208.4299316,89.257576,0.903666079,14747,0.55412871,1
10499,408.729004,165.5593719,82.3582458,0.867490113,10785,0.6613127,2
13567,481.404999,202.0196991,86.4185486,0.903886259,13976,0.75092709,1
14817,502.644012,214.5908508,89.0541229,0.909823716,15275,0.79798579,1
12084,433.505005,171.5226135,91.3299561,0.846451402,12356,0.70174217,2
14294,484.194,205.1284027,89.0013123,0.900970221,14542,0.70445025,1
10941,423.407989,172.8510895,81.4247894,0.88209635,11248,0.62951666,2
11958,444.927002,187.7583618,81.883316,0.899893343,12240,0.72666502,1
11726,450.744995,189.0930786,80.3167496,0.905312002,12061,0.55626184,2
14793,501.303986,211.6011353,90.1125336,0.904788911,15049,0.66452539,1
15032,500.609009,209.9165344,91.9253921,0.899016857,15397,0.71892488,1
12220,436.981995,171.4109192,92.1452255,0.843219638,12653,0.62397873,2
13681,485.412994,205.0064392,86.4876709,0.906652689,14146,0.55989361,1
12569,454.104004,192.0917206,83.9365082,0.899480641,12811,0.5667839,2
11338,420.794006,177.2741852,82.1394577,0.886176944,11481,0.82010847,2
11220,418.549011,172.7580261,83.3267212,0.875988543,11380,0.60661763,2
10386,411.139008,171.5273285,77.8758926,0.89099431,10636,0.59196353,2
12426,451.088989,185.1910248,87.4606781,0.881452441,12779,0.62457901,1
11923,434.420013,182.193573,84.1408462,0.886973083,12086,0.60095763,2
11490,421.166992,167.7101135,88.5562744,0.849224627,11793,0.75542408,2
16386,515.096985,208.953125,100.7425766,0.876099646,16813,0.60756397,1
15213,495.416992,206.2999725,94.5325775,0.888834298,15516,0.70135081,1
12403,451.243988,194.0061951,82.4192505,0.905274093,12596,0.83068782,1
15062,492.065002,198.0274048,99.1106644,0.865742505,15584,0.78415245,2
11902,454.941986,196.4692993,78.0516663,0.917701066,12214,0.70077717,2
12706,463.450989,194.1814575,84.8848572,0.899392545,13011,0.79731429,1
10821,418.002014,176.5582275,79.0877151,0.894062996,10986,0.59040815,2
11828,437.907013,184.9572601,82.3454361,0.895424545,12020,0.61642694,2
15879,517.927002,216.6501312,94.6562042,0.899506152,16484,0.68775988,1
10538,401.342987,166.7662506,81.1702118,0.873552203,10682,0.79352409,2
13426,460.22699,187.6688995,91.7764511,0.872264802,13666,0.6526981,2
11865,426.727997,170.8717041,89.4592209,0.851997316,12085,0.64180237,2
11396,446.282989,192.2324066,76.5264587,0.917344868,11692,0.645154,1
11245,421.548004,174.5754852,82.9138031,0.880015314,11475,0.68192846,2
12468,461.549988,196.8182831,81.5472946,0.910127699,12786,0.67650568,1
10948,408.438995,167.1761169,83.6878891,0.865680397,11132,0.75467014,2
13650,491.023987,210.6749725,83.6909943,0.917709708,14011,0.538589,1
16654,519.036011,217.2497101,98.9995728,0.890136063,16976,0.7633847,1
12544,437.269012,175.6720886,91.5243454,0.853559494,12753,0.78813773,2
12921,449.487,181.0346832,92.0200653,0.86117965,13209,0.62387139,2
16008,521.007019,222.8452301,92.1295242,0.910538733,16315,0.61187983,1
12240,454.312988,190.9279022,83.6492996,0.898916602,12555,0.75789475,1
13183,462.731995,190.4266968,89.3135834,0.883188546,13493,0.68811983,2
13098,458.733002,187.3157654,90.6300812,0.875158787,13423,0.60193014,2
11873,432.333008,175.0971527,87.6857147,0.865572751,12162,0.65093201,2
11929,439.895996,177.0054779,87.9502869,0.867819905,12262,0.59171629,2
11309,427.657989,176.2814636,83.0457001,0.88208133,11508,0.81242818,2
11242,418.645996,172.5299072,83.8486252,0.873961747,11409,0.64888889,2
14283,482.697998,202.3656311,90.6138916,0.894147217,14595,0.63649732,1
17180,547.215027,238.4350891,93.014946,0.920769989,17517,0.57220888,1
9732,395.623993,166.2510529,75.5727768,0.89071089,9887,0.58654773,2
10787,405.898987,167.3852844,82.4420166,0.870296359,10956,0.72173154,2
10842,415.658997,169.4346008,82.6361694,0.873001695,11153,0.73306286,2
10874,426.872986,177.2503357,79.6249466,0.893419623,11211,0.63964707,2
10061,393.382996,160.8769073,80.6093292,0.865411282,10242,0.62005424,2
11995,477.411011,216.4877472,70.7700806,0.945058584,12168,0.66605586,1
12013,443.477997,189.286911,81.2872772,0.903095603,12160,0.56777579,2
14226,492.195007,207.0195618,88.3633423,0.904329181,14465,0.57914019,1
15569,528.789001,221.5768433,90.9823837,0.911809623,16286,0.5656929,1
10007,391.459015,163.9286194,78.1372528,0.879090905,10146,0.80171448,2
10469,402.450989,159.3994904,84.8390045,0.846592605,10746,0.77410531,2
10380,399.177002,164.5905762,80.9595795,0.870660365,10630,0.70641077,2
13256,462.723999,194.1487579,87.7288742,0.892086744,13465,0.64742368,1
11957,441.882996,186.9612122,81.9699936,0.898763776,12137,0.77361542,2
10451,419.696014,174.2336884,78.358902,0.89316231,10722,0.58687109,2
10842,434.27301,179.4348755,79.0073547,0.897844732,11251,0.54578406,2
12473,470.339996,202.4428253,79.0242996,0.920664966,12806,0.52597624,1
11836,456.378998,201.8695984,75.4585724,0.927509904,12084,0.7532137,1
14509,496.06601,211.1375732,88.7232971,0.907424331,14836,0.55829614,1
12796,471.209015,203.9296265,80.3300095,0.919148862,13022,0.68405861,1
15546,518.942993,219.226532,91.3864059,0.908971488,15967,0.55351418,1
15306,524.684998,227.7818604,87.0425262,0.924108148,15837,0.51250631,1
14729,496.938995,209.5204163,90.8871612,0.901015639,15131,0.6120761,1
11274,422.662994,174.3863373,82.8780823,0.879847765,11459,0.74054128,2
12919,474.601013,207.9302063,79.4693298,0.924082816,13187,0.63378137,1
12519,455.406006,192.002182,83.8721466,0.899544477,12770,0.6706847,1
13617,465.002991,189.2554779,92.4489059,0.872570992,13872,0.61612594,2
11359,420.872009,170.8547211,85.4152756,0.866066217,11580,0.61747122,2
11549,425.220001,174.2269745,85.7846527,0.870384336,11805,0.63012874,2
10536,425.367004,182.9502106,73.8676529,0.914865732,10704,0.75042736,2
14253,485.02301,202.3299408,90.5991745,0.894144058,14522,0.62261927,1
15807,513.510986,219.2963257,92.2965698,0.907118201,16078,0.78097826,1
9862,396.862,166.7616577,75.7184906,0.890975118,10064,0.64038962,2
15269,519.765991,222.4195557,88.2818298,0.917855024,15620,0.56574899,1
11397,425.756012,172.8891602,85.7367706,0.868376195,11726,0.75297302,2
11718,439.20401,182.2645874,82.5956039,0.891427577,11967,0.64883721,2
14413,502.049988,211.9916382,88.6477661,0.908370495,14826,0.57608217,1
14467,498.623993,213.5956268,86.9999924,0.913289249,14857,0.74075782,1
15178,514.742004,219.332962,89.0112381,0.913949907,15638,0.78756744,1
15326,505.377991,208.0990753,95.3576813,0.888832569,15684,0.58621478,1
12756,442.975006,177.9863434,92.229248,0.855270624,13028,0.70374048,2
11303,426.51001,171.1013184,85.5796204,0.865927696,11623,0.64847964,2
9468,386.497986,162.4738922,74.9750366,0.887161553,9608,0.75376165,2
12218,442.686005,184.3535004,85.839714,0.884981751,12468,0.64203888,2
11604,433.117004,175.1418152,86.7193146,0.868814528,12006,0.68258822,2
10191,403.218994,168.609024,77.5280533,0.888017476,10352,0.79729307,2
11479,429.174011,176.478302,83.616539,0.880629063,11739,0.61961567,2
12800,448.291992,185.5536804,88.7669449,0.878147721,13000,0.78144079,2
11710,424.490997,173.7900391,86.4989471,0.867337227,11880,0.73279101,2
14652,499.335998,212.5039368,88.7513428,0.908609986,15039,0.76792455,1
11697,424.14801,170.5520935,88.9111481,0.853365123,11939,0.62725228,2
11883,429.131012,171.3342896,89.8245087,0.851555407,12179,0.76363987,2
16934,533.085999,225.3026733,96.4501038,0.903735518,17323,0.75262225,1
11963,432.298004,177.8571167,86.4456253,0.873936713,12162,0.80918562,2
11917,437.303986,179.5764771,85.6493149,0.878929496,12192,0.63935834,2
12491,457.140991,194.8754578,82.4910889,0.905988812,12721,0.77047867,1
14227,490.503998,206.4913177,88.6917191,0.90305835,14529,0.68712872,1
11659,429.083008,171.0142365,87.7889023,0.858183742,12017,0.6308983,2
14572,497.550995,211.0804596,88.7096786,0.907401562,14926,0.62659097,1
12422,482.197998,209.213623,76.8370361,0.930115998,12783,0.49807537,1
12860,469.558991,197.661026,84.1171112,0.904929042,13269,0.56453031,1
14563,496.776001,206.1271515,91.5304413,0.896002769,15116,0.59105486,1
15209,517.687988,221.2523956,89.1751175,0.915179253,15653,0.63529658,1
13710,467.404999,193.8887024,90.8518524,0.883422494,13915,0.72886765,2
10492,405.910004,162.7976532,83.4951935,0.858462036,10888,0.62912995,2
8501,371.024994,153.8962555,71.5119095,0.885480762,8738,0.63984644,2
10925,415.174988,170.6875916,82.2439651,0.876259685,11155,0.60633808,2
12831,446.631012,181.8717804,90.2338715,0.868242502,13061,0.66995615,2
12198,442.42099,183.6641846,85.4979553,0.885041356,12391,0.71383429,2
11502,423.832001,167.8920898,88.3492355,0.850344539,11770,0.62759864,2
14441,495.365997,210.0232849,89.2030182,0.905320466,14805,0.540214,1
13502,473.011993,198.1473846,88.0355911,0.895881295,13778,0.7538805,1
15281,509.516998,212.6968842,92.9938354,0.899358034,15689,0.64022958,1
12249,440.385986,178.5881042,88.6604996,0.868063927,12538,0.77319783,2
12163,435.497986,178.5391541,87.8141022,0.870681167,12443,0.78541911,2
8810,384.747009,164.3539429,68.9015808,0.907881498,8987,0.58756834,2
13637,482.510986,205.1989441,85.4242248,0.90922755,13952,0.55661225,1
10523,429.057007,173.8842621,78.8567886,0.891255498,11003,0.58656633,2
9292,414.118988,183.6397095,64.8710709,0.935528278,9442,0.50107849,2
14263,490.751007,203.7784424,90.2658844,0.89654094,14779,0.73154843,1
14345,491.019012,207.2198334,88.9110642,0.903272986,14650,0.59262168,1
11811,427.751007,170.1020508,89.3546295,0.850916982,12066,0.64540982,2
13062,467.463989,197.8024292,85.3985519,0.901999712,13272,0.62408024,1
16318,537.447022,232.0368195,90.7105026,0.920419753,16592,0.59816718,1
14104,467.800995,189.4949036,95.6470108,0.863267243,14409,0.78969765,2
14839,504.084015,211.3695984,91.347641,0.901792049,15274,0.62638241,1
11656,434.395996,175.5900726,85.7183838,0.872746706,11955,0.59517974,2
10559,411.088013,160.0530243,86.1235275,0.842885017,10889,0.62672126,2
14038,496.612,211.5649872,86.0524902,0.913542807,14389,0.5401724,1
13467,473.300995,203.0819244,84.9975586,0.908199191,13753,0.77396554,1
14680,502.903992,217.1950073,87.0027847,0.916264176,15000,0.58085704,1
10587,399.63501,166.3654327,81.3289719,0.872363687,10723,0.63734877,2
13186,477.334015,201.5967712,84.6699905,0.907525599,13516,0.54183102,1
14654,498.102997,214.6542969,87.3805466,0.913394451,14907,0.80375165,1
15147,510.015991,213.1561737,91.692688,0.902749479,15719,0.588736,1
11180,427.708008,174.7035217,82.881134,0.880303919,11518,0.72194242,2
12126,432.950989,169.8047485,92.4389877,0.838836133,12476,0.75186014,2
13132,480.019012,199.2529297,85.4197159,0.903446913,13594,0.5809077,1
9802,412.368988,176.1655731,71.4828033,0.913975,9991,0.56695008,2
10250,407.289002,165.7218933,79.9631424,0.875888228,10512,0.72233969,2
9746,382.737,154.0960846,81.2033386,0.849886596,9935,0.66753423,2
15710,517.070007,214.7502136,95.2473602,0.896261394,16259,0.60759592,1
11642,427.955994,171.078949,87.5686722,0.859068215,11946,0.73636937,2
10286,418.289002,175.1485901,75.8538132,0.901354194,10548,0.64159179,2
11016,404.354004,166.7065887,84.5053482,0.861998618,11146,0.76330376,2
10950,412.334015,166.3060608,85.298172,0.858449101,11172,0.77604538,2
13518,451.162994,185.5575867,93.2959061,0.86441046,13741,0.78183919,2
13078,452.990997,183.9789734,91.6900101,0.866963208,13385,0.73274314,2
12512,454.51001,186.9508362,86.5754166,0.886310279,12817,0.57132423,2
9723,388.617004,158.3608246,79.3425827,0.865433335,9949,0.62519288,2
14874,487.503998,204.9133911,92.8892059,0.89135313,15065,0.61447573,1
13204,473.81601,203.7746582,83.1099014,0.913048029,13430,0.59306502,1
14013,458.911011,181.9514923,99.4437637,0.83743304,14323,0.79438776,1
13399,490.559998,209.3659515,82.7670212,0.918542504,13654,0.51709634,1
13045,446.006012,174.6897736,96.4560165,0.833740771,13351,0.63279164,2
11031,414.440002,170.6846619,83.0967102,0.873489261,11200,0.60556656,2
11080,429.417999,175.2158813,82.177803,0.883193433,11277,0.56954867,2
10943,412.061005,169.8902588,82.8292999,0.87309736,11132,0.74139565,2
14687,498.390991,210.5804443,90.2958832,0.903401732,14977,0.56610394,1
13639,482.415008,200.7362213,87.7331009,0.89943397,14042,0.73029554,1
15578,509.598999,216.9094849,92.6186523,0.904255331,15864,0.80882657,1
12867,449.079987,181.7005615,91.3410644,0.864460349,13152,0.64906174,2
12832,464.526001,196.6111755,83.9868851,0.904170156,13148,0.56290579,1
8850,381.43399,159.2512054,71.7609482,0.892718494,9063,0.57251906,2
11771,441.859985,186.9977722,81.2696152,0.900622606,12109,0.61926556,1
11957,437.446991,176.082489,87.908638,0.866459787,12314,0.60443836,2
11584,431.358002,170.829422,87.8700943,0.857566357,11897,0.61355931,2
15191,501.891998,211.7231903,92.7857056,0.898857653,15492,0.56837654,1
11136,417.766998,170.422348,84.6059189,0.868066132,11384,0.78461212,2
14136,488.967987,203.3906555,89.7869873,0.897285402,14475,0.59205896,1
11764,428.561005,171.5862732,88.725502,0.855931163,12125,0.6880337,2
9772,394.983002,155.2926483,82.3169403,0.847949982,10154,0.69128466,2
11248,420.290008,171.2231293,84.8422165,0.868604064,11521,0.71565819,2
16588,531.39502,221.885498,96.6525726,0.900142014,16854,0.57898778,1
14092,499.416992,210.9630127,86.79673,0.911440909,14618,0.77292675,1
13039,476.697998,198.8969269,85.5302734,0.902817905,13383,0.55179858,1
13576,475.049988,200.9994202,86.548996,0.902546108,13888,0.58328676,1
12574,466.519989,197.8632355,81.8879929,0.910339832,12902,0.66178948,2
12711,458.733002,188.3154297,86.8600693,0.887271404,13092,0.57829845,2
15241,511.061005,215.3691711,91.2743454,0.905753851,15604,0.54323494,1
14316,488.985992,204.4242706,90.1491013,0.897511899,14731,0.56417733,1
12192,428.592987,172.949585,90.531189,0.852053821,12383,0.74052477,2
12121,439.842011,183.4670258,84.7644043,0.886872411,12389,0.64873689,2
14330,493.184998,209.7673187,87.8989487,0.907972038,14701,0.61959529,1
10958,422.880005,172.1343231,82.2372436,0.878495634,11351,0.64198256,2
14489,496.38501,210.0363922,88.5315628,0.906825662,14843,0.6153487,1
11440,425.752014,170.70784,87.1285553,0.859939635,11816,0.61215752,2
15164,501.652008,212.1584015,92.446846,0.900070429,15461,0.70106334,1
15480,494.276001,201.7870026,98.6182022,0.872438312,15760,0.66238767,1
13924,498.562012,212.0615692,84.9107513,0.916337788,14444,0.54749924,1
16079,522.758972,223.4059143,92.6432495,0.909964681,16392,0.64172256,1
12735,440.733002,175.2460785,94.1006699,0.843605757,13037,0.79968602,2
11573,427.281006,176.7890625,84.6452866,0.877928078,11828,0.60683763,2
12752,455.35199,191.7622375,85.6801758,0.894631803,12938,0.57240325,2
11530,425.391998,177.015213,83.926918,0.880458772,11686,0.80810207,2
14186,484.059998,201.1923065,91.2587738,0.891210616,14560,0.7665208,2
13149,463.311005,189.8730927,89.2320328,0.882689774,13421,0.78717673,2
15830,516.231995,220.8192444,92.3439865,0.908360422,16074,0.70143568,1
14477,499.470001,217.1054688,85.7921677,0.918610811,14726,0.57551181,1
9441,384.339996,164.2263794,73.3751678,0.894637465,9566,0.7245031,2
11046,423.497986,183.4550018,76.9734192,0.90771997,11198,0.8227933,2
13450,465.39801,193.3749695,89.506897,0.886427701,13661,0.61578608,1
11883,438.218994,178.8616791,86.5658951,0.875077784,12204,0.67128009,2
13468,470.763,194.4734955,89.741066,0.887162805,14022,0.69183749,1
12557,443.218994,175.5974884,92.3385696,0.850575089,12860,0.62286705,1
11319,414.014008,164.7808075,88.5093308,0.843497097,11563,0.74668515,2
10386,403.29599,166.7865601,80.2982636,0.876477242,10554,0.64445269,2
13142,464.651001,194.7449951,86.5872955,0.895719886,13406,0.66133255,1
11997,429.660004,170.9993896,90.5536194,0.848275483,12253,0.7463606,2
11141,431.924988,181.2401123,79.1157837,0.899692297,11372,0.79064649,1
11337,427.953003,174.9444427,83.9239807,0.87742275,11617,0.59533685,2
13929,487.981995,202.9543915,87.9709854,0.901176631,14266,0.65532816,1
16182,509.921997,211.1650238,98.313324,0.885008037,16522,0.74812758,1
11926,435.753998,173.2695923,89.6329117,0.855802178,12308,0.75318932,2
12092,449.188995,192.5794983,80.4222794,0.908628404,12298,0.58392894,1
10973,419.263,169.8407745,83.4960327,0.870813489,11285,0.77767539,2
13719,487.147003,208.8647766,84.3004303,0.914930046,14111,0.60441446,1
10409,391.57901,159.8153229,83.1529007,0.853979766,10549,0.6532982,2
10138,414.009003,171.6197357,77.1593857,0.893232465,10425,0.566432,2
12734,466.306,198.7256775,82.2880859,0.910241067,13021,0.63495386,2
12192,442.529999,179.9447937,87.3931732,0.874144137,12483,0.62542319,2
12344,442.701996,179.7357788,88.929924,0.869017482,12609,0.71897024,2
11992,431.157013,173.3000031,89.5851364,0.85602361,12274,0.77019912,2
12356,427.89801,173.0211639,91.6718368,0.848103762,12524,0.79870719,2
15301,515.526978,220.2921295,89.4664459,0.913816929,15690,0.53766954,1
13787,476.895996,201.3383179,88.1644821,0.899027467,14045,0.57599431,1
11114,413.07901,170.099411,84.0069885,0.869535744,11293,0.76039958,2
11732,433.864014,173.9580841,86.9746552,0.866039932,12054,0.62960178,2
9577,404.544006,166.9007568,74.3509598,0.895291865,9855,0.61226183,2
14385,496.977997,214.2695465,86.0332413,0.915850818,14604,0.77626681,1
12489,442.869995,176.243042,91.7819061,0.853697658,12812,0.62100345,2
11180,415.410004,169.4637146,85.4535217,0.863552749,11359,0.77882272,2
11433,426.924988,175.868515,84.198082,0.877948105,11719,0.60752434,2
12650,438.144989,175.8398285,92.5699387,0.850209355,12871,0.79434854,2
13568,482.457001,201.8804779,87.0738525,0.902201951,14068,0.63580132,1
12892,473.527008,199.9391937,83.235527,0.909225404,13193,0.56454718,1
13103,456.786011,184.1746674,91.9673462,0.866401196,13401,0.76162523,2
11069,419.638,170.600174,83.6084671,0.871675014,11333,0.65930074,2
15056,499.17099,202.8936005,96.1397629,0.880609214,15517,0.70355141,1
16898,526.94397,217.8717957,100.3450317,0.887623787,17274,0.62446415,1
10731,414.174988,170.2100983,81.1989441,0.878875494,10922,0.59320068,2
15809,521.497009,224.5216522,90.6051178,0.914958775,16150,0.56460714,1
13946,482.140015,203.2573242,88.2782898,0.900759697,14233,0.57151055,1
12324,465.669006,198.5217133,80.2165146,0.914728403,12557,0.64167446,2
12330,433.069,173.9345551,91.4620514,0.850582421,12550,0.68423974,2
11029,415.048004,176.2147675,80.0140533,0.890965402,11182,0.63058889,2
11230,422.717987,172.9000397,83.8480225,0.874541402,11462,0.60660076,2
11398,431.73999,179.4673462,81.8426437,0.889963984,11627,0.59401709,2
11912,430.371002,177.4822083,86.5856781,0.872924387,12119,0.72237718,2
11278,422.186005,170.4181671,86.0462799,0.863170445,11642,0.6246469,2
12068,450.145996,187.2999268,83.1462555,0.896066248,12426,0.65007544,1
13735,484.770996,204.8106384,86.7587204,0.905847192,13960,0.55369669,1
12387,444.225006,178.09758,90.5817718,0.860998511,12753,0.64328003,2
14988,491.707001,205.0606689,94.8570404,0.886577368,15270,0.58201307,1
13460,451.048004,181.4749908,95.3515778,0.850839674,13697,0.72599786,2
11485,419.404999,175.8681183,83.6999817,0.879486024,11610,0.79984677,2
12759,455.315002,188.1911774,87.0829086,0.886495948,13082,0.67507935,2
11870,432.298004,177.3648224,86.7665863,0.872172534,12143,0.77082926,2
11075,412.238007,165.4339447,86.4181061,0.852717519,11354,0.63213468,2
13167,466.664002,197.125061,86.2164078,0.899282098,13448,0.58099103,1
15007,506.579987,217.2674713,88.5501556,0.913177133,15314,0.73737222,1
13726,484.247009,209.703064,83.8844147,0.916508496,13969,0.55559605,1
14324,487.252991,195.9451447,94.8413544,0.875056982,14822,0.75740272,1
11644,444.631012,186.58461,80.9086609,0.901091099,11850,0.60696411,2
11679,439.186005,181.4267731,83.5256576,0.887720823,11949,0.56749272,2
14930,499.924988,212.2458191,90.0174789,0.905606449,15248,0.62437272,1
10634,409.506012,167.4369659,81.8129578,0.872497022,10809,0.6837706,2
15308,513.98999,219.4679108,90.0239334,0.911999285,15720,0.76326287,1
13072,484.787994,206.8869324,81.9267197,0.918251574,13593,0.7041586,1
9972,397.638,165.3995819,77.7096176,0.882757127,10230,0.79521531,2
13429,491.377014,208.908783,83.8421173,0.91593194,13837,0.53306603,1
11742,428.033997,171.2318878,88.0233994,0.857754469,11951,0.63044298,2
14561,487.651001,202.9112091,92.1622391,0.890899837,14862,0.7003848,2
12593,432.183991,171.4846954,93.9250259,0.836663902,12785,0.66376764,2
13494,479.446014,203.0273438,85.7512665,0.906426728,13842,0.77294076,1
11611,431.27301,178.5139465,84.1125183,0.88203615,11775,0.69191349,2
12643,449.342011,184.7780762,87.9887085,0.879344642,12903,0.77204448,2
12675,453.35199,191.3368225,85.1299972,0.895569205,12856,0.5718475,2
12780,437.028992,175.1168213,93.6605835,0.844949365,12940,0.70631146,2
15517,481.377991,194.6375122,102.0583878,0.85150218,15718,0.65011734,1
15790,516.47998,218.4259033,92.935936,0.904967666,16197,0.75015438,1
14159,489.436005,209.1313171,87.1146545,0.909110606,14410,0.5479489,1
11780,444.992004,190.9602814,78.851738,0.910766304,11956,0.78070116,2
12758,456.638,190.3683167,86.1626434,0.891708493,13177,0.70334637,1
11932,436.759003,178.3165588,86.7889404,0.873562098,12152,0.59989947,2
12158,447.377014,184.0953064,84.9130554,0.887272775,12467,0.63158441,1
11191,431.057007,184.311676,78.078064,0.905840099,11358,0.78588486,2
15238,496.871002,208.5317841,93.8283997,0.893054903,15487,0.73231447,1
16413,510.109985,210.5551147,100.1218948,0.879708171,16665,0.59989035,1
9070,375.093994,156.9848938,74.2294235,0.881145954,9233,0.73739839,2
10851,408.929993,168.0082245,83.328949,0.868333161,11007,0.61555481,2
12266,438.822998,178.8424377,88.8010712,0.86801815,12554,0.76999372,2
14530,487.096985,201.8062286,93.0589523,0.887332499,14926,0.68712759,1
13385,477.929993,199.8426819,87.0465088,0.900152385,13656,0.56591409,1
11923,432.334015,174.236618,88.1315994,0.862641633,12187,0.62450242,2
11953,443.518005,183.4257355,84.5471726,0.887434363,12283,0.57071239,2
14889,499.205994,210.3841553,91.7117844,0.89998281,15221,0.60462946,1
12267,454.024994,190.6735992,83.0182877,0.900239646,12673,0.65166807,1
17079,520.450012,216.1599884,101.7624969,0.882253826,17418,0.79437208,1
9622,403.773987,170.7179871,72.9254074,0.904171884,9897,0.70290011,2
10293,413.286987,171.6389465,77.0509644,0.89357543,10560,0.5893839,2
14331,502.029999,212.5814514,87.3581009,0.911662638,14618,0.54275864,1
12181,430.949005,177.6576233,87.4951477,0.870316386,12353,0.75658387,2
11322,415.485992,165.3483429,88.3961868,0.845101535,11545,0.65068966,2
10662,415.269989,172.5750275,79.8096695,0.886638284,10945,0.72501022,2
14470,486.26001,208.3336639,89.3439636,0.903375566,14657,0.57653993,1
13970,481.884003,201.47258,89.4972153,0.895920038,14310,0.56788617,1
15004,506.944,218.6036224,88.0903702,0.915213883,15277,0.7148847,1
14806,509.376007,214.1424255,89.6917038,0.908059418,15594,0.70879412,1
14418,480.322998,199.1184387,93.311203,0.88339901,14780,0.75852275,1
10900,417.596985,172.6920624,81.0011749,0.883171737,11091,0.58539206,2
15360,515.297974,220.9217529,89.9554901,0.913346767,15662,0.64160401,1
12059,431.645996,171.6719971,90.9151306,0.848256111,12359,0.69955909,2
12326,441.584992,179.0663757,89.27005,0.866872132,12673,0.76516235,2
11983,432.438995,172.424942,89.339035,0.855300128,12238,0.7008422,2
13414,459.283997,191.0631714,90.2098389,0.881520033,13611,0.76315641,2
10191,419.57901,174.7342377,75.534668,0.901737928,10470,0.62733149,2
12507,458.649994,184.417038,88.100647,0.878509343,12877,0.57726389,2
12470,455.897003,192.4611511,83.3955307,0.901244462,12704,0.58129776,1
13340,471.639008,197.4100647,87.4258041,0.896588802,13712,0.76561064,1
11961,445.053009,182.4438934,85.0897903,0.884579837,12370,0.61225432,2
12992,458.894012,183.4208221,92.0514374,0.864949286,13372,0.77591974,2
14017,471.813995,194.6434479,92.3601303,0.880250454,14314,0.70878846,1
10355,402.667999,159.8914185,83.4741821,0.852903903,10621,0.63605648,2
13964,480.026001,199.8231354,90.0654678,0.892662406,14298,0.65774846,1
12768,450.600006,188.6433563,86.66716,0.88821739,12961,0.79819953,2
14518,491.221985,203.7610626,92.3428955,0.891412914,14877,0.74131942,1
12500,444.845001,182.4797974,88.2819748,0.87518388,12734,0.66902161,2
12735,441.380005,174.7375183,94.1065979,0.842587352,13066,0.69742608,2
14641,505.002014,211.5836487,90.033432,0.904948235,15034,0.62955797,1
11815,430.106995,177.7969208,85.6785507,0.87623173,11993,0.7061742,2
11149,416.890991,167.2921295,86.6996155,0.85522747,11323,0.69089669,2
11421,441.161011,189.5218506,77.2566223,0.91314286,11610,0.55179244,1
12213,442.272003,183.6993103,85.819931,0.884164274,12474,0.79537612,2
13848,475.589996,196.2255554,90.7470245,0.886638701,14260,0.58638209,1
12286,444.886993,183.2887115,86.7310562,0.880958438,12583,0.68187368,1
9751,412.597992,175.4506378,71.4427567,0.913340867,10034,0.71435898,2
10910,413.095001,165.8804321,85.0866318,0.858424723,11243,0.70770627,2
12263,444.95401,180.2208557,87.5452881,0.874088526,12478,0.6045056,2
13858,475.368988,201.4420319,87.9232483,0.899719179,14083,0.7785393,1
10727,420.36499,174.3845215,79.6027527,0.889734507,11009,0.67060512,2
15375,515.422974,215.9992981,91.6169357,0.905590177,15780,0.59759796,1
11592,428.427002,177.6215057,83.7383499,0.881896734,11764,0.75272727,2
11304,419.181,171.3791199,84.6748123,0.869417012,11504,0.72091836,2
14817,502.583008,211.5290222,90.3851929,0.904112518,15113,0.56802762,1
14106,485.579987,199.9210663,91.5904159,0.88888371,14515,0.57622552,1
11063,418.774994,171.6537781,83.6595535,0.873193443,11318,0.80341321,2
11422,421.065002,169.5421906,87.0321198,0.858187675,11669,0.61181641,2
12301,440.006988,175.4166718,90.5779953,0.856372178,12591,0.66962439,2
14838,500.161987,211.9825439,90.9465714,0.903290927,15165,0.78641087,1
11740,440.563995,181.2036896,83.4551849,0.887628555,12030,0.57900965,2
14974,498.625,210.9239502,90.9039993,0.902361512,15212,0.64090055,1
13266,466.0,198.0613861,86.0934753,0.900584579,13514,0.65433562,1
15307,489.471008,197.202652,100.132988,0.861494482,15628,0.67910379,1
13631,473.546997,193.4940186,91.5090637,0.881100178,14141,0.58028948,1
14658,477.117004,189.5666351,99.9977798,0.849550545,15048,0.64950371,2
11810,444.35199,187.8073883,80.4689102,0.903558373,11977,0.57307839,2
11758,436.382996,177.3486023,85.9665756,0.874662638,12190,0.76355606,2
11488,416.377991,170.4048004,86.1388855,0.862829149,11663,0.75321269,2
9963,410.084015,171.168457,75.2314835,0.898234189,10251,0.71929824,2
14549,485.493988,199.7572784,93.6482773,0.883298874,14846,0.61923814,1
10803,409.125,169.4149323,81.788971,0.875745475,10968,0.74354738,2
11491,440.468994,183.9953308,80.8708725,0.89822948,11819,0.6649884,1
12900,461.835998,195.3451385,84.5719757,0.901424587,13160,0.59179741,2
10792,416.628998,171.3818054,81.6525803,0.879208803,11037,0.59368467,2
10705,414.334992,169.6468964,81.6556778,0.876540959,10882,0.77348268,2
10698,416.798004,171.6469727,81.1396179,0.881216884,10909,0.58780217,2
12347,438.806,181.8926849,86.8776627,0.878560305,12529,0.80657172,1
12583,451.819,180.2173309,90.5642166,0.864561021,12901,0.60784501,2
10208,394.529999,161.6672363,81.4167023,0.863933027,10361,0.66096866,2
12919,475.26001,201.8156586,83.2062683,0.91105336,13256,0.76516229,1
13010,463.419006,194.7675629,86.1157684,0.896942914,13349,0.77694833,2
14878,506.020996,212.1815796,90.438652,0.904613733,15237,0.57577401,1
10497,417.506012,169.2402039,80.1222916,0.880834937,10753,0.58161569,2
15404,509.516998,217.2975769,91.3975372,0.907241523,15696,0.63370085,1
16799,524.247009,218.3425598,99.1631775,0.890918493,17283,0.6237098,1
12975,458.546997,189.8183441,87.6550293,0.886992514,13254,0.70901638,1
11437,430.612,184.1344604,79.2405396,0.902666569,11587,0.68793982,2
15833,530.335022,225.2233887,91.5110626,0.913734198,16337,0.58640742,1
17250,528.098999,220.7989349,101.2491608,0.888664365,17570,0.83966124,1
15806,513.844971,221.1923828,91.629509,0.910161972,16043,0.57486814,1
12289,451.575989,189.7253723,83.0778274,0.899031162,12649,0.68822807,2
13387,464.643005,192.3996124,90.3141174,0.882980824,13746,0.75351798,1
12142,443.515015,177.744751,88.1975098,0.868206441,12459,0.61562645,2
12638,450.403015,185.5312195,87.9222794,0.880581498,12864,0.63215285,2
11682,437.040008,176.2309875,86.3224945,0.871820271,11969,0.58119404,2
13269,491.893005,212.574707,81.0641098,0.924433172,13728,0.65095174,1
12328,444.705994,183.8281403,86.6196594,0.882026851,12659,0.62540585,2
14957,505.117004,213.0456238,90.7089691,0.904830217,15347,0.65411526,1
13308,464.132996,196.2423096,87.2608948,0.895699978,13486,0.59752154,2
13808,466.778015,190.8078308,93.2265472,0.872514248,14023,0.62369573,2
12390,454.490997,195.7344666,81.3621521,0.909512699,12550,0.59837729,2
10786,408.024994,165.1299286,84.9322433,0.857588828,11022,0.78758669,2
14676,481.631012,202.4020691,92.9472351,0.888322175,14936,0.65053189,1
13988,491.489014,208.3646393,86.7849655,0.909133315,14427,0.61310542,1
12181,456.937988,194.8551636,80.2848663,0.911173344,12489,0.58489388,1
11237,429.529999,179.3839264,80.4943466,0.893669069,11430,0.59042662,2
14101,464.966003,186.4838409,97.5332108,0.852325559,14346,0.67897725,2
13619,467.765991,193.6809387,90.4734802,0.884190559,13926,0.58667183,2
14732,497.694,207.4682007,91.2944717,0.897977769,15000,0.5803656,1
13211,476.658997,204.8645325,82.8851166,0.914500415,13608,0.71088034,1
10192,404.182007,171.1325531,76.4744492,0.89459759,10346,0.61059189,2
14794,501.569,213.4909973,89.1942444,0.908543944,15202,0.68062198,1
11268,429.307007,171.264328,85.810791,0.865422368,11576,0.60865337,2
15167,514.231018,220.546524,88.9976196,0.914965451,15456,0.6280331,1
14352,484.084015,203.4968567,91.2685318,0.893782377,14656,0.56805855,1
9592,385.778015,157.7679596,78.3910904,0.867821634,9760,0.78842676,2
15077,504.636993,212.9424591,91.2126694,0.903615654,15404,0.78648931,1
12274,441.852997,179.8539124,87.7601395,0.872870266,12587,0.61597914,2
10246,419.950012,178.9237061,74.2416229,0.909851253,10525,0.77786213,2
14523,491.937012,205.1251221,91.1420822,0.895865977,14849,0.61000502,1
9834,401.005005,164.2058868,77.1950684,0.882607043,10076,0.697249,2
12625,448.337006,182.101944,89.7099457,0.870235562,12833,0.60987389,2
11639,432.386993,178.6948547,83.9545136,0.882761955,11940,0.59358424,2
10806,408.675995,163.7159424,85.6324844,0.852298796,11069,0.6114412,2
10499,403.278015,162.4573364,83.7551193,0.856858611,10749,0.74492693,2
13241,458.010986,184.9142303,93.2013092,0.863689363,13560,0.77810425,2
12299,437.131988,175.0046234,91.0609589,0.853962481,12551,0.62342864,2
10533,411.013,168.5183258,80.8294449,0.877461135,10834,0.63697386,2
11097,422.368012,172.1637115,83.6270294,0.874102652,11393,0.61241722,2
14318,477.493988,195.0235596,94.5947266,0.874490559,14585,0.76086724,1
13057,460.167999,187.128479,90.3127747,0.875827432,13385,0.75079066,1
14456,497.988007,210.5318909,88.8842926,0.90650773,14865,0.67804879,1
12085,431.208008,168.8847504,92.5495682,0.836475551,12279,0.70257544,2
10559,424.846985,179.2077332,76.3880157,0.904603541,10770,0.6703276,2
14771,471.910004,193.905426,98.0341721,0.862781346,14976,0.61481792,2
10891,406.571014,159.8688202,87.5732117,0.836621344,11103,0.67595583,2
11693,424.503998,176.0240631,84.9913177,0.875709057,11842,0.60673517,2
14431,497.062988,212.0456696,87.8514175,0.910138488,14805,0.6486426,1
12263,438.138,175.740448,90.1871643,0.858278692,12634,0.71831071,2
13314,457.697998,182.6723175,94.0626831,0.857234776,13562,0.61451119,2
10349,408.075989,169.3677216,79.0040665,0.884539783,10608,0.6573298,2
11816,453.98999,191.0656281,79.9344788,0.908280671,12079,0.7677713,2
13058,451.313995,181.8736725,92.2059402,0.86195904,13310,0.62809044,2
12366,451.860992,180.86586,89.1407852,0.870111048,12620,0.58662242,2
12676,431.769989,172.6096497,94.4738846,0.83691895,12872,0.73102653,2
14013,478.277008,194.7825623,92.950325,0.878794491,14374,0.60400862,1
12848,455.644989,184.6360474,90.0109787,0.873120248,13227,0.69015902,2
10584,437.048004,188.4414215,72.5480881,0.922920704,10936,0.55805123,2
11923,437.938995,184.9996643,83.1160736,0.893392563,12093,0.76234013,2
16019,509.013,214.7909393,96.1242065,0.894271672,16248,0.65759444,1
11941,452.60199,196.0300446,78.6872406,0.915901124,12131,0.65133911,1
12237,438.156006,178.0589294,88.2873612,0.868418336,12489,0.63083822,2
10665,422.399994,176.8419342,77.7522736,0.898158908,10884,0.62987244,2
12190,445.894989,185.7569427,84.649025,0.890134573,12386,0.71621621,2
9028,390.441986,165.4956818,69.939743,0.906312704,9260,0.77228403,2
13455,468.862,196.684906,87.9844513,0.89436543,13730,0.65493578,1
12558,439.776001,173.4427643,93.39814,0.842628419,12804,0.6388889,2
13523,468.166992,195.401535,88.6539993,0.891153634,13811,0.66793442,1
10921,425.011993,175.6383209,80.6068802,0.888468921,11271,0.77044094,2
12004,449.035004,186.6485291,83.413269,0.894583821,12417,0.75811547,1
11449,411.299988,156.9254913,94.257431,0.799511433,11696,0.72425354,2
15223,514.906982,220.3685608,89.4363785,0.913940132,15492,0.55028194,1
12193,436.285004,182.6272888,85.2556076,0.884347916,12336,0.68308121,2
8679,380.601013,158.23526,70.7879944,0.894354403,8889,0.71804416,2
11130,413.408997,168.7458801,85.2847977,0.862882972,11320,0.78880227,2
13662,466.747986,191.4051208,91.9151535,0.877152145,13875,0.58746129,1
10366,403.459992,162.3561707,83.0684814,0.859197855,10680,0.70752847,2
12574,444.631012,174.560257,93.2424011,0.845385969,12964,0.65472531,2
14522,499.825012,217.6743622,85.6878891,0.919259667,14719,0.53194141,1
14577,489.907989,204.8460236,91.2334747,0.895343661,14870,0.78139907,1
12714,454.545013,185.1232758,88.6965866,0.87774843,12939,0.62268585,2
12539,437.425995,174.9005737,92.7246323,0.847899973,12835,0.78737831,2
10832,420.076996,167.8293915,84.0523987,0.865551174,11207,0.59729803,2
13782,471.131012,194.4383392,90.9784622,0.883779347,14000,0.59662336,1
14277,492.031006,213.2996216,85.5183716,0.91610837,14481,0.54252166,1
12278,453.692993,184.0501556,86.6600876,0.882213056,12601,0.62983483,2
11708,433.665008,184.3030853,81.251915,0.897575736,11888,0.61170322,2
11674,425.071991,175.7572327,85.5061569,0.873679757,11865,0.6440472,2
12945,454.678009,185.9101715,89.5959702,0.876208901,13220,0.6526013,2
13084,473.766998,195.8382416,86.3799286,0.897468805,13453,0.58804494,1
13970,494.628998,210.5275574,85.4340439,0.913957775,14308,0.55054188,1
14186,490.713989,198.1422119,92.5350494,0.884250283,14721,0.59368068,2
13811,485.690002,209.2727661,85.2002945,0.913372159,14083,0.69061905,1
12655,459.904999,192.9947968,84.9026947,0.898035884,12959,0.64533401,1
13806,490.51001,209.7208405,85.1312408,0.91390574,14284,0.79587251,1
11363,416.049988,168.4384766,86.9082336,0.856610119,11594,0.63026238,2
11417,419.274994,170.1563721,86.5034714,0.861135006,11584,0.63143629,2
12172,433.597992,174.299408,90.6949463,0.853959203,12401,0.6384474,2
12417,455.083008,187.2952118,85.6113739,0.889418781,12851,0.65876174,1
13443,469.45401,196.6380157,87.9791489,0.894325554,13686,0.57226169,2
11852,446.076996,192.0542755,79.0991898,0.91124779,12029,0.71699941,1
12892,482.630005,204.5977631,82.3520126,0.915416956,13376,0.65124267,1
12381,434.158997,173.1007385,91.9629135,0.847203732,12643,0.74315727,2
16480,525.153992,220.3081207,96.4774399,0.899013698,16842,0.57626408,1
12422,444.084992,183.1343842,86.9521637,0.880093813,12658,0.62340659,2
16376,531.000977,227.9448547,92.6685181,0.913633347,16667,0.74176747,1
15050,502.591003,206.3865814,93.8085022,0.890732408,15464,0.59121621,1
12744,467.924988,200.6121674,81.7065048,0.913300693,13047,0.71450996,1
13782,457.492004,180.9152832,97.973877,0.84067136,14147,0.65525603,2
11415,424.963013,172.6956177,85.289238,0.869535565,11735,0.69131541,2
15752,519.888977,216.7020416,94.2191315,0.900533557,16426,0.60122138,1
12213,459.166992,195.5865479,80.6401062,0.911048651,12571,0.5434038,1
13085,446.307007,179.1730499,94.1909561,0.850671113,13319,0.79457128,2
10074,397.39801,166.9896088,77.1510086,0.886874259,10249,0.70398325,2
11577,431.156006,178.8362579,83.4061585,0.884582996,11810,0.75607365,1
12759,463.640991,200.9574585,81.2090836,0.914710045,12993,0.77893776,1
12340,456.397003,189.2250671,84.4908752,0.894778669,12624,0.63614804,2
10286,401.789002,159.0746613,83.5986252,0.850774586,10524,0.77014077,2
12962,456.713989,185.9990997,90.167572,0.874639332,13224,0.60837322,2
11693,446.484009,185.6515961,81.7223053,0.8979038,12064,0.57279319,2
13337,468.621002,196.7711945,87.3104096,0.896167755,13598,0.69441843,1
16024,527.421021,226.2627716,91.6011124,0.914385796,16355,0.53568685,1
13415,470.355011,197.0299377,87.652626,0.895595372,13629,0.58224827,1
12859,462.872009,193.3418427,85.908989,0.89585954,13279,0.70891452,1
12971,458.035004,192.3374634,86.7547226,0.892496288,13248,0.77745146,1
14362,504.576996,211.2930603,88.2658615,0.908565998,14724,0.54186004,1
13397,474.86499,200.5462646,86.3967362,0.902444065,13762,0.6940372,1
13893,474.134003,200.7359161,89.1699676,0.895920038,14123,0.56933856,1
11559,435.184998,178.782074,83.5454712,0.88409704,11796,0.66637844,2
12384,460.135986,190.8703766,85.0912018,0.895129502,12811,0.60483515,1
12311,450.334992,194.4467468,81.3193436,0.908350885,12441,0.55655515,2
10862,412.425995,167.3869476,83.531601,0.86658299,11050,0.67215347,2
15135,506.434998,208.7226563,93.8193054,0.893284023,15656,0.57451415,1
13484,468.868988,195.4233856,88.7838898,0.890840828,13786,0.72401202,1
10838,412.490997,165.197464,84.8557892,0.857992172,11167,0.71831918,2
15258,505.162994,214.0193329,91.6124954,0.903751671,15497,0.57412702,1
13237,478.010986,199.6892395,85.2776337,0.904227197,13627,0.55852318,1
14436,486.989014,204.4976959,90.8643646,0.895863414,14709,0.64185673,1
12708,437.45401,174.3581238,93.8477478,0.842787087,12893,0.64344305,2
13391,486.122009,213.1120758,80.9944382,0.924963653,13661,0.52024084,1
15094,513.924011,224.7196503,86.4365616,0.923065901,15292,0.79417026,1
13002,465.179993,191.2966461,87.9218979,0.888120711,13345,0.73574012,2
11337,417.270996,174.4631958,83.5051575,0.878010929,11477,0.8180834,2
12583,434.002991,171.657074,94.4652252,0.834958017,12897,0.74328077,2
12022,431.230988,176.2504883,87.9513779,0.866594195,12205,0.78534102,2
13269,470.63501,197.3840942,86.4286499,0.899038136,13626,0.56632525,1
16618,513.752991,213.2171326,99.8923416,0.883463204,16892,0.63641238,1
16608,516.09198,207.6713715,103.3508759,0.867369056,17111,0.69676119,1
10854,415.279999,170.1440277,82.005394,0.876184225,11071,0.62372142,2
13215,479.609985,207.8880005,81.6760635,0.919587672,13462,0.53667152,1
10784,424.144012,176.9599609,78.4612808,0.896331608,11091,0.63690054,2
13066,458.261993,186.3458557,90.9014587,0.872949541,13315,0.61481273,2
12502,443.585998,179.1281433,89.9493256,0.864780128,12788,0.78926766,2
11050,424.734009,175.5983582,80.9821472,0.887307525,11295,0.59300202,2
11480,422.549011,171.2710571,86.8359604,0.861940801,11781,0.64822137,2
13415,464.292999,191.9577789,89.8829651,0.88359952,13660,0.58066052,2
14906,497.825012,211.3419037,90.6529541,0.903333068,15150,0.59748274,1
13095,449.346008,180.7814026,92.7341614,0.858410716,13294,0.63722628,2
12099,427.178986,170.9197998,91.3301163,0.845266581,12326,0.78615987,2
14944,500.238007,209.5576477,91.5284119,0.899573386,15255,0.62895626,1
11051,424.976013,180.8719025,78.2673798,0.901527107,11240,0.56805795,2
12895,449.513,186.6615143,88.5887451,0.880203903,13072,0.58475423,2
10664,414.938995,168.0790863,81.7314148,0.873809934,10929,0.64536434,2
11394,416.162994,167.2689819,88.1079712,0.850023866,11543,0.78422463,2
10729,414.699005,171.7298737,81.4269791,0.880440116,10987,0.79421127,2
12525,455.181,183.669342,88.2543335,0.876991093,12911,0.70947093,2
11770,429.244995,177.5781403,85.3131866,0.877035141,11938,0.59249938,2
15303,505.928009,209.6199188,94.1570053,0.893441439,15746,0.62461227,1
13047,486.368988,213.1944733,79.2888718,0.928269327,13621,0.61542451,1
11472,420.256988,174.8252563,83.8750153,0.87739712,11617,0.74223602,2
14015,475.723999,195.32164,92.4847946,0.88079381,14492,0.74862456,1
13387,458.955994,180.4008179,95.7420578,0.847548127,13653,0.63295507,2
12901,475.303009,209.585968,79.2689133,0.925717056,13219,0.68280935,1
13954,484.532013,203.6781769,88.2087174,0.901356041,14288,0.75086093,1
13032,459.631012,186.4734955,90.2548218,0.875063121,13247,0.80049139,2
12887,468.833008,197.7632141,83.7241745,0.90596354,13241,0.55677009,1
9876,384.459992,156.1647644,81.2388687,0.854036808,9999,0.63234729,2
12275,454.692993,181.8712921,87.0089951,0.878136754,12709,0.69268102,2
11858,437.109009,185.8181763,82.0172195,0.897318184,12017,0.56905651,2
11964,447.506012,191.4438477,80.27491,0.907841682,12166,0.75468367,2
9669,388.606995,151.4384613,83.5909042,0.833857775,10012,0.73388994,2
10088,406.661011,169.0680237,77.4307251,0.888959587,10331,0.67595822,2
12465,445.066986,177.5295258,91.5062408,0.856924236,12882,0.76117492,2
12886,455.518005,189.8598938,87.4991837,0.887471914,13080,0.59229636,1
16678,523.309998,216.8973694,99.044899,0.889649451,17089,0.80344927,1
11492,419.296997,165.4295502,89.5314636,0.84089005,11747,0.78733897,2
12466,439.183014,177.4193115,90.0172119,0.86172837,12707,0.60988259,2
8813,387.721008,164.1777039,68.986084,0.907435417,9005,0.73736614,2
11686,433.438995,176.7624359,85.6466522,0.874774814,12038,0.78156769,2
10114,398.367004,161.02005,80.8494492,0.864804924,10305,0.67453647,2
13274,471.053986,197.6121979,86.3455353,0.899488509,13615,0.62377822,1
11867,434.812988,185.704483,81.847229,0.897635221,12004,0.68107206,2
13762,481.769989,205.0407867,86.9354706,0.905666351,14101,0.75548971,1
10327,403.395996,166.081131,79.9589004,0.876476407,10576,0.62330997,2
9722,373.752991,145.2644653,87.0544739,0.800537527,9839,0.8191086,2
15159,515.130981,216.0619202,91.0257034,0.90692389,15685,0.65071255,1
10527,408.977997,170.8900146,79.379776,0.885568917,10692,0.65102041,2
13469,475.087006,203.247818,84.867981,0.908649743,13739,0.72777867,1
11881,439.184998,183.8895264,83.349472,0.891379178,12097,0.58283049,2
10085,404.679993,168.401062,77.3043747,0.888410866,10342,0.57171202,2
12840,470.096008,199.2614899,82.7935257,0.90959233,13072,0.55787277,2
14198,485.903015,205.1043549,89.3197174,0.900196314,14414,0.56583774,1
12837,448.274994,180.2652435,92.1625137,0.859425724,13157,0.76776314,2
12210,453.123993,189.4207764,83.1553955,0.898487926,12641,0.63733167,1
11952,443.490997,181.7682648,85.3275146,0.882969558,12224,0.5901348,2
12461,454.096008,191.9145203,83.6612015,0.899980783,12683,0.56150866,1
12518,473.384003,203.9220581,80.0076675,0.919818401,12778,0.6803261,1
16505,506.895996,207.3458405,103.244194,0.867215872,16782,0.77817064,1
12598,466.837006,199.0391388,81.8665466,0.911496043,13072,0.57540882,1
11661,418.015015,168.9551392,88.9313431,0.85026139,11819,0.78929198,2
12058,445.828003,184.8280182,84.4970322,0.889381528,12308,0.70481646,2
15982,523.174011,220.0149994,94.218483,0.903666615,16337,0.5692001,1
11280,421.683014,170.8309174,85.0552216,0.867239475,11510,0.60547507,2
15231,525.578979,229.7498779,85.0937882,0.928882003,15617,0.57289553,1
15437,512.947998,211.4087677,94.9148026,0.893550158,15984,0.73161137,1
11287,429.325012,171.8957367,85.3603744,0.867989659,11599,0.59013909,2
11624,452.371002,190.0177155,79.3064728,0.908739626,11979,0.58600527,2
11174,430.304993,175.4827728,83.0168381,0.881021142,11604,0.6736601,2
14483,512.721008,215.768158,86.2791214,0.916572034,14912,0.53228712,1
14524,480.212006,199.9330139,93.3121033,0.884406805,14808,0.61127949,1
11543,431.763,179.598114,82.522583,0.88818568,11786,0.60264176,2
12288,437.821991,179.1879578,88.1044846,0.870771706,12498,0.80271751,2
10756,420.085998,170.637085,81.5821152,0.878303766,10957,0.59497732,2
12343,443.613007,177.4236298,90.4062347,0.860440969,12712,0.66296059,2
11960,436.371002,183.8168182,83.2342072,0.891606748,12142,0.58956915,2
11351,417.692993,171.0510559,85.5486908,0.865947187,11549,0.74325562,2
11623,427.470001,178.89151,83.5600815,0.884204924,11798,0.62623924,2
12289,444.554993,186.3528595,84.8592987,0.890302837,12448,0.76767868,2
12950,464.886993,194.4283905,85.8219833,0.897307217,13288,0.60020393,1
12665,445.662994,186.2803955,87.2870254,0.883421779,12811,0.71008074,2
14313,482.975006,204.7200775,89.7869873,0.898690104,14622,0.57329971,1
13091,473.152008,203.8627014,82.5506973,0.914346457,13451,0.75235635,1
13900,475.889008,198.1689301,90.5426025,0.889520109,14161,0.71723425,1
14435,491.903992,207.4626312,89.7056274,0.901684701,14842,0.57797796,1
16188,526.875977,224.0419159,93.175621,0.909417331,16605,0.66300786,1
14412,490.324005,207.4761353,89.6895142,0.901735425,14703,0.59885317,1
11634,427.105011,171.3263397,88.2664948,0.85707289,11967,0.70969313,2
11794,456.322998,194.0430756,78.7986984,0.913833678,12116,0.65347964,1
12382,453.049988,187.1069946,85.7300796,0.888855577,12771,0.61345619,2
12326,444.066986,181.0114288,87.6671677,0.874891818,12597,0.67080271,2
12452,445.07901,179.0261383,89.8911285,0.864802718,12710,0.61796528,2
12060,450.154999,188.9603882,82.3294525,0.900093436,12480,0.62270874,1
10562,407.194,168.7752686,80.4692306,0.87902087,10724,0.61122686,2
14196,499.230011,210.1801147,87.1034698,0.910084367,14509,0.6188587,1
12450,443.372009,181.6820984,88.505249,0.87332195,12730,0.71453166,2
11133,431.701996,184.9529877,77.7363205,0.90738374,11287,0.55223215,2
13645,484.325012,205.5389709,85.9219284,0.908432186,13972,0.54713499,1
14434,488.286987,201.6492462,92.5337143,0.888495922,14826,0.70775718,1
12020,425.734009,175.5486908,87.5983048,0.866603613,12176,0.64686257,2
12056,431.851013,182.3631287,84.4325409,0.886362851,12191,0.79735452,2
15368,503.307007,209.4185028,94.3936691,0.892654359,15709,0.64033335,1
10964,417.987,171.3902283,82.6012116,0.876199722,11247,0.59668028,2
11588,428.727997,172.8825836,86.257843,0.86663717,11777,0.61005527,2
12331,441.440002,175.6099243,90.8254318,0.855864644,12617,0.61939925,2
13607,461.050995,190.5143433,91.7127991,0.876503348,13772,0.60914135,2
12339,435.937012,173.02742,92.2898636,0.845873892,12646,0.73749328,2
15196,501.303009,212.3297577,92.0054474,0.901243031,15463,0.76840615,1
11062,410.096008,165.4694672,86.0553894,0.854124784,11213,0.63081658,2
11813,430.255005,172.5695343,88.0267639,0.860118389,12088,0.71750486,2
15144,505.912994,212.3688812,92.0220337,0.901243865,15609,0.60951459,1
13154,451.562012,179.953598,94.3138123,0.851656258,13428,0.65022242,2
12281,437.459015,179.5417938,88.1760941,0.871093392,12532,0.74574935,2
11553,432.477997,177.9644012,84.0633774,0.881405354,11845,0.58154637,2
11539,423.69101,172.5359192,86.0599594,0.866720319,11767,0.64169723,2
11469,429.858002,175.5099487,85.1131973,0.874543011,11709,0.78922379,2
10168,400.477997,162.562973,81.0889053,0.866708279,10424,0.62372714,2
13380,469.177002,190.813324,91.0131531,0.878916919,13747,0.61961657,1
10221,405.299988,168.6337433,78.0426102,0.886466086,10368,0.60272437,2
12184,434.407989,181.7460785,85.9719467,0.881044567,12336,0.72870815,2
12243,449.623993,191.0789948,82.6393433,0.90163976,12464,0.79972565,1
12466,453.446991,185.6161194,86.5885696,0.884525001,12706,0.60198957,2
11112,429.653015,172.4271393,83.9238739,0.873557568,11472,0.60921055,2
14828,494.287994,202.1031494,95.0346222,0.882544816,15197,0.59179437,1
13678,472.122986,200.25354,88.0266876,0.89820534,13879,0.57884044,1
12758,451.369995,180.7394409,91.5646515,0.862174571,13170,0.64906388,2
14369,491.044006,207.9473724,89.1221466,0.903503716,14679,0.6039933,1
9487,394.279999,165.9357452,73.33004,0.897055328,9659,0.72298431,2
9251,375.609009,151.824173,79.2594681,0.8529163,9431,0.62786752,2
11423,418.604004,169.073288,87.2848816,0.85643512,11717,0.65547711,2
11873,430.044006,176.7291412,86.3712463,0.8724401,12086,0.60422391,2
15137,494.605011,206.4585266,93.9901504,0.890363872,15400,0.76172507,1
12170,441.47699,181.8880005,86.5787354,0.879445136,12373,0.77255124,2
12573,461.466003,192.9033508,84.5720749,0.898771763,12893,0.5504334,2
14713,500.160004,207.1582031,91.4610596,0.897259593,15111,0.57193392,1
14560,493.928986,209.5088348,89.2178879,0.904797018,14971,0.63169771,1
11538,446.856995,189.6852875,78.9742889,0.909207284,11852,0.57994473,1
12692,465.171997,193.2073212,85.2905426,0.897287965,13118,0.71480066,1
12295,439.824005,176.5826721,89.8116379,0.86099726,12566,0.67347723,2
13400,468.227997,187.6287384,92.691124,0.869454265,13756,0.59971356,2
12876,448.441986,179.5404968,92.5455017,0.856915116,13229,0.70476192,2
9544,386.562988,161.7483063,75.560257,0.884179592,9664,0.81115079,2
14274,499.088013,214.4025269,85.2467651,0.917558193,14559,0.6567288,1
14092,466.447998,185.1782379,98.0861054,0.84819454,14434,0.66384023,2
10796,410.109985,165.7333527,84.2487717,0.861156881,11060,0.68002015,2
15238,506.11499,218.3603973,89.6196899,0.911896169,15529,0.54722404,1
17338,530.044006,222.0843658,100.549118,0.89163655,17725,0.79244936,1
13328,473.044006,201.3988647,85.258606,0.905974567,13588,0.78009951,1
11296,424.700989,169.2068939,87.0045013,0.857676268,11626,0.61102396,2
11339,423.970001,171.7066193,85.3577347,0.867685318,11531,0.67918539,2
13877,489.622986,205.1451263,86.9363708,0.905765235,14176,0.56380773,1
10236,398.537994,160.8490143,82.4916,0.858477592,10392,0.79564708,2
11242,427.252014,180.3034821,80.2529755,0.895481169,11402,0.77021104,2
10527,403.347992,163.0692444,83.8401871,0.857707143,10725,0.63503647,2
11487,428.088989,173.9547729,85.4876938,0.870913506,11695,0.64861661,2
13293,470.265991,197.9593506,86.0760651,0.900518894,13553,0.71375644,1
14734,498.707001,211.0009613,90.1114807,0.904220164,15171,0.78459984,1
10622,408.028015,166.3291016,81.8840485,0.870424807,10808,0.62080658,2
15420,503.459992,206.0565491,96.4172821,0.883772612,15800,0.58462238,2
12573,471.644989,199.3369904,81.5809936,0.912417054,12979,0.53456634,1
14720,494.862,207.0927124,91.4988937,0.897100866,15071,0.70400304,1
10595,407.266998,166.1306305,82.5689545,0.867743552,10849,0.6427055,2
13545,482.735992,208.8032684,83.3051529,0.916966259,13759,0.53255487,1
12158,441.477997,182.2872925,85.5210114,0.883115768,12359,0.71551317,1
11342,440.199005,188.0708466,77.1861114,0.911901236,11532,0.5785554,2
13901,478.848999,200.4419098,89.3419876,0.895169914,14232,0.56854808,1
10844,412.664002,171.0299988,81.4928513,0.879183769,11046,0.81705844,2
15199,489.544006,205.3157349,94.8087006,0.886999547,15419,0.76399922,1
11809,455.083008,185.420105,83.6137619,0.892553151,12318,0.64884615,1
15552,492.981995,198.2062683,101.6440125,0.858496547,15936,0.627451,1
12529,437.838989,174.8614502,92.1892624,0.849733055,12840,0.76601857,2
13568,482.141998,206.3412628,84.9762802,0.911263406,13798,0.77284122,1
14155,480.522003,200.5467377,91.0596771,0.890972555,14462,0.7221939,1
11889,428.696991,173.6313477,88.4395904,0.860557854,12113,0.61094552,2
11905,443.769012,185.2702332,83.6057358,0.892390668,12209,0.62720615,2
11323,420.058014,169.9767761,86.3613663,0.861311376,11586,0.71919459,2
11052,418.950012,170.4664459,83.5933151,0.871508777,11338,0.70198172,2
14536,501.92099,216.3705444,86.679985,0.916249096,14988,0.54405272,1
11203,424.803986,176.5013428,82.420845,0.884273112,11406,0.57575291,2
10780,407.15799,163.3930206,85.5942764,0.851807356,11096,0.67374998,2
11766,423.980988,171.2086182,88.1124649,0.857400537,11954,0.63917863,2
11975,458.902008,199.0426941,78.036766,0.919939458,12288,0.79982632,1
13983,481.658997,198.3904572,90.4981461,0.88989687,14306,0.58801514,1
12730,462.369995,192.6936188,85.3343048,0.896595895,13160,0.6337117,2
10685,416.71701,173.2751465,79.70607,0.88792038,10871,0.70667988,2
10795,411.299988,168.3895569,82.6434479,0.871279478,11029,0.76042545,2
10693,408.70401,167.5240936,82.5757141,0.870075524,10911,0.74092293,2
10657,407.765015,168.7373352,80.820076,0.877831459,10826,0.60952872,2
13907,485.720001,202.5810852,89.2024231,0.897836268,14358,0.55572426,1
11866,436.128998,176.1208649,87.7880554,0.866916478,12210,0.61622351,2
11166,414.890015,165.7387848,87.0305557,0.85103637,11478,0.67095304,2
11334,433.389008,178.9897308,82.2980423,0.888026655,11566,0.71157712,2
12053,449.604004,189.5009918,82.2661133,0.900855184,12295,0.56446403,2
10218,401.77301,163.2447662,80.516449,0.869901597,10516,0.69538587,2
15061,497.359009,207.6504211,93.0558472,0.893964887,15327,0.7167809,1
13414,479.901001,203.085968,85.7368774,0.906516492,13735,0.71404237,1
13302,482.690002,209.39711,81.748909,0.92064476,13827,0.59532762,1
14306,482.247986,197.685791,94.0561066,0.879561126,14667,0.58795005,1
14787,492.312988,209.6788635,90.4677353,0.90213275,15066,0.79568446,1
13198,468.455994,200.4911499,84.6916885,0.906399727,13455,0.73192102,1
13582,475.855988,195.6396942,89.2489624,0.889882147,13890,0.72183245,1
10102,411.808014,176.8137665,74.2667313,0.907511175,10350,0.57791764,2
10798,412.013,169.9911346,81.7766342,0.876685441,11000,0.64884031,2
13372,472.170013,197.780365,87.6053085,0.896550059,13750,0.60734886,1
16588,519.559021,218.394455,97.6668625,0.894432008,16852,0.64006794,1
12826,452.821991,181.8579712,91.526825,0.864119112,13129,0.60620099,2
14019,475.755005,194.5179291,92.8169556,0.87881428,14308,0.59111994,1
12531,459.306,192.8181915,84.0254288,0.900055408,12846,0.56172675,2
11379,438.164002,182.2000885,80.8866653,0.896054447,11735,0.5941416,2
11075,416.850006,165.2962646,86.2791214,0.852965951,11315,0.661273,2
11042,430.76001,185.5081024,76.1374206,0.911893725,11224,0.67846388,2
10879,427.135986,179.4507751,78.292778,0.899805605,11110,0.73546511,2
13335,469.713989,199.297226,85.912384,0.902315319,13657,0.61679,1
14020,488.582001,207.2651825,86.7977982,0.90808928,14271,0.55390936,1
13267,465.032013,193.7655945,88.8386993,0.888701916,13543,0.66441304,2
14759,483.266998,203.9658661,92.5514526,0.891124189,15002,0.78505319,1
11593,435.390991,182.1506805,81.8513641,0.893350422,11845,0.692864,2
14559,496.523987,213.3963623,87.1353989,0.912835956,14765,0.71081924,1
12539,442.296997,178.601059,90.3345795,0.862656832,12790,0.73447752,2
10749,412.424988,168.1168213,82.5882721,0.871015668,11012,0.70810276,2
10871,414.674011,165.7461395,85.6284943,0.856212139,11224,0.76610291,2
11818,433.828003,175.963913,86.7737808,0.869953394,12118,0.71494252,2
11860,427.026001,174.9904327,87.0991516,0.867328227,12064,0.61228704,2
14379,494.303009,205.5262604,90.3972244,0.898079634,14768,0.57886475,1
13333,472.384003,200.9385681,85.1728058,0.90572077,13585,0.68025512,1
13002,448.11499,182.6278687,91.4712143,0.86552763,13200,0.60581493,2
11343,420.723999,173.5066528,83.8277054,0.875544071,11512,0.60983872,2
15320,511.929993,218.6231537,91.1698151,0.908898175,15740,0.54564232,1
16990,535.338989,224.0871735,98.6626358,0.897857189,17371,0.60090542,1
12406,434.730988,172.1839447,92.8565826,0.842121959,12704,0.64446753,2
11302,418.95401,172.0899048,84.0164261,0.872724831,11501,0.62003511,2
12228,441.156006,176.1103516,90.8132095,0.856792808,12587,0.69296157,2
11553,433.777008,183.2213745,80.9451446,0.897119105,11729,0.80677372,2
10296,415.751007,172.3328705,77.0607452,0.89445287,10514,0.61089355,2
9165,380.660004,156.6703949,75.5400085,0.876083851,9366,0.65436244,2
10318,413.210998,173.160965,76.9155655,0.895934939,10614,0.68195635,2
12672,445.542999,180.4552765,90.3099289,0.865761995,12900,0.6256851,2
11145,420.315002,169.1323395,85.5892258,0.86250484,11364,0.77128029,2
14750,482.825012,198.5033569,95.4746857,0.876735628,15046,0.60550082,1
11765,429.292999,175.0630798,86.7285996,0.868657351,11969,0.6111688,2
12412,456.579987,191.5716248,83.4498596,0.900137126,12779,0.64950287,1
12861,455.865997,191.8227539,86.2982864,0.893086195,13058,0.58672446,1
11592,436.399994,178.1359406,83.7219925,0.882672071,11844,0.7235955,2
11617,418.45401,167.9147491,88.9075699,0.848322153,11822,0.76067311,2
13166,461.938995,185.600296,91.2935944,0.870661438,13562,0.656331,1
13259,464.407989,198.2115173,85.8157425,0.901417792,13445,0.58204567,2
12555,444.579987,184.8253326,87.3672256,0.881222546,12773,0.65220779,1
12448,443.968994,187.1029358,85.6495285,0.889072239,12621,0.62584215,2
12653,441.493988,176.0151062,93.1879044,0.848352849,12955,0.76480901,2
12868,454.859009,191.5861511,86.5089035,0.892250657,13082,0.78674495,2
12408,437.014008,179.7411652,88.8296051,0.8693434,12598,0.63692826,2
15454,500.897003,208.5415955,95.3232727,0.889418006,15773,0.58343399,1
12712,456.066986,186.1605377,88.9003067,0.878606498,13092,0.64488637,2
12935,462.980011,195.3043213,85.4874802,0.899114132,13213,0.75304186,1
14011,475.872986,197.7286377,91.1590805,0.887383878,14315,0.77761126,1
10134,406.045013,167.6055145,78.0408554,0.884983599,10358,0.58730805,2
11500,424.398987,171.8174438,86.8495026,0.86284101,11838,0.78659374,2
14243,481.322998,198.6628876,92.8225403,0.884132385,14592,0.79449993,1
10919,413.080994,167.1260071,84.2185822,0.863748789,11120,0.63988513,2
14400,486.899994,200.1377106,93.2465134,0.88483119,14714,0.61813188,1
13251,460.532013,190.9163055,88.9975586,0.884700418,13528,0.74991512,1
12930,474.078003,205.3563385,80.7120819,0.919523835,13181,0.74063468,1
13503,477.243988,201.1717072,87.3624191,0.900783777,13743,0.56318819,1
12890,462.802002,190.3434753,87.7185593,0.887481391,13227,0.5856961,2
12712,470.562012,202.1971436,81.3008804,0.915601373,13053,0.81487179,1
10863,411.622009,168.2714233,83.1652756,0.869329512,11057,0.70283383,2
13580,460.549011,192.759613,90.2240448,0.883693993,13753,0.79415202,2
13174,480.576996,203.5064545,83.4204407,0.912123501,13606,0.54946613,1
12799,443.416992,175.3296967,94.2594528,0.843191981,13066,0.63161272,2
9330,391.165985,161.425415,74.8638763,0.885956883,9624,0.57635284,2
9753,402.57901,170.6141815,73.3134842,0.902970135,10028,0.56421381,2
10783,418.681,171.3652039,82.1244125,0.877685964,11133,0.59345072,2
11199,421.042999,170.6911163,85.023941,0.867110491,11405,0.80337161,2
10600,429.510986,182.3060608,75.0999908,0.911208928,10829,0.72216922,2
12311,446.175995,182.6490326,86.8293533,0.879775643,12608,0.69089174,2
13657,469.237,193.1074219,90.778038,0.88261801,13930,0.61534649,1
12345,438.024994,177.2792206,89.7342606,0.86243099,12586,0.62141347,2
11910,427.278992,173.2954407,88.5622635,0.859552264,12191,0.77337664,2
13684,505.654999,213.5936279,83.5105896,0.920399666,14158,0.57762772,1
11594,437.910004,178.6766052,84.3054047,0.881688297,11969,0.6006009,2
12318,448.686005,187.701004,84.1441193,0.893889129,12579,0.58268684,1
14053,482.084015,204.3786316,88.2391052,0.901996493,14316,0.71335024,1
11504,432.444,175.78508,84.9590302,0.875448227,11861,0.58801883,2
16190,529.661011,224.3868561,93.1074219,0.909848094,16530,0.53481764,1
11470,428.536011,177.7107849,82.3646851,0.886109471,11663,0.65155649,2
15498,512.703979,215.8083496,92.6240311,0.903211474,15914,0.57888842,1
16199,514.156006,217.6305084,95.5193558,0.898532927,16475,0.70768893,1
10984,416.997986,171.7176514,82.5067215,0.877006233,11199,0.74705845,2
11297,416.679993,165.3592072,88.2367477,0.845732868,11535,0.62928921,2
13580,464.356995,190.3806305,91.3722687,0.877298474,13781,0.62730968,1
13388,466.462006,191.9375,90.366806,0.882232666,13644,0.75399864,2
12317,432.300995,174.6309204,90.6389313,0.854755163,12506,0.63802123,2
12451,461.345001,191.4077759,84.161499,0.898145974,12833,0.58127916,2
14833,496.936005,209.3123169,91.4758987,0.899446607,15072,0.5567525,1
11711,423.937012,175.1188202,85.9081268,0.871401489,11866,0.81056202,2
14275,485.787994,206.4619141,88.9257355,0.902489185,14469,0.54756427,1
14956,490.256012,204.5412292,93.7512894,0.888772249,15196,0.67278451,1
16471,523.989014,219.8691254,96.8111649,0.897844493,16844,0.7330218,1
16258,533.341003,229.1129913,91.1201324,0.91751194,16705,0.57081664,1
15554,502.096008,206.2775269,97.2233887,0.881960571,15826,0.82734042,1
11928,427.075012,175.0393982,87.817131,0.86504215,12121,0.6277895,2
14910,511.600006,221.6122894,86.2169876,0.921219051,15215,0.69963866,1
11715,430.378998,172.7517853,87.8553085,0.86102432,12009,0.77835357,2
13050,467.522003,194.8988495,86.9476242,0.894974828,13389,0.61977583,1
12621,444.588013,184.9431305,87.6244583,0.880637109,12832,0.73399246,1
13413,475.390015,196.856781,87.7881851,0.895058095,13917,0.57100892,1
13687,481.744995,201.1745758,87.9571762,0.899355471,13979,0.69831634,1
13446,461.438995,188.9829712,91.787323,0.874130607,13643,0.59855771,2
12259,440.029999,177.3145447,89.5355682,0.863146663,12533,0.72414202,2
10775,414.997986,165.7289581,84.2712326,0.861068904,11036,0.63445801,2
11919,434.263,175.5641785,87.8467331,0.865812719,12152,0.60963631,2
11111,419.929993,175.137146,81.1183853,0.886269093,11278,0.58831936,2
10132,398.671997,162.8451996,80.0743561,0.87075299,10306,0.66891134,2
10549,414.445007,170.0210114,80.4247818,0.88104713,10868,0.61711711,2
16431,509.38501,208.0528717,101.9614868,0.871680319,16875,0.73221928,1
14633,495.093994,208.7805328,90.2559128,0.901729643,14978,0.64360488,1
10802,424.64801,177.2966156,78.9431915,0.895401061,11019,0.65609813,2
14958,505.256988,216.376297,88.3489075,0.912842691,15235,0.70860767,1
11197,429.450012,178.2169189,81.2773743,0.889949679,11461,0.56883764,2
10885,434.27301,191.0913239,73.5486069,0.922963619,11024,0.79989713,1
11249,418.937988,168.6086273,86.1922913,0.859463334,11423,0.62190402,2
13658,499.373993,206.5097351,85.756546,0.909699857,14177,0.54026896,1
14688,507.166992,211.7433777,89.3124542,0.906690896,15262,0.64602393,1
12280,444.423004,182.7072449,86.7157974,0.880192935,12565,0.66338932,2
10474,420.123993,176.7669373,76.9886169,0.900170624,10762,0.68862593,2
13990,484.046997,205.3977966,87.6490478,0.904379904,14315,0.59079391,1
11154,427.221985,174.3178101,82.1760941,0.881911278,11506,0.60857701,2
11562,424.971008,174.3947754,85.4867554,0.871614993,11739,0.75529134,2
12318,442.587006,189.5644379,83.2039261,0.898525357,12495,0.65174603,2
11161,420.910004,169.3504639,85.3382187,0.863753319,11363,0.68054879,2
10735,421.488007,172.7793732,80.1673813,0.885842025,11021,0.78095448,2
12483,428.147003,170.2961273,94.2809448,0.832763135,12680,0.73737371,2
11990,416.752991,166.582016,91.9835358,0.833723783,12145,0.66169977,2
13621,477.542999,200.9577179,87.2885056,0.90073812,13956,0.79589808,1
12060,438.774994,177.4010315,87.3778458,0.870287478,12420,0.64866608,2
11088,430.587006,184.7220154,77.0133057,0.90894568,11263,0.62835771,2
13568,484.64801,208.0720978,83.6961975,0.915531576,13962,0.78792101,1
17335,544.093018,239.010498,92.992981,0.921206117,17526,0.82109702,1
10719,422.373993,173.3438568,80.0229263,0.887065947,11007,0.76657367,2
13111,467.621002,193.5677185,88.0678711,0.890505791,13456,0.61917353,2
11097,436.144989,182.7428589,78.4404755,0.903190613,11472,0.62886774,2
12609,475.359985,202.7544098,81.2737198,0.91614455,13210,0.70694101,1
13181,470.389008,199.4720764,84.9055328,0.904887319,13429,0.73435849,1
16944,543.125977,236.1252136,92.6810303,0.919748604,17189,0.65194303,1
13394,480.571991,205.4011688,83.8012772,0.912987173,13699,0.65019417,1
13028,467.277008,194.7333679,87.140625,0.894290507,13304,0.56621325,2
11790,432.326996,181.3406982,83.6561279,0.887233734,11990,0.60461539,2
13090,472.945007,202.6015778,83.2301788,0.911722243,13331,0.77529019,1
14913,502.868012,215.6001434,88.8237991,0.911191106,15300,0.69272578,1
12620,458.886993,193.8964233,84.0860672,0.901074231,12866,0.75253427,2
15290,500.187988,204.1533661,96.6903305,0.880731404,15605,0.78895772,1
11140,414.36499,170.6498108,83.7787704,0.871193528,11280,0.60774684,2
13002,458.31601,187.3974609,89.5873795,0.878326774,13319,0.67634207,2
9976,406.07901,168.061203,76.860611,0.889293432,10295,0.57336628,2
14318,491.29599,207.6147308,89.1265945,0.903167486,14629,0.56246072,1
11051,421.347992,166.9126282,85.7488251,0.857949018,11421,0.69333082,2
11243,419.027008,168.2050781,86.0140228,0.859364212,11421,0.63764745,2
11621,402.210998,153.5849915,96.6377335,0.777232587,11797,0.81010807,2
11846,445.890991,192.9521942,78.4717941,0.913566053,12010,0.57796645,1
14806,497.855988,211.1334991,90.012413,0.904568017,15114,0.65121394,1
11329,414.617004,168.9134979,86.1217575,0.860259056,11540,0.78412235,2
12618,457.89801,193.8157196,83.477356,0.902492881,12851,0.58222592,1
15513,522.504028,224.2758331,89.0146637,0.917862654,15967,0.56616789,1
12551,459.729004,197.6823425,81.570282,0.910897315,12741,0.81893516,1
15583,504.183014,207.8468323,96.9117584,0.884644985,15906,0.6853888,1
12267,429.694,171.370636,92.4580154,0.841972291,12520,0.77590132,2
14115,490.407989,207.959549,87.4212112,0.907350004,14580,0.57057965,1
12743,442.734985,181.139679,90.3011856,0.86688,12899,0.72510529,2
12994,453.94101,192.1659851,86.5555267,0.892816484,13152,0.81416041,2
14695,506.915985,214.1055298,88.9137039,0.909693718,15086,0.54660767,1
11341,437.56601,181.9034424,80.5766907,0.89653939,11669,0.76628381,2
15292,510.483002,219.6590271,89.1331329,0.913971007,15511,0.54319412,1
12013,458.359009,195.0823059,79.6427078,0.912869334,12330,0.61016864,2
15161,498.790985,208.2520447,93.86026,0.892672896,15541,0.64056957,1
13635,455.54599,189.4315796,92.0776367,0.873918056,13785,0.74851781,2
15651,512.291992,212.7730103,95.7253799,0.893081784,16022,0.57203948,1
13820,489.941986,207.0041046,86.2371063,0.909091711,14195,0.63940036,1
14180,485.17099,204.1071777,89.3607788,0.899066091,14471,0.61980945,1
9798,416.667999,182.4251862,69.4062653,0.924795628,9994,0.58670658,2
11850,440.86499,178.6224365,86.1668701,0.875952899,12201,0.78373015,2
13819,478.498993,195.7261505,91.8390503,0.883080125,14321,0.58826786,2
10925,437.259003,181.5909424,77.6576309,0.903943717,11231,0.77957755,2
11694,432.97699,181.4844055,82.9714508,0.889373004,11893,0.76391429,1
13785,489.915985,213.3764191,82.789917,0.921659648,14130,0.79663664,1
14146,481.186005,202.587204,89.9449005,0.896036148,14495,0.60360128,1
10789,413.73999,170.5182953,81.9790344,0.876850069,11016,0.6905402,2
15691,511.848999,213.6121674,94.9193497,0.895851433,16124,0.65914726,1
14456,492.950989,212.4112244,87.3601303,0.911509812,14726,0.79502833,1
11734,432.621002,177.3172607,86.1005554,0.874195874,11972,0.64458358,2
9621,408.71701,175.7335663,70.45018,0.916125298,9779,0.51642513,2
15118,514.96698,224.1865997,87.6922378,0.920323789,15454,0.65411907,1
11695,434.134003,183.0924683,82.1422577,0.893713534,11845,0.79883879,2
13375,474.087006,198.768692,86.6867905,0.899889052,13768,0.69632447,1
13235,465.81601,193.5456238,88.6394424,0.888964057,13629,0.56547749,1
10286,406.713013,171.0506744,77.4487228,0.891621053,10469,0.61844635,2
10528,411.119995,164.8199615,83.1404877,0.863451302,10862,0.62148762,2
12445,440.576996,184.6552124,86.3101959,0.884039223,12597,0.67230296,2
14011,493.878998,212.6303101,85.0282059,0.916564226,14336,0.62798619,1
16606,516.36499,211.5942078,101.7699051,0.876738489,17032,0.70711976,1
11513,438.625,189.7222137,77.6855087,0.912323713,11736,0.68423867,1
15907,527.349976,226.8930054,90.7904663,0.916451156,16288,0.57384562,1
14204,482.170013,201.0738831,91.0908432,0.89149946,14523,0.6160118,1
15094,506.506988,217.9382935,89.0955887,0.912619054,15346,0.66855651,1
15035,506.152008,216.9353027,89.3892364,0.911159039,15432,0.6092965,1
11310,424.217987,173.2693787,84.4845962,0.873072147,11629,0.71118659,2
11757,441.242004,182.5958557,82.9163971,0.890951812,11967,0.60171962,2
15323,487.865997,192.230835,102.9628296,0.84445864,15769,0.7136935,1
14709,489.528992,204.9234619,91.8657303,0.893886745,15041,0.63979989,1
9920,398.526001,162.0756378,79.1380615,0.872687817,10171,0.60933662,2
11274,426.850006,177.3981018,82.0010986,0.886753082,11539,0.6353339,2
12469,446.841003,191.3866577,83.2548752,0.900426209,12625,0.59145242,2
14050,481.251007,191.8238525,95.0619736,0.86856854,14600,0.60769898,1
12091,463.351013,203.5943909,76.6541061,0.926414967,12298,0.79306048,1
10020,411.610992,177.4746552,72.4375,0.912911832,10217,0.54742134,2
12467,467.205994,199.8061523,80.1914062,0.915926516,12900,0.78705806,1
13516,483.688995,207.5319214,83.6856842,0.915093184,13746,0.70085561,1
14851,517.346985,217.6983948,88.8102493,0.913003862,15256,0.72806156,1
14932,488.86499,203.9393005,94.1123962,0.88715446,15200,0.78161639,2
10304,416.561005,174.274231,76.1843948,0.899387479,10541,0.61224008,2
16523,531.892029,224.9954224,94.4177017,0.907689333,16911,0.57704127,1
16291,523.192993,223.2523346,93.6041565,0.907859206,16595,0.58115727,1
14908,499.468994,209.1194763,92.0628738,0.897879899,15324,0.76333845,1
12256,470.108002,207.9800568,75.7149048,0.931379855,12541,0.73831326,1
11981,448.826996,190.1289978,81.3243942,0.903905272,12154,0.56209242,1
15603,511.743988,211.1042023,95.4399872,0.891967773,16021,0.58051193,1
13064,469.835998,199.5599823,84.3646164,0.906244874,13382,0.65641642,1
11531,445.739014,187.9770966,79.0808258,0.907202661,11918,0.60542893,2
12410,463.48999,195.1714935,82.3603058,0.906600714,12849,0.56409091,1
12347,452.290008,186.8960419,85.2298966,0.889965236,12659,0.60524511,2
14590,496.171997,212.1007538,88.6024094,0.908567846,14883,0.57148451,1
8604,373.683014,153.5796051,72.3096466,0.882224798,8787,0.6025632,2
12043,442.070007,181.1095428,85.5794373,0.881315351,12276,0.60016942,2
12300,434.647003,177.6254578,89.0418854,0.865279257,12472,0.78524005,2
16155,515.280029,217.605484,95.4846039,0.898586273,16418,0.58331829,1
10913,427.618012,170.7232971,83.1588974,0.87334758,11311,0.62570953,2
14556,487.419006,208.7312622,89.1951218,0.904100299,14819,0.77648562,1
9236,394.341003,160.928894,74.2496796,0.887201667,9465,0.57739437,2
13880,479.635986,203.0225677,87.3761978,0.902649343,14160,0.76825148,2
11063,428.239014,177.5392151,80.8637085,0.890251338,11362,0.60612536,2
14511,510.285004,216.3464966,87.1301117,0.915317059,14957,0.52998537,1
12437,434.671997,174.9661865,91.8735046,0.851044893,12670,0.72863084,2
13000,460.371002,195.0987549,85.7226486,0.898300886,13231,0.58285511,1
14449,496.325989,209.7057648,89.7903671,0.903696716,14810,0.66231209,1
11485,429.390991,173.4994507,85.6088867,0.869788587,11758,0.60574895,2
12532,454.066986,186.8625946,87.0425262,0.884884596,12888,0.63073128,2
15558,511.717987,213.9776001,94.464714,0.897275925,15926,0.63243902,1
11116,419.713989,173.0770569,82.317337,0.879655778,11335,0.60164535,2
12625,445.928009,181.6507568,89.6003571,0.869884133,12905,0.65144479,2
14992,502.617004,213.94133,89.9785004,0.907257497,15162,0.55464298,1
12692,447.739014,174.8806305,94.1607895,0.842670977,13148,0.64570612,2
12415,438.996002,181.1088867,88.2339783,0.873297393,12586,0.60161853,2
13079,436.045013,174.8923187,95.9419479,0.836099863,13228,0.77257961,2
10640,411.880005,169.3904724,81.0284805,0.87816751,10901,0.66086954,2
12659,445.319,179.9433441,90.1316299,0.865511596,12848,0.61691034,2
12174,435.368012,174.2000122,90.6615906,0.853894949,12471,0.66386735,2
11999,465.657989,194.784256,80.43824,0.910748839,12364,0.53701216,1
10413,427.368012,183.9760437,72.4298325,0.919242561,10591,0.77133334,2
14294,514.47699,226.4072723,81.592514,0.932805836,14731,0.511011,1
9819,410.64801,172.6212616,73.4820023,0.904872179,10096,0.58824587,2
10557,412.667999,168.8085785,80.5927124,0.878674805,10778,0.6160714,2
14709,515.849976,222.7228394,85.4315567,0.923508525,14941,0.5247966,1
12917,473.234985,200.3253326,83.2011795,0.909670651,13302,0.66609943,1
11923,439.713013,183.1569519,83.9017487,0.888907552,12116,0.58592558,2
14018,480.868012,203.9783783,88.1271133,0.90185374,14287,0.72242838,1
10972,425.399994,178.5201569,78.7836456,0.897352219,11192,0.72094095,2
11879,446.143005,187.9102325,81.5909195,0.900815725,12095,0.65269232,2
12375,451.080994,185.7811584,86.237381,0.885736704,12755,0.64974272,1
11533,424.56601,174.2148895,85.4239883,0.871532977,11773,0.7364623,2
14195,488.459992,203.5127106,89.9586563,0.897000432,14555,0.71735394,1
11715,439.703003,183.2227325,82.483223,0.892937779,11948,0.60448915,2
12587,461.781006,193.9949493,83.7338867,0.902051151,12910,0.66952127,2
14570,469.981995,185.4014587,100.8879166,0.838981986,14895,0.65453726,1
15676,509.223999,212.9077454,94.7616653,0.895489216,16009,0.57463342,1
10627,411.44101,172.2612762,79.8410492,0.886103153,10800,0.80240107,2
10884,406.718994,156.7771301,89.6081238,0.820557654,11233,0.72367018,2
11317,420.153015,169.6247406,86.4443359,0.860398948,11479,0.6134873,2
14602,500.233002,218.4880524,85.6775818,0.919906199,14827,0.58363646,1
14953,503.752014,217.1036835,88.6149216,0.912906528,15229,0.72313571,1
11625,437.359985,186.7081451,79.7237778,0.904253125,11830,0.72187036,1
13183,464.571991,190.6912689,88.7695618,0.885040224,13473,0.59390908,1
10926,416.222992,173.4199829,80.8693466,0.88461566,11113,0.63236487,2
12837,464.768005,194.3007202,85.3318405,0.898401976,13053,0.58427018,2
11178,419.278015,166.6143036,87.0708847,0.852584481,11507,0.60447758,2
12579,452.217011,191.2431793,84.3691711,0.897427619,12889,0.6002863,1
12729,458.385986,184.999588,88.8380737,0.877155244,13085,0.60212869,2
11365,421.175995,179.1328735,81.1146393,0.891602814,11499,0.65203673,2
11809,433.053986,170.8712158,89.4826431,0.851912141,12129,0.61743176,2
11895,429.395996,179.2518616,85.5361404,0.878803372,12072,0.79062814,2
12096,438.856995,179.3483582,86.9610367,0.874585032,12333,0.66109198,2
11721,442.350006,186.2523346,81.2592239,0.899808228,11950,0.57778764,2
12103,446.080994,181.4710999,86.5518722,0.878932714,12444,0.57469136,2
14350,472.020996,189.9021759,97.0305252,0.859610438,14577,0.65179867,2
13669,481.669006,201.9066315,87.0682526,0.902241886,14065,0.55837417,1
11062,411.109009,167.8031921,84.9828262,0.862273157,11242,0.82257587,2
10367,413.959992,176.5665131,75.28862,0.904532969,10529,0.56037837,2
12743,449.230011,180.9447632,90.8077164,0.864952803,13044,0.61937398,2
12526,439.221985,178.2160339,90.4044495,0.861784577,12819,0.66894525,2
11168,440.863007,182.7832794,79.5269318,0.900387645,11628,0.54710233,2
13683,492.975006,213.9091949,83.1207046,0.921415269,14070,0.76126629,1
11937,427.334992,172.9316406,88.5919113,0.858809888,12111,0.7723214,2
11327,423.167999,169.2954559,86.5684586,0.859375238,11657,0.71999747,2
10525,409.731995,170.315155,79.0376205,0.885800183,10682,0.60676813,2
10309,396.539002,161.2334137,81.9371033,0.861245334,10478,0.70754975,2
13683,490.792999,210.2819672,84.0450211,0.916655719,14187,0.77392536,1
16146,509.332001,213.6200256,96.6488037,0.891798258,16404,0.5967623,1
13933,471.713989,193.5167236,91.8762436,0.880109072,14177,0.7446422,1
13034,449.851013,180.1970978,93.8651199,0.853616178,13333,0.62315929,2
13884,478.701996,201.3162994,89.1812058,0.896526337,14217,0.79793102,1
11857,434.088989,175.6072845,87.405777,0.867329538,12176,0.605196,2
11827,455.221008,194.7844543,78.4315338,0.915350497,12212,0.76998699,1
13431,482.529999,212.4506073,81.1854782,0.924105227,13786,0.77797729,1
14560,501.246002,212.1060944,89.321312,0.907006681,14988,0.6895572,1
13909,488.708008,206.3518524,86.9756317,0.906832159,14362,0.54334152,1
15830,520.781982,215.1391754,95.1714706,0.89683181,16326,0.61051333,1
13688,481.313995,204.3088379,86.3780365,0.906231582,14024,0.78938872,1
11411,429.101013,175.3561401,83.6520309,0.878881156,11636,0.59806079,2
9495,386.589996,160.5724487,75.8551788,0.88138175,9640,0.6689446,2
12047,455.608002,195.6660767,80.2691421,0.911979675,12339,0.54403001,1
12188,441.282989,181.4772491,86.317688,0.87964046,12364,0.6014607,2
11587,423.188995,168.6403809,88.728714,0.850396991,11826,0.61170942,2
11625,421.390015,167.714798,89.4625702,0.845849931,11904,0.69427854,2
13153,479.562012,207.9239349,80.9425049,0.921115637,13339,0.68476677,1
12267,438.264008,175.5909729,90.1874771,0.858016253,12519,0.62408423,2
11658,424.533997,170.7699432,88.2464218,0.856132627,11963,0.68299258,2
14085,489.454987,200.5265503,91.2356262,0.890501499,14670,0.62717074,1
12161,448.592011,186.4012909,84.4188232,0.891567647,12453,0.60783726,2
14533,487.20401,196.8149872,95.8430786,0.87341845,14873,0.65112007,1
11267,421.868988,170.3562164,86.0109863,0.863184273,11576,0.74076265,2
12029,441.73999,181.7962799,85.4196014,0.88273859,12275,0.59655821,1
12024,432.419006,172.9061737,89.9719696,0.853952229,12323,0.62723005,2
14571,489.433014,206.7878876,90.4513626,0.899261534,14839,0.60551029,1
14356,492.022003,209.3755646,88.594307,0.906066239,14652,0.57682419,1
11413,421.953003,171.3252869,85.9993134,0.864887893,11688,0.69932598,2
12291,440.957001,186.1877747,84.6807404,0.890586615,12476,0.73017287,1
13973,474.007996,192.3492889,93.7791443,0.873097241,14354,0.61419779,1
11179,418.709992,171.1083832,84.566391,0.86933285,11440,0.73560572,2
11816,446.100006,187.143158,81.8201904,0.899361193,12069,0.74671388,2
12661,436.921997,174.8322906,93.0776978,0.846503794,12898,0.70198494,2
11180,425.497009,177.0185852,81.5625153,0.887526453,11353,0.5793947,2
12081,431.520996,173.5222931,89.5570679,0.856520653,12315,0.78042638,2
11976,444.644012,188.9818573,81.3669586,0.902564645,12149,0.5580095,2
11001,415.039002,173.1041565,82.0634003,0.880487442,11132,0.789621,2
11916,432.681,176.1549835,87.2202988,0.868816674,12189,0.64687043,2
9944,407.360992,169.6447449,75.9741364,0.894112408,10212,0.55858892,2
11749,455.256988,192.5899963,78.0409546,0.914220035,12001,0.60665047,2
12612,463.595001,197.6829376,82.3769226,0.909038424,12919,0.58405113,1
15226,500.170013,205.3150024,96.1776886,0.88349551,15594,0.79343408,1
15550,505.763,211.37883,94.4161301,0.894699872,15896,0.71884245,1
13362,460.070007,186.353241,92.159195,0.869154692,13612,0.74101597,2
13207,458.877991,187.8335876,90.6380463,0.87587148,13501,0.73242015,2
11422,414.81601,166.049408,88.4429779,0.846347928,11624,0.70944101,2
13352,514.487,232.4802094,73.986763,0.948006928,13585,0.59281623,1
12147,436.070007,177.5502167,88.561409,0.866719186,12421,0.68704748,2
9679,399.847992,168.5392151,74.0988007,0.89816761,9917,0.62509686,2
10604,425.925995,179.1511841,76.3516922,0.904635668,10830,0.57489836,1
12653,461.619995,195.8938599,83.4992981,0.904606521,12973,0.57649898,1
12200,447.213989,191.1407013,81.5713806,0.904364467,12367,0.56974733,2
10311,408.339996,168.2056885,79.9236374,0.879902542,10593,0.65350491,2
11483,437.024994,185.7523804,79.0817337,0.904846787,11665,0.57507008,2
10949,420.170013,176.249527,79.8909226,0.891366661,11132,0.57900584,2
16226,524.205017,216.8732605,96.6536789,0.895197868,16748,0.6486249,1
11465,434.13501,180.835083,82.0042648,0.89126879,11727,0.65060717,2
13909,474.112,197.458374,90.1740646,0.889634192,14227,0.74296242,1
15684,513.890991,221.9453278,90.8251343,0.912434399,15944,0.78201038,1
10745,422.233002,183.709549,75.0377426,0.912776828,10883,0.82230043,2
10119,403.542999,168.5759888,77.2408447,0.888851166,10317,0.77220696,2
15779,506.377014,209.404892,97.4309006,0.885166109,16201,0.61946452,1
15681,507.696991,207.0245056,97.7584839,0.881487548,16088,0.69250131,1
10420,415.056,170.512558,79.2883911,0.885310531,10647,0.62771082,2
13708,486.395996,204.6237335,86.3397293,0.906621933,14361,0.58067524,1
15330,501.696991,209.6793213,93.8727264,0.894185483,15617,0.5826239,1
13895,488.252991,207.0344849,86.1609878,0.909288049,14228,0.7829051,1
12942,441.743988,175.5592499,95.2850113,0.83989346,13310,0.70169163,2
15676,512.335022,214.7678528,93.7219391,0.899758995,15961,0.77928019,1
10873,416.669006,168.9403534,83.3411636,0.869849563,11151,0.68229169,2
12845,464.121002,194.3322144,85.5243378,0.897951961,13125,0.77496231,2
13950,490.427002,209.6511688,85.3592529,0.913361788,14158,0.55029583,2
14479,473.957001,193.1318207,96.9485931,0.864878416,14812,0.63663542,1
11307,424.895996,173.9436493,83.6976624,0.876623511,11499,0.73863339,2
15369,499.265991,205.8752899,95.9362183,0.88478899,15666,0.61604136,1
13446,476.041992,200.0526733,86.590477,0.901471555,13814,0.60393459,1
9802,396.81601,166.890213,75.117012,0.892978966,9948,0.57117885,2
10810,415.303009,169.0044556,82.4315796,0.872984469,11029,0.6980949,2
13450,470.976013,200.6081696,85.9267197,0.903621852,13728,0.56375217,1
11752,422.532013,171.0852966,88.014595,0.857521176,11997,0.6929245,2
11760,432.532013,176.1437683,86.0240478,0.872634411,12055,0.6328705,2
15236,514.79303,223.3278503,87.7615051,0.919550598,15686,0.65624326,1
10541,406.536011,162.9910736,83.6982574,0.858080983,10901,0.77461785,2
10846,418.85199,172.2067719,81.6929016,0.880315602,11069,0.6827395,2
11335,426.584015,172.746994,85.1207657,0.870171964,11618,0.66676468,2
12172,431.196014,175.6382751,89.3334885,0.860989928,12368,0.60269362,2
11224,424.747009,174.4214478,83.1982269,0.878905773,11544,0.71345031,2
13942,502.031006,214.3379822,83.7197037,0.92056191,14273,0.64450812,1
10989,431.123993,180.4800415,78.8140793,0.899611354,11268,0.68595505,2
9760,399.575012,167.3652191,75.5449219,0.892333031,10012,0.61383647,2
11483,429.552002,173.8620453,85.4053192,0.871032953,11770,0.77232981,2
11034,414.501007,169.0801544,84.2316589,0.86707598,11256,0.76817042,2
13912,480.842987,206.9070435,86.2638168,0.908942878,14107,0.80625904,1
11671,459.779999,199.4032135,75.4584808,0.925633371,12110,0.64320749,1
12387,442.269989,177.719635,90.9715042,0.859055698,12754,0.58506519,2
10612,413.855988,169.8791656,80.8967743,0.879335999,10924,0.6719858,2
10586,423.746002,181.4046631,75.151207,0.910152256,10760,0.78852886,2
11443,427.230988,176.9819794,82.9175949,0.883458912,11618,0.62897819,2
13193,469.415008,201.6045685,83.7297363,0.909676909,13535,0.73592907,1
9273,406.402008,173.414093,68.802536,0.917925477,9445,0.53009778,2
10737,412.306,165.5516205,83.9219284,0.861991346,11017,0.61410433,2
11322,415.601013,164.598053,88.8700333,0.841715336,11619,0.75404596,2
10211,392.352997,163.1970825,80.244873,0.870761693,10348,0.7534681,2
10427,398.691986,161.2167969,83.809555,0.854253769,10639,0.62843537,2
14332,497.140991,206.546814,90.7594452,0.898284912,14830,0.56657177,1
11366,423.11499,171.9066467,85.5792999,0.86727792,11599,0.611404,2
14131,490.700989,206.9266663,88.28405,0.904419601,14519,0.75293052,1
15568,519.455994,222.2280884,90.8175278,0.91268307,15984,0.78270489,1
8702,381.205994,160.7188263,69.733345,0.900968671,8924,0.641173,2
11774,433.729004,180.2784882,84.2235107,0.884159267,12036,0.79769647,2
15172,504.157989,213.2246704,91.6670608,0.902872503,15477,0.62244105,1
12518,460.854004,188.4377441,86.614296,0.888103247,12903,0.73256087,2
14560,487.128998,200.7395172,93.2265854,0.885617316,14867,0.67345053,1
14625,497.252014,212.7985077,88.3636932,0.909709215,14924,0.54894525,1
13279,474.235992,200.5447083,85.0081406,0.905715466,13757,0.72849464,1
12939,469.480988,202.0433197,83.0989914,0.911503255,13165,0.65770346,1
11599,432.316986,180.8818512,82.3210602,0.890435457,11788,0.61500531,2
10712,417.251007,174.8987122,79.0819626,0.891937554,10940,0.58382386,2
12547,434.937012,174.3794098,92.4540176,0.847879589,12856,0.77931678,2
17048,525.538025,219.4885864,99.7342987,0.890800834,17318,0.69233268,1
15216,500.368012,208.2284241,94.3025818,0.891571224,15558,0.57304257,1
14870,506.561005,214.9312286,89.4002533,0.909388304,15202,0.57972711,1
11169,431.800995,188.453949,75.714241,0.915742695,11332,0.53865445,2
12975,463.851013,196.4239655,85.0641174,0.901363254,13358,0.60912633,1
11912,439.635986,179.9776001,85.3026962,0.880544841,12222,0.60396492,2
11549,440.247986,179.1168823,84.4958038,0.881740093,11961,0.59540135,1
13295,475.743012,199.2407379,86.0837784,0.901845276,13639,0.6159941,1
13824,491.619995,206.3890228,86.8548813,0.907139122,14268,0.63386673,1
11962,429.181,175.8878479,87.968544,0.865944564,12152,0.78568143,2
13258,476.091003,195.3047791,88.2648239,0.892051518,13583,0.57543403,2
11050,416.419006,168.3176422,85.2559814,0.862229168,11323,0.6917491,2
15341,504.463013,210.8721924,93.9865799,0.895180404,15628,0.76897246,1
9762,397.248993,161.8663025,78.2955017,0.875231206,10126,0.74861962,2
10604,409.19101,169.1711578,80.4268112,0.879760683,10780,0.78431952,2
11774,447.933014,186.0179291,81.6740036,0.898455203,12103,0.56002665,1
13620,479.877014,203.39711,86.3757324,0.905350327,13987,0.63576531,1
14035,480.628998,199.1483917,91.4108963,0.888431609,14422,0.71629071,1
14712,503.710998,217.609726,87.2852325,0.916030288,15109,0.80314446,1
14493,487.335998,205.8022919,90.5387955,0.898031592,14835,0.7557885,1
14601,476.226013,192.6065369,97.9321365,0.861087382,14815,0.62783796,1
14759,493.803986,207.7845764,91.6856537,0.897382557,15106,0.7058683,1
10561,405.739014,168.9385223,80.0907974,0.880480409,10709,0.60224682,2
11411,430.933991,184.3092499,79.2581253,0.90281558,11587,0.64787376,1
14587,491.803986,204.8346252,91.9131927,0.893672884,14926,0.60982442,1
11123,426.855988,181.0818024,79.0009842,0.899814665,11362,0.76205808,2
13372,470.403015,196.0814667,88.7110825,0.891805232,13745,0.5836243,1
14003,489.290008,208.332901,87.1922226,0.908205926,14421,0.57911497,1
11746,431.826996,174.5800629,87.3489609,0.865830421,12096,0.71884942,2
11589,449.360992,196.646698,75.979599,0.922341287,11783,0.56292808,1
15777,515.684021,218.6982422,93.2050934,0.904637814,16111,0.56719154,1
10736,417.394989,178.9036713,76.7333832,0.903347731,10901,0.74338734,2
13998,486.376007,204.2037964,88.5128784,0.901175857,14401,0.54688233,1
12859,445.01001,184.3051758,89.4738083,0.874255776,13030,0.71044201,1
12633,452.002991,186.4344788,87.4246368,0.883235574,12863,0.5846175,2
11601,447.127991,191.3825684,78.3667068,0.912320554,11925,0.5786612,2
11883,440.541992,187.2053528,82.0198669,0.898912728,12057,0.56210977,2
11432,428.536987,172.6930084,85.3026733,0.869487166,11696,0.62286151,2
13760,474.187988,198.3915558,89.046051,0.893612206,13989,0.63375092,1
12261,438.89801,173.3647461,90.8826828,0.851577818,12499,0.77882236,2
10733,402.419006,166.234314,82.7054825,0.867450476,10876,0.7061184,2
12693,448.157989,180.0895996,91.8233185,0.860248089,13035,0.59340811,2
13627,476.989014,201.194519,86.9522552,0.901787341,13926,0.78055906,1
11549,432.622986,170.7567902,88.0495529,0.856803536,11910,0.62225217,2
12070,444.454987,183.9394684,85.0807114,0.886594594,12400,0.68192089,2
15093,509.304993,214.4281158,90.8832779,0.905736923,15497,0.5726155,1
12387,445.614014,175.6296539,91.3113022,0.854222119,12789,0.65511954,2
9520,394.890991,161.3152008,76.1637802,0.881522179,9852,0.77803206,2
12921,476.746002,206.2226257,80.4036789,0.920862377,13218,0.54692066,1
12057,448.44101,183.9449615,85.1778641,0.886326075,12295,0.7326811,2
9776,403.675995,170.8800507,73.1112747,0.903849065,9969,0.64193314,2
12767,463.842011,196.1930389,83.9735642,0.903771639,13104,0.6062203,1
11459,435.453003,175.3064423,85.2318192,0.873854458,11833,0.58389807,2
10534,423.621002,176.3437195,77.7080002,0.89767307,10826,0.80424494,2
12879,476.576996,203.1659698,81.2608337,0.916527092,13105,0.66039383,1
14697,495.882996,208.1583862,90.9668732,0.899457633,15073,0.59492391,1
10982,421.410004,177.8002625,78.9373932,0.896043301,11167,0.59407121,2
10534,409.339996,163.8759308,83.2736969,0.861268103,10899,0.72613221,2
11280,420.101013,170.6703644,85.4973679,0.865476072,11582,0.64317483,2
11128,441.433014,184.4109802,79.2536545,0.902940094,11403,0.55810219,1
10728,415.927002,169.2743378,81.9968872,0.874845326,10996,0.59310037,2
10877,424.575012,175.6068878,80.0332642,0.890106559,11152,0.6159814,2
13916,478.877991,201.639679,88.5609741,0.898387313,14221,0.60399306,1
13520,471.528992,195.3061523,89.4405594,0.888977647,13950,0.57012737,1
14176,513.148987,220.0369873,83.4308701,0.925328076,14675,0.54378766,1
11914,430.644012,172.0098724,90.0543671,0.851999938,12215,0.71632999,2
10697,407.807007,168.2178345,81.6174011,0.874409437,10824,0.60028058,2
16259,522.622009,215.5091858,97.4214554,0.891991377,16728,0.58435166,1
7551,369.063995,163.4088287,59.5324058,0.931275487,7723,0.75646162,2
11251,422.117004,171.5508423,84.839714,0.869151652,11538,0.76061386,2
11366,431.936005,179.0712585,81.9375534,0.889173865,11737,0.60634834,2
12800,471.334015,203.559433,81.3085938,0.916761875,13141,0.61162078,1
9933,397.720001,160.8506317,79.7827682,0.868319452,10161,0.70637178,2
11973,438.14801,178.0887756,87.2742462,0.871688485,12367,0.62712133,2
14586,489.544006,206.5986938,91.2604675,0.897148907,14897,0.79557109,1
11893,435.282989,176.6593475,87.1089401,0.869978368,12243,0.77232289,2
11206,427.139008,171.6759186,84.9890671,0.868861496,11588,0.60875708,2
16566,527.585999,217.094574,98.1010742,0.892077863,16987,0.75190634,1
11961,448.565002,189.1801453,81.7864532,0.901720047,12275,0.75340134,2
14364,497.119995,212.0083466,87.5347977,0.910783768,14805,0.64125001,1
12131,444.925995,183.838089,85.0592728,0.886522353,12419,0.78416288,2
17082,548.445984,230.1887207,95.7575836,0.909366429,17576,0.59246671,1
11872,429.537994,180.0838623,84.3775406,0.883439183,12041,0.64044881,2
16570,519.122986,221.0144806,96.2277908,0.900241315,16757,0.59233576,1
10389,403.035004,164.5246277,81.0102005,0.870374978,10664,0.60765046,2
14471,491.342011,200.4131622,92.8194046,0.886285007,14736,0.58596534,1
13650,475.242004,199.3260803,87.9747086,0.897329748,13859,0.57213515,1
15725,515.257996,221.6600952,91.23172,0.911371887,16027,0.60048878,1
12136,455.428986,195.5704041,80.0998688,0.912278473,12334,0.77230495,2
14124,486.591003,202.9608307,89.8758011,0.896608889,14576,0.70272154,1
13313,470.907013,198.2149353,86.2721252,0.900311887,13560,0.57696974,1
14982,505.078003,217.3649902,88.5952301,0.913166225,15325,0.55923849,1
12858,466.162994,198.5473785,83.7596283,0.906659961,13095,0.54927594,1
14723,491.054993,204.1756744,93.0654907,0.890076637,15021,0.57567936,1
11506,433.704987,183.940979,80.157753,0.900053322,11676,0.71822721,2
15778,515.27301,214.0378418,95.4976654,0.89494729,16283,0.68629837,1
10453,411.447998,175.732193,76.6185226,0.899948597,10589,0.80562621,2
12688,466.838013,193.7866669,84.3717041,0.900244594,12956,0.60189754,1
10862,421.010986,175.2200317,80.5756454,0.887994468,11066,0.61201262,2
13286,480.071014,202.5484009,85.116951,0.907417536,13633,0.55014491,1
11432,424.177002,170.6646423,86.8654251,0.860776484,11702,0.66019869,2
14819,496.622986,205.9913483,92.8265686,0.892709136,15194,0.7264216,1
11671,430.23999,177.1801453,84.8188553,0.877970159,11895,0.67462426,2
10805,410.445007,164.7044373,84.7946777,0.857292712,11050,0.58497101,2
15510,507.319,215.9548187,92.4743729,0.903678477,15862,0.59953612,1
12861,471.92099,193.2509155,86.4582214,0.89433974,13330,0.63342196,1
10187,404.967987,160.2264404,82.3290024,0.857892573,10489,0.61627346,2
11890,434.026001,178.1897736,85.3498764,0.877824187,12132,0.71592003,2
11068,419.929993,174.1300964,81.8095474,0.882763028,11242,0.60391772,1
9961,392.143005,159.5180206,80.5027237,0.863316834,10156,0.61773646,2
11249,419.002991,166.2865143,87.6298294,0.849877059,11593,0.63005489,2
12060,451.593994,187.8306885,82.8611755,0.897434235,12367,0.59750295,2
11735,453.518005,194.1048431,78.0198746,0.915662885,11956,0.71533072,1
11768,433.480011,179.8342743,83.9647446,0.884309769,11993,0.75566685,2
16405,526.570007,221.6125183,95.4367065,0.902520597,16837,0.65888828,1
13634,491.179993,209.1335297,83.7337341,0.916347444,14075,0.78791028,1
11490,445.686005,179.8617554,83.7257309,0.885047615,12020,0.56892455,2
15232,508.816986,216.7629089,90.6330872,0.908391416,15603,0.5908227,1
10369,402.983002,159.2870331,84.8905106,0.846152723,10723,0.63754302,2
16390,502.678009,207.0486603,101.5171432,0.8715505,16635,0.71450371,1
11088,418.208008,172.02742,82.9356689,0.876112163,11284,0.62499297,2
11535,420.812012,169.730423,87.8631973,0.855584443,11793,0.66019916,2
12605,447.661011,183.5011902,88.5161896,0.875965416,12859,0.59575576,1
11795,428.75,175.9600067,86.4206314,0.871081829,12016,0.73811012,2
11639,428.312012,172.3714752,87.1701736,0.862702906,11836,0.70693636,2
9711,396.468994,166.6904602,74.7441101,0.893832684,9859,0.58783293,2
11790,444.342987,184.4224854,82.447609,0.894504786,12103,0.59605664,2
10965,416.973999,174.3517456,80.7974548,0.886140645,11224,0.70108694,2
14811,512.109985,217.738327,87.4834061,0.915735245,15090,0.54916573,1
11354,426.872986,172.3962555,85.4024048,0.868673921,11703,0.72922289,2
11511,439.513,183.2423401,81.7984848,0.894835949,11736,0.57317132,2
15037,501.467011,208.9055786,92.3045654,0.897089779,15452,0.57861322,1
11065,416.084015,172.1811981,82.1848831,0.878731608,11222,0.61788028,2
12416,449.73999,190.6075592,83.519455,0.89888972,12607,0.67721176,2
11831,428.700989,167.4166412,92.2531433,0.834479332,12116,0.77326798,2
17425,541.802978,232.0575562,96.4417419,0.90955019,17758,0.70395505,1
13553,455.190002,179.3602295,97.4970169,0.839356005,13877,0.72121114,2
10382,405.213013,168.4262695,78.9587174,0.883302808,10599,0.80182266,2
10480,414.80899,177.8561249,75.2631073,0.90605104,10657,0.63033801,2
10398,405.678986,162.2271576,82.3934555,0.8614223,10658,0.64471728,2
12415,445.994995,184.3671875,87.041153,0.881540895,12719,0.65799236,2
12789,454.389008,183.6245575,89.7211304,0.872501254,13114,0.69505435,1
12600,441.234009,182.6632538,88.1608887,0.875817955,12767,0.60068649,2
11528,433.347992,182.1139526,81.4972839,0.894280374,11777,0.78539312,2
11782,436.533997,183.4502258,82.5764008,0.892963171,11985,0.61402959,2
10666,416.424011,173.8935089,78.4574356,0.892432511,10825,0.59473628,2
12770,451.73999,191.0730896,86.1590958,0.892563224,12910,0.58098269,2
11840,420.140991,166.928894,90.9812851,0.838416398,12021,0.79660904,2
13328,462.256012,187.2299805,91.6373749,0.872038364,13606,0.60983759,2
13694,464.559998,191.3311005,91.7078171,0.877643049,13918,0.70879918,1
11101,418.03299,169.8731842,84.6467133,0.867008388,11340,0.65959597,2
14855,495.898987,208.5706177,92.4272232,0.896449506,15191,0.59060907,1
9561,386.084992,159.9705353,76.7964478,0.877232254,9708,0.70095307,2
11891,446.407013,189.0554657,81.9135437,0.901260376,12125,0.55191457,2
11884,434.839996,172.1260834,89.2080917,0.855215967,12184,0.62958252,2
13568,478.311005,204.0691223,85.5091248,0.907976806,13819,0.568317,1
9585,397.720001,163.8531189,75.4080582,0.887806237,9759,0.72630143,2
12016,469.424988,196.9492493,79.8351746,0.91415751,12464,0.56296849,1
12663,468.223999,199.6974945,81.6162033,0.912669122,12979,0.62339389,1
11787,434.514008,181.2904663,83.3493347,0.88804543,11965,0.74412876,2
14588,502.569,214.8956146,88.2072983,0.911876023,14923,0.5361461,1
12308,451.609009,193.2675323,81.6598892,0.906352401,12488,0.72404259,1
11923,435.286987,174.0708008,88.945343,0.859597266,12187,0.61553949,2
11969,431.128998,177.2433167,86.8384323,0.871756673,12135,0.60279012,2
13711,483.214996,203.8807678,86.6269074,0.905244946,14097,0.56146604,1
15484,504.819,211.2880554,94.4718094,0.894472361,15795,0.67912281,1
12567,453.772003,192.2237701,83.5411758,0.900621772,12778,0.5753594,2
11521,429.234009,176.807312,84.103775,0.879618168,11732,0.59294903,2
9918,398.954987,161.4676056,79.8935318,0.869009137,10270,0.62209117,2
13921,486.388,203.1841736,88.8379593,0.899350345,14334,0.58018672,1
12627,453.519012,191.8118896,84.5408173,0.897630572,12830,0.72610694,2
11323,422.437988,169.9845581,86.2649612,0.861659348,11628,0.60312134,2
14026,494.602997,212.8145447,84.9222717,0.916931987,14267,0.54639655,1
13670,486.809998,207.7422028,84.5776978,0.913371086,13923,0.58096045,1
15929,513.940002,212.6575165,96.9979935,0.889916718,16293,0.72586012,1
14969,494.416992,207.2099152,92.9105148,0.893838823,15286,0.63970083,1
11350,445.911011,187.8549194,78.4088211,0.908727348,11771,0.67056602,2
14229,485.118988,206.5976868,88.7213287,0.903095365,14455,0.74516886,1
12675,466.101013,195.8082275,83.4039536,0.904748023,12977,0.58025086,2
13034,474.368988,203.9958496,81.980896,0.915694416,13316,0.61574072,1
12237,432.390015,169.6468048,93.4106903,0.83475697,12577,0.7045716,2
12496,449.740997,181.1239014,89.7837372,0.868491828,12870,0.68355125,2
13436,467.959015,195.0228119,89.1490402,0.889404476,13798,0.79606587,1
10475,410.993988,170.8587036,79.5501328,0.885000467,10739,0.79092419,2
12587,451.171997,185.7001343,87.7648544,0.881268501,12941,0.69803685,2
11963,448.425995,191.0770569,80.8142319,0.906157434,12205,0.75590801,1
15830,520.51001,219.4476166,92.6646042,0.906473398,16121,0.5951128,1
13012,466.118988,196.2271118,85.1197433,0.901017964,13242,0.58193201,2
14892,503.647003,213.2719574,90.4786606,0.905549407,15279,0.59392202,1
12734,462.233002,188.1563721,87.7428436,0.884611189,13069,0.58520222,2
15904,511.022003,214.3505554,96.2120972,0.893605113,16248,0.71785152,1
11982,448.864014,188.1459808,81.855217,0.9004004,12206,0.62815201,2
15290,519.317017,221.4296265,88.8773422,0.915911794,15699,0.66156107,1
11298,436.656006,183.2994232,79.5932617,0.900804281,11650,0.72581267,2
12198,432.027008,176.9954376,88.567688,0.865797043,12400,0.74949306,2
10380,399.053009,161.8736725,82.7650223,0.859405935,10606,0.68596351,2
11881,429.802002,173.5250397,88.335556,0.860727966,12215,0.64679623,2
13792,475.782013,196.7065887,90.3471069,0.888281822,14183,0.77326757,1
12337,446.220001,180.5418091,87.7929077,0.873806,12628,0.61292726,2
15560,502.966003,213.9631805,93.1208038,0.900324702,15789,0.78368169,1
9373,383.049011,159.3786163,75.7503662,0.879831553,9520,0.72389561,2
11293,424.623993,178.3634186,81.4140472,0.889748871,11473,0.74610204,2
13684,464.56601,189.5310516,92.9057388,0.871617079,13928,0.6056475,1
15813,495.268005,203.7946777,99.6876907,0.872195482,16095,0.73524898,1
13487,473.721985,197.1196594,87.7846222,0.895363212,13773,0.75140679,1
11867,431.942993,178.5909119,85.7766647,0.877105951,12126,0.64035183,2
11380,423.61499,172.1738892,85.6572952,0.867461383,11620,0.67317361,2
14865,495.071014,202.8678589,94.2719498,0.885470092,15235,0.60419458,1
12214,444.291992,180.8753967,87.6839447,0.874638677,12525,0.62584543,2
13969,486.509003,206.0285797,87.7261276,0.90481925,14277,0.65275699,1
12792,462.072998,194.4810028,84.7308884,0.900103092,13032,0.59392703,1
15198,499.626007,210.6334839,92.9459915,0.897374928,15521,0.74609721,1
13056,485.661011,205.5296478,82.6253281,0.915634513,13492,0.53642303,2
13874,486.817993,207.8072357,85.4902649,0.911458433,14116,0.56940001,1
13860,483.971008,207.7891998,85.9610672,0.910416186,14047,0.64814812,1
11100,416.356995,160.5581207,90.1011734,0.827697277,11456,0.63624901,2
14516,492.786011,209.7601318,89.5131988,0.904374003,14836,0.73357588,1
12695,447.834015,179.0823822,91.4732437,0.859706342,12947,0.60796899,2
15783,510.194,219.5517731,92.2481079,0.907447457,16024,0.7979272,1
16593,524.838013,218.1038208,97.8526001,0.893706799,16814,0.5932852,1
11493,447.153992,185.5311127,79.7523346,0.902895749,11801,0.57008928,1
12844,454.837006,191.9801788,85.4194183,0.89556098,13043,0.61788619,1
12042,433.769989,178.7764435,86.5251007,0.875076354,12257,0.78644198,2
10173,406.966003,174.5035858,74.8686523,0.903286517,10342,0.76270807,2
11314,424.084992,178.7831573,81.8367615,0.889084458,11482,0.76045167,2
10589,408.756012,167.8834076,81.0369873,0.875786841,10775,0.61793882,2
10297,426.221985,180.0431976,73.6987991,0.912382126,10621,0.56452852,2
11614,418.868012,168.9307861,88.2419968,0.852727532,11803,0.67070919,2
12223,445.438995,185.0290833,85.3715057,0.887194812,12460,0.79602736,1
10949,417.406006,168.0764465,84.6733704,0.863832653,11280,0.61963779,2
14184,479.234009,197.4643097,92.0752106,0.884633064,14537,0.60383141,1
14826,514.531982,219.3729401,86.8857574,0.918222845,15170,0.54307693,1
14025,475.957001,197.3919067,91.7545624,0.885397613,14423,0.67990112,1
13814,477.585998,198.9030762,89.6753998,0.892599881,14168,0.69097638,1
16156,495.713989,197.2743073,105.5379791,0.84486419,16434,0.70940548,1
11539,434.341003,178.9283295,83.0377808,0.885791183,11788,0.7086097,2
13264,447.947998,175.3849792,98.2975845,0.828176439,13502,0.66095275,2
14276,492.839996,208.8769531,88.1210861,0.906651497,14706,0.58245611,1
15448,521.317993,224.8905334,88.7365112,0.918863118,15847,0.70538813,1
15540,516.315979,217.3872223,92.473465,0.905012071,16084,0.63247865,1
12206,441.285004,186.7603149,83.657547,0.894063294,12404,0.59051764,2
15168,504.980011,212.8260345,91.6198196,0.902594566,15432,0.58365399,1
12822,459.681,190.302597,87.4113388,0.888266683,13167,0.6559239,2
10986,425.127014,172.678833,83.5490875,0.875155926,11450,0.7299183,2
10937,411.958008,165.007782,85.2615509,0.856159091,11135,0.62497145,2
13424,481.174988,195.9000244,89.3052368,0.890045583,13950,0.65855575,1
12397,435.949005,174.2316895,91.8964768,0.849593341,12761,0.64306462,2
15269,496.688995,210.4518127,92.709198,0.897740543,15474,0.80668849,1
13919,472.227997,194.6864014,91.6257553,0.882329345,14169,0.70138574,1
12924,474.424011,203.019928,81.8221588,0.915188849,13150,0.53573203,1
12162,454.776001,191.1208038,82.3174286,0.902490914,12493,0.7452206,1
15373,522.210999,229.4937286,86.341568,0.926527798,15757,0.67160332,1
13172,450.290008,178.6181183,95.8207169,0.843928456,13499,0.63632852,2
11358,430.791992,177.4564819,82.1193695,0.886484742,11546,0.75039643,2
12646,473.855988,204.0325165,79.8977432,0.920138478,12949,0.67603976,2
15545,516.869019,217.1186829,92.2469406,0.90525496,16019,0.65748846,1
14424,497.769989,210.743103,88.5170975,0.907513142,14920,0.55820435,1
10144,416.151001,173.6658173,75.3547058,0.900958002,10414,0.57040036,2
13560,479.199005,197.5580292,88.7722855,0.89335686,14033,0.69176614,1
12993,466.239014,199.0335236,83.4830399,0.907782078,13230,0.78664404,1
12476,452.757996,192.3231201,83.6725693,0.900400281,12654,0.80641198,2
10468,427.713989,182.20401,74.5276566,0.912519097,10672,0.53992158,2
12233,425.181,170.946106,92.0129089,0.842780828,12388,0.64275956,2
11184,419.475006,172.6215057,83.5508881,0.875061333,11347,0.60865307,2
13501,485.756012,205.7710114,84.9083939,0.910896301,13896,0.65852112,1
12357,447.390991,186.2878571,85.0143051,0.889795303,12602,0.76362628,2
11779,440.976013,191.8824768,78.7344284,0.911938787,11918,0.5837546,2
10847,417.670013,168.3577728,82.8708496,0.870464802,11152,0.6241082,2
11678,423.675995,173.4139404,86.4670715,0.86682266,11839,0.62110412,2
12239,473.514008,208.0478973,75.6064377,0.931629777,12622,0.5171991,1
10364,417.102997,171.7311554,78.3807754,0.889766753,10737,0.57120812,2
12494,437.218994,179.2800751,89.5073013,0.866452456,12729,0.70523822,2
13203,469.466003,199.3418579,85.3895721,0.903609395,13431,0.60155821,1
11999,440.669006,176.7019043,88.9408646,0.86408931,12483,0.64684635,2
13484,480.786011,204.2075958,84.9012909,0.909474492,13827,0.6585592,1
10509,405.057007,166.5041046,81.1501236,0.873192132,10722,0.67443204,2
13422,474.954987,196.4542542,88.8505936,0.891880512,13817,0.5598098,1
10128,403.725006,166.9629517,78.2474747,0.883383036,10383,0.6722421,2
13605,466.937012,191.5222321,91.732048,0.877835155,13919,0.61201078,1
12622,458.274994,189.6963348,86.5405884,0.88987422,13019,0.76441377,2
15119,508.342011,213.379303,91.2533569,0.903940618,15612,0.72377807,1
10262,412.768005,166.6488037,80.3259582,0.876167119,10554,0.57580519,2
12411,466.028015,204.5133972,78.2959824,0.923814535,12707,0.53056598,1
13825,483.200012,205.7550354,86.9825974,0.906247139,14023,0.73958164,2
12916,471.196014,201.0029144,82.6547394,0.911539912,13199,0.55703628,1
11915,433.283997,178.5229034,86.5072556,0.87475121,12101,0.6263141,2
12899,456.0,184.9993744,90.2358475,0.872976124,13167,0.6836443,2
11782,433.737,182.7408142,83.0475235,0.890769541,12083,0.75656587,2
14934,488.270996,201.0799561,95.9795837,0.878729284,15193,0.65037888,1
12503,446.311005,177.3373718,91.1587677,0.857765317,12777,0.62936676,2
14263,489.446014,205.8117828,89.5090866,0.900475144,14637,0.66317946,1
14071,479.092987,197.4049683,92.3009872,0.883955121,14398,0.59899539,1
10940,421.174011,179.4857635,78.2193451,0.900045037,11097,0.80146521,2
10588,404.324005,163.6620789,83.9691544,0.858350217,10756,0.61486644,2
14713,493.212006,206.9161224,91.648468,0.896558344,15162,0.59403264,1
13983,483.667999,201.4852142,89.0570145,0.897013724,14320,0.56749189,1
15151,496.192993,207.931488,93.9630203,0.892071545,15547,0.76139504,1
14362,479.931,202.702652,90.706749,0.894290566,14606,0.5914669,1
11497,438.910004,179.6929169,82.8430557,0.887386739,11820,0.57439047,2
12149,455.562012,191.4457245,82.05867,0.903481901,12510,0.7142269,1
11553,428.696991,170.7067413,87.529068,0.858540833,11845,0.60106134,2
13377,472.960998,199.9407806,86.682869,0.901133001,13685,0.79483068,1
13385,460.825012,192.6461487,89.7134857,0.884947598,13595,0.61275405,1
11377,429.385986,172.5396423,85.8843384,0.867311478,11746,0.73542339,2
12950,468.570007,196.6167908,84.8003159,0.902209818,13584,0.76180953,1
11084,435.144989,180.9138947,79.5682983,0.898089349,11451,0.6079421,2
11975,434.911011,176.5402832,87.2852173,0.869222581,12216,0.76031744,2
13557,483.908997,206.2037201,84.3873062,0.912425697,13845,0.55258012,1
11621,444.661987,188.6421967,79.0662918,0.907924533,11849,0.61985278,2
11856,456.421997,201.0033722,75.4210815,0.9269346,12027,0.71646118,1
14960,482.140015,199.5439758,96.2182007,0.876066387,15149,0.61186093,2
12699,458.013,192.5944977,85.2038574,0.896817684,12965,0.59065116,1
10737,414.471985,170.4575806,81.1702881,0.879342139,10986,0.61179489,2
14149,474.951996,195.3551025,93.3352661,0.878483713,14454,0.60569352,1
14573,493.779999,209.3558197,89.4375076,0.904155552,14847,0.65058035,1
13189,482.367004,203.7174377,84.4148712,0.910107434,13635,0.59635556,1
13253,473.441986,198.6106567,85.918869,0.901586175,13535,0.68997294,1
11742,437.903015,182.2570648,83.0041809,0.890274823,11974,0.58889616,2
15285,495.838989,206.3328857,94.7910309,0.888225198,15517,0.66886926,1
11255,442.618012,189.4968414,76.365181,0.915204704,11500,0.77535135,2
14421,507.804993,213.8856812,86.8762436,0.913792789,14881,0.6509434,1
10724,421.697998,168.3685303,83.7353287,0.867559373,10988,0.59445679,2
13361,456.744995,183.1962738,93.6411056,0.859490454,13610,0.68560141,2
15126,500.114014,209.1668091,93.814209,0.89377588,15496,0.70603061,1
13237,466.002991,197.9048004,85.7095718,0.90135318,13445,0.59241855,1
12292,457.286011,194.8883209,80.9909363,0.909558356,12561,0.56382734,1
11189,427.471008,176.9429932,81.4293366,0.88781476,11422,0.59911114,2
10761,429.018005,183.5671082,75.2278519,0.91217041,11031,0.57879734,1
10896,419.38501,174.1399689,80.5483627,0.886593401,11145,0.5896104,2
16011,525.06897,222.9464569,92.3824539,0.910108268,16298,0.55663329,1
12509,464.509003,201.5314941,79.6508102,0.918583214,12703,0.54481709,1
14682,505.031006,219.886322,86.0415039,0.920263171,15155,0.55291104,1
10360,427.332001,187.5741882,70.7257919,0.926190853,10525,0.54323316,2
12651,467.565002,200.0503693,81.172699,0.913979053,12991,0.59411102,1
10025,400.510986,167.5635223,77.0786514,0.887920678,10181,0.59502614,2
11623,424.359009,167.4039917,90.1330109,0.842679143,11990,0.76026946,2
12345,448.769012,180.5204926,88.8428497,0.870511413,12676,0.59499711,2
13923,488.708008,209.7374573,85.7160797,0.912676513,14165,0.53422606,1
11580,428.709015,173.4880829,86.639183,0.866374075,11921,0.74777216,2
13513,473.102997,196.2790833,89.5160294,0.889946461,13867,0.74938995,1
12041,427.290008,174.1454468,88.9172592,0.859823167,12291,0.63467216,2
13321,473.993012,199.2725677,85.928833,0.90225035,13758,0.56456876,1
13404,468.214996,191.5484161,90.5382996,0.881242037,13804,0.70651484,1
13368,487.550995,202.5396271,86.572937,0.904045105,13965,0.71824628,1
13677,494.63501,219.5995636,79.6316605,0.931936264,13936,0.53209615,1
11211,410.575989,162.8713989,88.590126,0.839132667,11408,0.64342284,2
13818,475.016998,198.4992065,89.0957031,0.893608809,14008,0.5960145,1
13680,473.085998,194.9403839,91.2250519,0.883747637,14077,0.77948719,1
14966,490.743012,207.6394196,92.1642227,0.896092832,15158,0.78884673,1
10873,416.040985,170.9129791,82.1000595,0.877070487,11085,0.6453585,2
15746,503.230988,204.8744354,99.4487076,0.874284983,16171,0.7530368,1
12974,469.27301,197.6331635,84.7321167,0.903430641,13219,0.68645501,1
9882,392.296997,161.193985,78.2104797,0.874406099,10097,0.65906364,2
11279,426.212006,168.4024658,86.9297256,0.85646677,11651,0.66090471,2
12895,461.582001,189.0320282,88.7639084,0.882894874,13267,0.76719421,2
14256,492.927002,209.8032074,87.6903686,0.90846318,14730,0.70226604,1
12262,443.166992,190.6796417,82.1251297,0.902496636,12404,0.61816901,2
10651,411.002991,167.1800995,82.5065231,0.869735122,10893,0.6750539,2
9080,396.540008,165.6870117,70.2522278,0.905659556,9387,0.5780862,2
12253,437.942993,177.7510529,89.3897552,0.86434871,12595,0.61492521,2
14944,490.044006,201.3465424,96.046318,0.878892481,15305,0.6106571,1
13589,483.884003,205.3547516,85.4103241,0.909403026,13883,0.54574299,1
10852,433.644989,177.9626312,80.4523544,0.891980231,11315,0.77608526,2
14734,507.283997,217.8244476,86.6587601,0.917455852,15039,0.68137252,1
15811,514.377991,218.731369,93.1643753,0.904755831,16135,0.81867135,1
11077,417.321991,175.9575806,80.5766296,0.888987184,11246,0.67133331,2
15026,504.471985,212.4759827,91.1334534,0.903346419,15285,0.72240382,1
15713,518.452026,218.7672577,92.4291763,0.906362891,16038,0.58351904,1
11490,424.562012,172.4064636,85.8881988,0.867077827,11733,0.61427426,2
11635,436.334015,179.3974915,84.0184021,0.883550167,11920,0.66592264,2
12008,433.234009,184.1274109,83.7060394,0.890690923,12129,0.64403325,2
11302,418.200989,167.575058,86.9564362,0.854828656,11591,0.62355864,2
14305,491.161011,207.8712921,88.6097107,0.904595017,14633,0.57952517,1
12408,454.390991,191.8965302,83.0334778,0.901538372,12664,0.58390588,2
12025,447.22699,184.9146423,84.1479721,0.890458822,12373,0.64702719,2
12972,467.380005,194.5290833,86.5066757,0.895680606,13425,0.774679,1
13927,479.355011,202.7936249,88.4832153,0.899790823,14264,0.77085292,1
15133,503.218994,216.5750275,89.4761429,0.910666823,15359,0.59261435,1
12368,449.858002,182.7323761,87.2639084,0.878604412,12722,0.60866141,2
12801,459.424011,195.0993347,84.7996063,0.900600255,13058,0.76160163,1
14947,506.651001,214.3443146,89.5269012,0.908595145,15364,0.56299674,1
10767,410.622986,166.0231781,83.886795,0.862960398,10978,0.77216005,2
13665,472.515991,199.54422,87.684639,0.898279488,13944,0.71142232,1
16603,513.52301,213.5202637,99.9615326,0.883643985,16922,0.60890454,1
9360,399.391998,171.0101776,70.2310638,0.911777914,9533,0.69230771,2
13148,481.721985,201.5188904,84.5415344,0.907745302,13572,0.62374878,1
12723,460.880005,185.7547455,89.1693497,0.877247632,13302,0.67499602,2
12503,449.598999,184.014328,88.2584992,0.877471745,12803,0.7816329,2
11568,429.548004,174.5865631,85.2039185,0.872825444,11800,0.60187304,2
15371,497.665008,212.7489319,92.4655685,0.900612533,15587,0.81207734,1
11108,416.834015,166.3365936,86.4592438,0.854297161,11420,0.68001223,2
11745,426.765991,179.015274,84.0251388,0.88299942,11904,0.68539918,2
12684,461.358002,198.2021179,81.8942795,0.910646796,12912,0.54710144,1
9216,384.34201,163.291626,72.2607956,0.896755636,9352,0.62477118,2
14723,490.709015,205.4171295,92.499733,0.892876327,15013,0.57019478,2
11303,423.954987,173.8369598,83.3764877,0.877473772,11527,0.61968201,2
12580,479.217011,208.4237518,77.7403412,0.92783463,12879,0.5730685,1
12396,443.153992,184.8018341,86.4686585,0.883781731,12546,0.5870986,2
15815,506.290008,210.5045776,96.5023575,0.888728678,16112,0.79584342,1
14880,502.881012,217.9986572,87.5546112,0.915802419,15129,0.57669949,1
14968,514.801025,220.223999,87.7353439,0.917215526,15438,0.74091673,1
14990,507.785004,213.4854584,90.1763229,0.906409383,15318,0.56591666,1
12053,440.977997,180.0957489,86.7628479,0.876303434,12351,0.59048599,2
12635,439.083008,171.228714,94.8141785,0.832697392,12929,0.63111889,2
12575,456.752991,188.6798553,85.9819717,0.890131891,12936,0.73927104,1
13334,470.523987,194.3191986,89.2918549,0.888171971,13738,0.62430942,1
14561,493.529999,208.6929626,89.7052918,0.902903438,14986,0.77205724,1
15488,507.882996,206.6395264,96.8720779,0.883305728,15968,0.60255212,1
12153,451.210998,187.7691956,83.6488342,0.89528811,12497,0.7064876,1
12434,454.893005,193.157959,82.8585968,0.903319657,12652,0.70367855,1
11307,437.880005,181.0375824,80.6636429,0.895250618,11662,0.71845216,2
11746,436.950012,185.2539063,81.1539612,0.898941457,11926,0.58948106,2
13455,467.197998,195.9285736,88.5191727,0.892122746,13723,0.75352824,1
10453,421.515991,171.9844513,78.8269958,0.888778031,10701,0.57898527,2
11501,439.537994,182.6630707,81.6210251,0.894614279,11878,0.58333331,2
10895,411.589996,167.4412231,84.2587814,0.864161789,11155,0.68625599,2
14031,494.265015,213.7095184,84.466095,0.918578804,14265,0.73886257,1
11287,419.917999,170.1075592,85.7270355,0.863728285,11557,0.66969264,2
12599,450.20401,184.9691467,87.2517242,0.881753981,12818,0.73643911,2
11285,425.755005,175.4243927,82.9513855,0.881136894,11525,0.75028259,2
12549,456.934998,193.39151,83.701355,0.901486218,12905,0.79706556,1
11601,416.645996,165.7809906,89.8961029,0.840211928,11782,0.64521688,2
17198,520.992004,209.9702148,105.6705856,0.864132345,17586,0.606161,1
12164,436.609009,180.3756561,86.5332489,0.877411187,12351,0.63719225,2
11850,434.622009,180.0014496,84.9884491,0.88151598,12073,0.79211229,2
12990,469.480011,200.5154114,83.4303513,0.909328222,13214,0.70121455,1
14461,483.56601,202.3530579,91.6520386,0.891545415,14718,0.74541235,1
15123,518.257996,226.3814392,85.8407822,0.925320268,15378,0.63691878,1
12274,453.128998,190.9840393,82.7113113,0.901355624,12466,0.56035429,2
11659,429.714996,173.3482819,87.5477829,0.863096058,11912,0.60876149,2
13537,467.587006,199.5731506,86.7298279,0.900634885,13745,0.7306239,2
14444,491.144012,203.5071869,91.6026993,0.892967999,14773,0.57794493,1
10567,398.59201,161.4571533,83.7670212,0.854884148,10720,0.64112365,2
12226,436.222992,178.544754,87.9895325,0.870134115,12400,0.6133855,2
14627,498.072998,205.7875366,92.4283142,0.893459201,15091,0.60552245,1
10516,409.557007,168.5202332,80.2409134,0.879364073,10726,0.63640767,2
10662,408.28299,162.6809845,84.3632889,0.85502845,10934,0.65314871,2
13279,483.657989,201.3382263,85.475502,0.905410647,13691,0.5763455,1
10820,424.781006,178.7657623,78.0785599,0.89957583,11081,0.71485204,2
13111,457.018005,188.3343353,90.1302338,0.878052115,13323,0.77944237,2
15071,494.13501,200.5948334,97.3932877,0.874224246,15575,0.68921208,1
14818,499.359985,208.8755035,91.9107742,0.897984743,15204,0.57541162,1
14693,484.562988,199.6199951,94.8076096,0.880017936,15034,0.60916251,1
10689,416.255005,170.6242371,80.4848556,0.881754696,10892,0.62692082,2
11415,438.929993,184.5671082,80.0994186,0.900919914,11745,0.79106027,2
13731,489.058014,212.4354553,82.9146728,0.92068553,14014,0.59172594,1
16000,515.380981,215.714325,94.9548035,0.897905767,16289,0.67365587,1
12558,453.229004,192.4563904,84.1114273,0.899441361,12747,0.78684211,2
11900,442.423004,184.0609436,83.1640472,0.892104626,12119,0.60387701,2
12220,465.686005,200.1741638,79.0418472,0.918738961,12588,0.57438308,1
10803,411.309998,165.2231293,84.7822037,0.858306348,11098,0.64307398,2
14836,495.105011,208.5952759,91.3899994,0.898915946,15164,0.60055053,1
12671,448.838013,180.4714355,90.6984406,0.86454004,12963,0.6616019,2
11122,410.987,165.0363159,87.1431427,0.849229395,11379,0.71386391,2
11606,432.313995,185.7037354,80.2800827,0.901728928,11756,0.83274734,2
13024,469.647003,193.9221497,87.5140457,0.892380178,13422,0.53956419,2
12282,430.760986,173.7422485,90.918602,0.852151036,12484,0.66439468,2
10980,428.084015,181.8733521,77.5638046,0.904500961,11174,0.58280253,2
10746,423.990997,177.9532471,78.1218796,0.898485959,10942,0.5814935,2
11742,439.756012,183.1005554,83.1566086,0.890921056,12016,0.57222223,2
12235,443.455994,187.6625366,83.7517242,0.894888878,12442,0.65832663,2
14571,489.730988,202.3937683,92.9420853,0.888325572,14884,0.58489883,1
13699,480.729004,197.9709167,89.9490738,0.890820742,14178,0.67204672,1
11756,438.774994,184.1353455,82.2666397,0.894647539,11969,0.6567598,2
11290,427.589996,180.1384125,80.4260712,0.894799471,11427,0.57251519,2
12906,449.790985,180.6758881,92.4682236,0.859110177,13278,0.63592017,2
14700,506.463989,215.4302979,87.7600784,0.913262725,15050,0.70754719,1
13919,482.348999,204.2942505,87.6540527,0.90327698,14274,0.7489776,1
14969,515.098022,222.0448456,87.4366837,0.91920495,15269,0.54621422,1
11234,425.931,176.3019867,82.101532,0.884949505,11452,0.65557891,2
12720,472.234009,201.6408539,82.2284164,0.913072884,13352,0.74507964,1
14617,495.450012,207.3158875,90.7074661,0.899202526,14950,0.63790697,1
10937,424.585998,177.1670532,79.7570038,0.892938018,11103,0.59521091,1
11387,434.792999,182.1069336,80.4681854,0.897077501,11612,0.56471932,2
11701,432.976013,184.5192261,81.0047913,0.898484826,11887,0.76010132,2
10638,407.662994,166.2076263,82.3642349,0.868579268,10912,0.64945054,2
10860,411.846008,165.193985,85.3247757,0.856279552,11212,0.75197339,2
14786,505.389008,214.2183838,89.4265671,0.908697546,15177,0.7341609,1
9908,432.769012,188.1876831,67.695343,0.933059335,10205,0.61168045,1
13584,478.057007,203.8369446,85.4274216,0.90794152,13877,0.67632562,1
14289,502.813995,216.6083832,85.5693817,0.918663085,14612,0.54100406,1
10655,417.973999,177.5075836,77.1575928,0.90058881,10822,0.73356283,2
11815,456.602997,200.1107025,75.7928162,0.925497234,12108,0.73375976,1
12911,446.753998,187.8721008,88.2001419,0.882948935,13071,0.77108216,2
10828,415.851013,167.3562775,83.5903854,0.866327941,11225,0.65370685,2
11183,414.348999,170.6493835,83.8819504,0.870851874,11321,0.61699313,2
17192,528.34198,222.9499359,99.0926743,0.895797908,17457,0.62891424,1
11835,418.713013,168.2098236,90.1586609,0.844224811,12025,0.66548586,2
12835,481.502991,212.5375366,77.4526215,0.931235254,13055,0.51194608,1
13451,485.558991,205.9496613,84.3160553,0.91235441,13862,0.59995538,1
11139,419.447998,172.1255798,83.7820663,0.873541534,11442,0.62889564,2
12378,454.062012,195.4721375,81.2899628,0.90942651,12570,0.55656475,2
14400,481.506012,193.782959,96.5161896,0.867140651,14876,0.68389058,1
11083,421.786987,171.485672,83.6747436,0.872877121,11415,0.6976583,2
11543,432.313995,174.8412628,86.6676025,0.868497789,11940,0.69119763,2
12478,439.221985,176.3439484,91.2897492,0.85557431,12754,0.63582164,2
9426,402.709992,175.9742889,68.6075363,0.920868874,9578,0.57743198,2
11201,423.281006,175.0401611,83.4368362,0.879080951,11386,0.59264553,2
11031,421.290985,172.6673584,82.5961838,0.878166914,11298,0.72879231,2
15249,506.049988,212.0909424,92.4942246,0.899895132,15582,0.78304404,1
13928,479.723999,204.4302826,87.0827026,0.904733717,14158,0.56627095,1
14842,505.726013,214.9547424,88.6609268,0.910974264,15313,0.54450071,1
11259,421.505005,172.2118378,84.22155,0.872251332,11522,0.79366982,2
15285,516.46698,216.2804413,91.3465652,0.906431735,15704,0.5878846,1
14944,512.137024,227.4162598,84.2471085,0.928851068,15147,0.81235051,1
13737,484.38501,209.5435181,84.1657486,0.915787816,13944,0.6052075,1
13636,481.256012,203.9285736,86.1801376,0.906316519,13888,0.54970574,1
11669,432.098999,175.2770538,86.8415298,0.86863476,11886,0.77980488,2
10583,401.309998,164.735611,82.4862824,0.865609765,10769,0.72347552,2
15694,506.506012,211.8349304,96.0224686,0.891363561,16010,0.57654017,1
13087,468.811005,198.2867126,84.8716736,0.90376687,13488,0.77245897,1
10384,416.042999,176.7415771,75.5928726,0.903919399,10557,0.56687409,2
14471,503.674011,207.9287262,90.1602249,0.901100039,14894,0.55495477,1
11023,416.891998,163.019165,88.5920181,0.839444518,11343,0.71070278,2
10085,412.13501,172.9621124,75.2606583,0.900368571,10351,0.69831049,2
11778,432.256988,173.4862061,87.7586517,0.862619281,12104,0.6649729,2
10066,413.28299,177.3069,73.488205,0.910063446,10262,0.54641187,2
10983,417.709992,171.8403473,82.6930084,0.876599848,11229,0.77481484,2
12016,443.222992,189.2810669,81.1222153,0.903503478,12186,0.74656725,2
12730,454.438995,186.8935852,87.8686981,0.882584572,12943,0.66614336,2
16302,526.340027,225.3229675,92.9941635,0.91086024,16669,0.60835171,1
11393,428.278992,177.3316956,82.8052292,0.884283125,11627,0.69401801,2
14750,484.152008,201.2470093,94.8591538,0.88194257,14967,0.78067112,1
10440,405.61499,165.2468414,82.0288925,0.868092656,10716,0.598418,2
14824,499.075012,212.4864197,89.8948669,0.906100869,15141,0.57919824,1
11422,429.204987,178.5589752,82.3875427,0.887190938,11668,0.68559426,2
14985,516.960999,219.5333862,88.0093918,0.91612488,15412,0.62297332,1
11550,426.843994,173.1856537,86.1721039,0.867423415,11766,0.61374146,2
13536,478.006012,203.1737823,85.9105759,0.906203032,13810,0.55280566,1
11660,433.308991,178.6385803,84.4865875,0.88109082,11974,0.61791205,2
12006,463.381012,198.9684296,77.8185196,0.920343995,12344,0.53502673,1
8499,370.446014,156.0722809,70.6303558,0.891739547,8648,0.76155913,2
16625,535.989014,229.7935944,93.0896225,0.914271951,16951,0.65414125,1
11395,421.963013,169.7467804,86.9718323,0.858769476,11586,0.62370008,2
13665,482.076996,208.964035,84.6172638,0.914344609,13998,0.60121429,1
13269,458.493988,183.4043579,93.3401413,0.860807359,13619,0.61074287,2
14824,513.21698,220.160202,86.807251,0.918985546,15150,0.56836134,1
11874,433.843994,176.6112518,87.0494919,0.870092988,12138,0.73441368,1
11930,434.806,175.3011932,87.9839096,0.864924848,12260,0.64382082,2
11144,410.343994,164.0940704,87.663681,0.845340252,11378,0.63383007,2
14242,495.739014,210.6809235,87.4284897,0.909830272,14549,0.64095408,1
14466,497.839996,204.4095459,91.2147827,0.89491564,14885,0.656501,1
12164,435.085998,177.5858002,88.1993332,0.867946565,12354,0.71022362,2
15469,514.906982,221.0183411,89.7670136,0.913805604,15860,0.54178339,1
10367,412.005005,173.7205048,76.7886429,0.897003174,10591,0.61973935,2
8848,369.778015,150.2787628,76.5094452,0.860697448,9009,0.63581491,2
16249,512.791992,215.7268524,96.965683,0.893288553,16493,0.73718357,1
12101,435.928986,178.3973236,86.9837646,0.873075843,12302,0.74057525,2
11264,423.390991,172.1395111,84.221611,0.872135878,11476,0.73242736,2
14379,495.151001,212.0209656,87.8146668,0.910195351,14834,0.7907936,1
12191,441.687988,180.116272,87.874939,0.872911274,12481,0.60113412,2
14619,493.523987,209.5328827,89.8080139,0.903489351,14973,0.61231416,1
10997,421.484985,171.5614166,82.5930557,0.876490176,11249,0.6103341,2
10083,402.932007,169.0268097,76.9822998,0.890264273,10283,0.64461064,2
12840,454.404999,184.8151855,89.9216232,0.873653352,13185,0.72665536,2
12659,453.768005,188.0402985,86.7074966,0.887342334,12887,0.66434008,2
13923,462.700012,189.5257111,94.5252151,0.866748095,14186,0.72994655,2
10962,415.0,170.0981445,82.8856659,0.873245001,11152,0.62037349,2
15375,494.31601,204.4707336,96.9816055,0.880360305,15631,0.73918271,1
10481,413.721985,174.1646271,77.6602936,0.895081937,10648,0.80647892,2
15336,508.785004,219.2622986,89.7419662,0.91240412,15599,0.58000833,1
12597,451.542999,189.6053619,85.2310257,0.893271267,12858,0.6815452,1
12879,469.132996,200.7955017,82.0430908,0.912717879,13132,0.7691251,1
13644,473.178009,200.2905121,87.8436737,0.898691535,13859,0.67678571,1
11048,424.274994,169.5191193,84.7781448,0.865962088,11419,0.69162387,2
14547,491.044006,206.657074,90.1751404,0.89977622,14780,0.59322244,1
13816,484.276001,199.0134888,89.8662491,0.892241478,14356,0.64245522,1
14927,502.018005,212.0285492,90.8161392,0.903626978,15392,0.59498566,1
11396,431.296997,177.6383972,82.8576355,0.884552896,11612,0.75320554,2
12955,451.803009,191.7145691,86.6250992,0.892096937,13143,0.60244608,2
14814,503.14801,217.2567749,88.1782684,0.913930297,15110,0.54511332,1
10787,401.255005,160.0178833,86.6378021,0.840748608,11010,0.65834606,2
11281,407.101013,160.91008,90.4405212,0.827098966,11483,0.67001247,2
11370,444.687988,188.1779633,77.824913,0.910471976,11676,0.58850932,2
14945,493.108002,202.0469818,95.0794144,0.882356942,15357,0.73999804,1
11271,404.463989,158.9888306,91.3405838,0.818497956,11462,0.67009515,2
10608,404.692993,161.5894012,85.3547897,0.849107444,10895,0.70847523,2
12279,455.415008,191.6533356,82.4757004,0.90266788,12549,0.59204435,2
11353,418.756012,169.480072,86.2026825,0.8609851,11510,0.62296969,2
11622,419.56601,167.3070679,89.6801834,0.844204366,11854,0.63111591,2
14272,487.703003,207.7987366,88.0671616,0.905751169,14510,0.58300656,1
13682,488.899994,199.5596924,89.442215,0.893934369,14457,0.59966689,1
14415,488.122009,203.5928497,91.034729,0.89446342,14758,0.67410213,1
13799,454.740997,184.8682709,95.9158554,0.854875267,13965,0.62180066,2
13689,483.654999,202.7220001,86.9403152,0.903368711,14183,0.77646059,1
13273,463.333008,197.4527893,85.997467,0.900172114,13462,0.58582336,1
12991,472.82901,196.8968353,85.49543,0.900809586,13380,0.73645127,1
11739,434.628998,179.1478271,84.4587097,0.88189441,12032,0.77587575,2
12737,445.153992,178.9357452,91.9339752,0.857920706,12942,0.61854118,2
16067,526.424988,228.9422607,90.146225,0.919217169,16370,0.55585539,1
12349,467.665008,202.6878052,78.6749802,0.921592653,12572,0.54816228,1
10000,415.273987,180.1518707,71.0128403,0.919031918,10176,0.54282922,2
10962,418.661011,171.6389008,82.7992706,0.875948906,11258,0.7164706,2
14252,493.114014,202.6546021,91.3096542,0.892742157,14627,0.56376582,1
14558,496.304993,204.3606262,91.956604,0.893042564,14908,0.56947267,1
15385,505.578003,211.7301178,94.1232529,0.895757258,15726,0.58790934,1
13029,460.416992,184.9478912,91.3319626,0.869561076,13410,0.76157355,2
12067,438.881988,177.9776459,87.7378006,0.870045781,12423,0.66731185,2
17564,527.116028,221.6029358,101.6587982,0.888568997,17808,0.77116263,1
14828,493.5,209.9035645,90.6699142,0.901892841,15090,0.60651177,1
14478,469.161011,190.8477173,97.3431854,0.860140681,14686,0.76542425,1
14399,484.082001,200.1735382,92.851593,0.885910869,14849,0.60479671,1
10201,403.307007,166.2338409,78.9898376,0.879892349,10432,0.60970652,2
11819,434.033997,176.3721161,86.8189468,0.87045455,12193,0.77187824,2
10811,420.231995,174.5891571,79.9783859,0.88890332,11027,0.68380773,2
9858,388.666992,155.1244812,81.8417816,0.849500537,10101,0.65654343,2
12419,452.199005,183.3866119,87.7510681,0.878085852,12720,0.58228618,2
13335,474.377014,197.8399048,87.5825424,0.896672726,13702,0.6670168,2
13549,464.005005,189.9726563,91.6372147,0.875967264,13772,0.73933208,2
11983,430.631012,175.6786499,87.9048309,0.865810037,12248,0.62226725,2
10560,400.178986,168.2690582,80.5890656,0.877853215,10691,0.63737327,2
13039,480.110992,205.8575745,81.4362106,0.918425083,13288,0.57630938,2
9584,390.003998,162.2966309,75.9874802,0.883621871,9757,0.80945945,2
11321,424.575989,173.9976349,84.739891,0.873392224,11631,0.62189627,2
10871,416.537994,171.4437103,82.2273026,0.877478004,11156,0.60084009,2
13233,459.859009,192.5907135,88.3467178,0.888576806,13436,0.58873516,2
11734,430.279999,181.8872986,82.5550232,0.891062796,11875,0.79942769,2
14818,487.015991,197.8289795,97.386116,0.870440125,15261,0.63259906,1
11739,430.492004,170.7973633,89.4421005,0.851918876,11963,0.58258063,2
10264,410.139008,169.6039581,78.0038605,0.887961566,10572,0.59577429,2
10470,419.018005,177.0643616,75.6327896,0.90418148,10682,0.59862781,2
11874,435.936005,177.2800293,86.4896393,0.872916222,12097,0.7224825,2
12709,461.011993,190.7787476,87.412796,0.888854563,13064,0.78693497,1
13862,482.213989,199.1796265,89.9195175,0.892296731,14218,0.57590359,1
14321,490.424988,204.2803802,90.6829758,0.896069288,14622,0.57387298,1
13491,475.345001,198.6623383,87.6508331,0.89740628,13812,0.69883448,1
15074,497.178009,205.6398163,94.6222,0.887848675,15536,0.72110599,1
12019,439.725006,180.4368134,85.9294357,0.879320741,12346,0.7040183,2
9842,395.572998,159.4990082,80.370964,0.863764107,10102,0.61666668,2
10023,413.20401,173.62323,74.2406006,0.903969944,10221,0.57973278,2
12913,449.023987,178.1638031,93.1469727,0.852445245,13198,0.62562984,2
13404,476.205994,203.3115692,84.621994,0.909264743,13751,0.63465911,1
14640,501.324005,210.2915955,90.3317337,0.903040886,15119,0.58653843,1
10574,415.957001,172.7042999,78.6813965,0.890192568,10831,0.67277473,2
13753,461.130005,185.5310364,95.4274674,0.857581735,13962,0.65118372,2
16059,522.723999,217.8501434,95.1538849,0.899565458,16675,0.68845922,1
13434,455.822998,184.1703339,93.3828506,0.861918986,13686,0.63583869,1
11848,432.368988,178.3507996,86.1173096,0.875701129,12045,0.60029388,2
13507,468.239014,197.5092468,87.929596,0.895434976,13735,0.57722223,1
10826,414.222992,168.2527924,82.888588,0.87023139,11040,0.6154983,2
9801,391.964996,162.8990479,76.9716492,0.881324589,9964,0.66474497,2
13060,465.64801,192.3720093,87.5980454,0.890308678,13352,0.58054763,2
13887,483.167999,203.4208527,88.1179123,0.901307285,14240,0.6843921,1
11307,427.609985,176.0746765,82.2473984,0.884195745,11492,0.6566202,2
9424,387.973999,154.5109406,79.7123184,0.856648326,9633,0.60452884,2
11022,417.259003,168.6112518,84.6778793,0.864746988,11259,0.60727274,2
11070,419.403015,173.5750427,82.154213,0.88089776,11266,0.60058594,2
11857,433.200012,177.9076233,86.1706848,0.874870777,12171,0.71669489,2
11161,433.829987,182.0749054,78.950676,0.901097536,11490,0.61122674,1
14517,495.61499,211.8028259,88.0325012,0.909531891,14815,0.68752074,1
15115,492.015991,200.4536285,97.0486069,0.874987841,15411,0.72382915,2
10472,412.989014,168.2035522,80.1465988,0.87918222,10772,0.61942506,2
